id,pdb_id,resname,chain,resseq,UniProt ID,fda_status,target_measurements,lig_global_count,total_complex_interactions,hbonds_count,hydrophobics_count,pistacks_count,pications_count,sbridges_count,halogens_count,wbridge_count,heavy,mw,logp,hbd,hba,rotb,rings,arom,qed,fsp3,charge,plip_neg_pool_bpe,smiles,target_name,lig_name
3CAJ:EZL:A:265,3caj,EZL,A,265,P00918,4.0,897.0,17,7,3,3,0,0,0,0,1,16,268.4,1.56,4,6,3,2,0,0.621,1.0,0,6.0,N[S@@](O)(O)C1NC2C(CC(OCC)CC2)S1,Carbonic anhydrase II,
4OGJ:2TA:B:202,4ogj,2TA,B,202,O60885,4.0,558.0,6,20,3,13,0,0,1,0,3,37,544.9,3.39,7,9,10,4,0,0.222,1.0,0,29.0,C1CCCN1CCOC1CCC(N[C@H]2N[C@@H](NC3C[C@@H]([S@](O)(O)N[C@](C)(C)C)CCC3)C(C)CN2)CC1,BRD4 bromodomain,
4OGJ:2TA:A:203,4ogj,2TA,A,203,O60885,4.0,558.0,6,15,3,11,0,0,1,0,0,37,544.9,3.39,7,9,10,4,0,0.222,1.0,0,29.0,C1CCCN1CCOC1CC[C@H](N[C@@H]2NC(N[C@@H]3C[C@@H]([S@](O)(O)N[C@](C)(C)C)CCC3)C(C)CN2)CC1,BRD4 bromodomain,
4PS5:2TA:A:201,4ps5,2TA,A,201,O60885,4.0,558.0,6,14,3,10,0,0,0,0,1,37,544.9,3.39,7,9,10,4,0,0.222,1.0,0,16.0,C1CCCN1CCOC1CCC(NC2NC(NC3CC([S@@](O)(O)N[C@](C)(C)C)CCC3)C(C)CN2)CC1,BRD4 bromodomain,
4PS5:2TA:B:201,4ps5,2TA,B,201,O60885,4.0,558.0,6,12,3,8,0,0,0,0,1,37,544.9,3.39,7,9,10,4,0,0.222,1.0,0,17.0,C1CCCN1CCOC1CCC(NC2NC(NC3CC([S@@](O)(O)N[C@](C)(C)C)CCC3)C(C)CN2)CC1,BRD4 bromodomain,
4LZR:LOC:A:201,4lzr,LOC,A,201,O60885,4.0,558.0,5,11,2,5,0,0,0,0,4,29,399.4,2.87,1,6,5,3,2,0.833,0.364,0,18.0,O=C(C)N[C@@H]1c2cc(=O)c(OC)ccc2-c2c(cc(OC)c(OC)c2OC)CC1,BRD4 bromodomain,BRD4 ligand (check)
3U5K:08J:A:1,3u5k,08J,A,1,O60885,4.0,558.0,7,10,1,8,0,0,0,0,1,23,325.8,4.32,0,2,1,4,3,0.655,0.111,0,11.0,c12cc(Cl)ccc1-n1c(C)ncc1CN=C2c1ccccc1F,BRD4 bromodomain,BRD4 fragment (check)
3U5K:08J:C:3,3u5k,08J,C,3,O60885,4.0,558.0,7,9,1,7,0,0,0,0,1,23,325.8,4.32,0,2,1,4,3,0.655,0.111,0,12.0,c12cc(Cl)ccc1-n1c(C)ncc1CN=C2c1ccccc1F,BRD4 bromodomain,BRD4 fragment (check)
3U5K:08J:D:4,3u5k,08J,D,4,O60885,4.0,558.0,7,9,1,8,0,0,0,0,0,23,325.8,4.32,0,2,1,4,3,0.655,0.111,0,12.0,c12cc(Cl)ccc1-n1c(C)ncc1CN=C2c1ccccc1F,BRD4 bromodomain,BRD4 fragment (check)
3U5K:08J:B:2,3u5k,08J,B,2,O60885,4.0,558.0,7,8,1,6,0,0,0,0,1,23,325.8,4.32,0,2,1,4,3,0.655,0.111,0,12.0,c12cc(Cl)ccc1-n1c(C)ncc1CN=C2c1ccccc1F,BRD4 bromodomain,BRD4 fragment (check)
1ERR:RAL:B:600,1err,RAL,B,600,P03372,4.0,557.0,11,19,2,13,2,0,1,0,1,34,473.6,6.08,2,6,7,5,4,0.319,0.25,0,11.0,c1cc(O)cc2c1c(C(=O)c1ccc(OCCN3CCCCC3)cc1)c(-c1ccc(O)cc1)s2,Estrogen receptor alpha,Raloxifene
1ERR:RAL:A:600,1err,RAL,A,600,P03372,4.0,557.0,11,16,2,10,2,0,1,0,1,34,473.6,6.08,2,6,7,5,4,0.319,0.25,0,11.0,c1cc(O)cc2c1c(C(=O)c1ccc(OCCN3CCCCC3)cc1)c(-c1ccc(O)cc1)s2,Estrogen receptor alpha,Raloxifene
2JFA:RAL:B:600,2jfa,RAL,B,600,P03372,4.0,557.0,11,16,3,9,2,0,1,0,1,34,473.6,6.08,2,6,7,5,4,0.319,0.25,0,10.0,c1cc(O)cc2c1c(C(=O)c1ccc(OCCN3CCCCC3)cc1)c(-c1ccc(O)cc1)s2,Estrogen receptor alpha,Raloxifene
4XI3:29S:D:601,4xi3,29S,D,601,P03372,4.0,557.0,6,16,2,11,2,0,1,0,0,35,488.8,4.59,2,5,7,6,0,0.514,1.0,0,19.0,[C@H]12CCCC[C@@H]1N2CCOC1CCC(CN2C3CCC(O)CC3C(C)[C@@H]2[C@H]2CCC(O)CC2)CC1,Estrogen receptor alpha,
2JFA:RAL:A:600,2jfa,RAL,A,600,P03372,4.0,557.0,11,15,3,8,2,0,1,0,1,34,473.6,6.08,2,6,7,5,4,0.319,0.25,0,9.0,c1cc(O)cc2c1c(C(=O)c1ccc(OCCN3CCCCC3)cc1)c(-c1ccc(O)cc1)s2,Estrogen receptor alpha,Raloxifene
4XI3:29S:B:601,4xi3,29S,B,601,P03372,4.0,557.0,6,15,4,8,2,0,1,0,0,35,468.6,6.08,2,4,7,6,4,0.323,0.333,0,18.0,[C@H]12CCCC[C@H]1N2CCOc1ccc(Cn2c3ccc(O)cc3c(C)c2-c2ccc(O)cc2)cc1,Estrogen receptor alpha,
4XI3:29S:C:601,4xi3,29S,C,601,P03372,4.0,557.0,6,15,4,8,2,0,1,0,0,35,468.6,6.08,2,4,6,6,4,0.337,0.333,0,18.0,C1CCCC[C@@H]2N1[C@@H]2COc1ccc(Cn2c3ccc(O)cc3c(C)c2-c2ccc(O)cc2)cc1,Estrogen receptor alpha,
3ERD:DES:A:600,3erd,DES,A,600,P03372,4.0,557.0,10,14,3,9,1,0,0,0,1,20,268.4,4.83,2,2,4,2,2,0.78,0.222,0,5.0,CCC(c1ccc(O)cc1)=C(c1ccc(O)cc1)CC,Estrogen receptor alpha,Diethylstilbestrol
2QXS:RAL:A:600,2qxs,RAL,A,600,P03372,4.0,557.0,11,13,2,7,2,0,1,0,1,34,473.6,6.08,2,6,7,5,4,0.319,0.25,0,11.0,c1cc(O)cc2c1c(C(=O)c1ccc(OCCN3CCCCC3)cc1)c(-c1ccc(O)cc1)s2,Estrogen receptor alpha,Raloxifene
2QXS:RAL:B:600,2qxs,RAL,B,600,P03372,4.0,557.0,11,13,2,7,2,0,1,0,1,34,473.6,6.08,2,6,7,5,4,0.319,0.25,0,11.0,c1cc(O)cc2c1c(C(=O)c1ccc(OCCN3CCCCC3)cc1)c(-c1ccc(O)cc1)s2,Estrogen receptor alpha,Raloxifene
4ZN7:DES:A:601,4zn7,DES,A,601,P03372,4.0,557.0,10,13,4,7,1,0,0,0,1,20,268.4,4.83,2,2,4,2,2,0.78,0.222,0,6.0,CCC(c1ccc(O)cc1)=C(c1ccc(O)cc1)CC,Estrogen receptor alpha,Diethylstilbestrol
4ZN7:DES:B:600,4zn7,DES,B,600,P03372,4.0,557.0,10,13,3,8,1,0,0,0,1,20,268.4,4.83,2,2,4,2,2,0.78,0.222,0,6.0,CCC(c1ccc(O)cc1)=C(c1ccc(O)cc1)CC,Estrogen receptor alpha,Diethylstilbestrol
1A52:EST:A:1,1a52,EST,A,1,P03372,4.0,557.0,79,12,3,8,1,0,0,0,0,20,272.4,3.61,2,2,0,4,1,0.757,0.667,0,25.0,c1cc(O)cc2c1[C@@H]1[C@@H](CC2)[C@H]2[C@](C)(CC1)[C@@H](O)CC2,Estrogen receptor alpha,Estradiol
1G50:EST:A:600,1g50,EST,A,600,P03372,4.0,557.0,79,12,4,7,1,0,0,0,0,20,272.4,3.61,2,2,0,4,1,0.757,0.667,0,21.0,c1cc(O)cc2c1[C@@H]1[C@@H](CC2)[C@H]2[C@](C)(CC1)[C@@H](O)CC2,Estrogen receptor alpha,Estradiol
2OUZ:C3D:A:999,2ouz,C3D,A,999,P03372,4.0,557.0,7,12,2,7,1,0,1,0,1,31,413.6,5.73,1,3,6,5,3,0.56,0.357,0,18.0,[C@H]1(c2ccc(OCCN3CCCC3)cc2)[C@@H](c2ccccc2)CCc2cc(O)ccc21,Estrogen receptor alpha,
3ERD:DES:B:800,3erd,DES,B,800,P03372,4.0,557.0,10,12,4,6,1,0,0,0,1,20,268.4,4.83,2,2,4,2,2,0.78,0.222,0,6.0,CCC(c1ccc(O)cc1)=C(c1ccc(O)cc1)CC,Estrogen receptor alpha,Diethylstilbestrol
4XI3:29S:A:601,4xi3,29S,A,601,P03372,4.0,557.0,6,12,2,7,2,0,1,0,0,35,488.8,4.59,2,5,7,6,0,0.514,1.0,0,18.0,[C@@H]12CCCC[C@H]1N2CCOC1CCC(CN2C3CCC(O)CC3C(C)[C@@H]2[C@H]2CCC(O)CC2)CC1,Estrogen receptor alpha,
5GTR:EST:A:601,5gtr,EST,A,601,P03372,4.0,557.0,79,12,4,7,1,0,0,0,0,20,278.4,3.36,2,2,0,4,0,0.713,1.0,0,26.0,C1CC(O)CC2CC[C@@H]3[C@@H](C12)CC[C@@]1(C)[C@H]3CC[C@@H]1O,Estrogen receptor alpha,Estradiol
1A52:EST:B:2,1a52,EST,B,2,P03372,4.0,557.0,79,11,2,7,1,0,0,0,1,20,272.4,3.61,2,2,0,4,1,0.757,0.667,0,27.0,c1cc(O)cc2c1[C@@H]1[C@@H](CC2)[C@H]2[C@](C)(CC1)[C@@H](O)CC2,Estrogen receptor alpha,Estradiol
1ERE:EST:B:600,1ere,EST,B,600,P03372,4.0,557.0,79,11,3,6,1,0,0,0,1,20,272.4,3.61,2,2,0,4,1,0.757,0.667,0,25.0,c1cc(O)cc2c1[C@@H]1[C@@H](CC2)[C@H]2[C@](C)(CC1)[C@@H](O)CC2,Estrogen receptor alpha,Estradiol
1G50:EST:B:1600,1g50,EST,B,1600,P03372,4.0,557.0,79,11,2,8,1,0,0,0,0,20,272.4,3.61,2,2,0,4,1,0.757,0.667,0,22.0,c1cc(O)cc2c1[C@@H]1[C@@H](CC2)[C@H]2[C@](C)(CC1)[C@@H](O)CC2,Estrogen receptor alpha,Estradiol
1G50:EST:C:2600,1g50,EST,C,2600,P03372,4.0,557.0,79,11,3,7,1,0,0,0,0,20,272.4,3.61,2,2,0,4,1,0.757,0.667,0,21.0,c1cc(O)cc2c1[C@@H]1[C@@H](CC2)[C@H]2[C@](C)(CC1)[C@@H](O)CC2,Estrogen receptor alpha,Estradiol
1GWR:EST:A:600,1gwr,EST,A,600,P03372,4.0,557.0,79,10,3,5,1,0,0,0,1,20,272.4,3.61,2,2,0,4,1,0.757,0.667,0,27.0,c1cc(O)cc2c1[C@@H]1[C@@H](CC2)[C@H]2[C@](C)(CC1)[C@@H](O)CC2,Estrogen receptor alpha,Estradiol
1PCG:EST:A:1,1pcg,EST,A,1,P03372,4.0,557.0,79,10,2,7,1,0,0,0,0,20,272.4,3.61,2,2,0,4,1,0.757,0.667,0,27.0,c1cc(O)cc2c1[C@@H]1[C@@H](CC2)[C@H]2[C@](C)(CC1)[C@@H](O)CC2,Estrogen receptor alpha,Estradiol
1PCG:EST:B:2,1pcg,EST,B,2,P03372,4.0,557.0,79,10,3,6,1,0,0,0,0,20,272.4,3.61,2,2,0,4,1,0.757,0.667,0,26.0,c1cc(O)cc2c1[C@@H]1[C@@H](CC2)[C@H]2[C@](C)(CC1)[C@@H](O)CC2,Estrogen receptor alpha,Estradiol
1QKU:EST:A:600,1qku,EST,A,600,P03372,4.0,557.0,79,10,3,6,1,0,0,0,0,20,272.4,3.61,2,2,0,4,1,0.757,0.667,0,21.0,c1cc(O)cc2c1[C@@H]1[C@@H](CC2)[C@H]2[C@](C)(CC1)[C@@H](O)CC2,Estrogen receptor alpha,Estradiol
1QKU:EST:B:600,1qku,EST,B,600,P03372,4.0,557.0,79,10,2,6,1,0,0,0,1,20,272.4,3.61,2,2,0,4,1,0.757,0.667,0,22.0,c1cc(O)cc2c1[C@@H]1[C@@H](CC2)[C@H]2[C@](C)(CC1)[C@@H](O)CC2,Estrogen receptor alpha,Estradiol
1QKU:EST:C:600,1qku,EST,C,600,P03372,4.0,557.0,79,10,3,6,1,0,0,0,0,20,272.4,3.61,2,2,0,4,1,0.757,0.667,0,21.0,c1cc(O)cc2c1[C@@H]1[C@@H](CC2)[C@H]2[C@](C)(CC1)[C@@H](O)CC2,Estrogen receptor alpha,Estradiol
3L03:4OH:A:551,3l03,4OH,A,551,P03372,4.0,557.0,2,10,2,6,1,0,0,0,1,22,304.4,1.55,4,4,0,4,1,0.586,0.667,0,34.0,[C@H]12[C@H]3[C@@](C)([C@@H](O)[C@H](O)[C@@H]3O)CC[C@@H]1c1c(cc(O)cc1)CC2,Estrogen receptor alpha,
3L03:4OH:B:2,3l03,4OH,B,2,P03372,4.0,557.0,2,10,3,5,1,0,0,0,1,22,304.4,1.55,4,4,0,4,1,0.586,0.667,0,38.0,[C@H]12[C@H]3[C@@](C)([C@@H](O)[C@H](O)[C@@H]3O)CC[C@@H]1c1c(cc(O)cc1)CC2,Estrogen receptor alpha,
4PXM:EST:A:2000,4pxm,EST,A,2000,P03372,4.0,557.0,79,10,2,6,1,0,0,0,1,20,272.4,3.61,2,2,0,4,1,0.757,0.667,0,28.0,c1cc(O)cc2c1[C@@H]1[C@@H](CC2)[C@H]2[C@](C)(CC1)[C@@H](O)CC2,Estrogen receptor alpha,Estradiol
4PXM:EST:B:2000,4pxm,EST,B,2000,P03372,4.0,557.0,79,10,3,5,1,0,0,0,1,20,272.4,3.61,2,2,0,4,1,0.757,0.667,0,26.0,c1cc(O)cc2c1[C@@H]1[C@@H](CC2)[C@H]2[C@](C)(CC1)[C@@H](O)CC2,Estrogen receptor alpha,Estradiol
5GS4:EST:A:603,5gs4,EST,A,603,P03372,4.0,557.0,79,10,3,5,1,0,0,0,1,20,278.4,3.36,2,2,0,4,0,0.713,1.0,0,26.0,C1CC(O)C[C@H]2CC[C@@H]3[C@@H](C12)CC[C@@]1(C)[C@H]3CC[C@@H]1O,Estrogen receptor alpha,Estradiol
5HYR:EST:B:601,5hyr,EST,B,601,P03372,4.0,557.0,79,10,3,5,1,0,0,0,1,20,272.4,3.61,2,2,0,4,1,0.757,0.667,0,27.0,c1cc(O)cc2c1[C@@H]1[C@@H](CC2)[C@H]2[C@](C)(CC1)[C@@H](O)CC2,Estrogen receptor alpha,Estradiol
1ERE:EST:A:600,1ere,EST,A,600,P03372,4.0,557.0,79,9,2,5,1,0,0,0,1,20,272.4,3.61,2,2,0,4,1,0.757,0.667,0,27.0,c1cc(O)cc2c1[C@@H]1[C@@H](CC2)[C@H]2[C@](C)(CC1)[C@@H](O)CC2,Estrogen receptor alpha,Estradiol
1ERE:EST:C:600,1ere,EST,C,600,P03372,4.0,557.0,79,9,3,4,1,0,0,0,1,20,272.4,3.61,2,2,0,4,1,0.757,0.667,0,27.0,c1cc(O)cc2c1[C@@H]1[C@@H](CC2)[C@H]2[C@](C)(CC1)[C@@H](O)CC2,Estrogen receptor alpha,Estradiol
1ERE:EST:E:600,1ere,EST,E,600,P03372,4.0,557.0,79,9,2,5,1,0,0,0,1,20,272.4,3.61,2,2,0,4,1,0.757,0.667,0,27.0,c1cc(O)cc2c1[C@@H]1[C@@H](CC2)[C@H]2[C@](C)(CC1)[C@@H](O)CC2,Estrogen receptor alpha,Estradiol
1ERE:EST:F:600,1ere,EST,F,600,P03372,4.0,557.0,79,9,3,4,1,0,0,0,1,20,272.4,3.61,2,2,0,4,1,0.757,0.667,0,26.0,c1cc(O)cc2c1[C@@H]1[C@@H](CC2)[C@H]2[C@](C)(CC1)[C@@H](O)CC2,Estrogen receptor alpha,Estradiol
1GWR:EST:B:600,1gwr,EST,B,600,P03372,4.0,557.0,79,9,2,5,1,0,0,0,1,20,272.4,3.61,2,2,0,4,1,0.757,0.667,0,27.0,c1cc(O)cc2c1[C@@H]1[C@@H](CC2)[C@H]2[C@](C)(CC1)[C@@H](O)CC2,Estrogen receptor alpha,Estradiol
2YJA:EST:B:1550,2yja,EST,B,1550,P03372,4.0,557.0,79,9,2,5,1,0,0,0,1,20,272.4,3.61,2,2,0,4,1,0.757,0.667,0,27.0,c1cc(O)cc2c1[C@@H]1[C@@H](CC2)[C@H]2[C@](C)(CC1)[C@@H](O)CC2,Estrogen receptor alpha,Estradiol
3Q95:ESL:A:700,3q95,ESL,A,700,P03372,4.0,557.0,4,9,3,4,1,0,0,0,1,21,288.4,2.58,3,3,0,4,1,0.687,0.667,0,33.0,[C@H]12CC[C@]3(C)[C@@H](O)[C@H](O)C[C@H]3[C@@H]1CCc1cc(O)ccc12,Estrogen receptor alpha,
3Q95:ESL:B:700,3q95,ESL,B,700,P03372,4.0,557.0,4,9,3,4,1,0,0,0,1,21,288.4,2.58,3,3,0,4,1,0.687,0.667,0,33.0,[C@H]12CC[C@]3(C)[C@@H](O)[C@H](O)C[C@H]3[C@@H]1CCc1cc(O)ccc12,Estrogen receptor alpha,
3UUD:EST:A:600,3uud,EST,A,600,P03372,4.0,557.0,79,9,3,4,1,0,0,0,1,20,272.4,3.61,2,2,0,4,1,0.757,0.667,0,27.0,c1cc(O)cc2c1[C@@H]1[C@@H](CC2)[C@H]2[C@](C)(CC1)[C@@H](O)CC2,Estrogen receptor alpha,Estradiol
5DXB:EST:B:601,5dxb,EST,B,601,P03372,4.0,557.0,79,9,3,4,1,0,0,0,1,20,272.4,3.61,2,2,0,4,1,0.757,0.667,0,27.0,c1cc(O)cc2c1[C@@H]1[C@@H](CC2)[C@H]2[C@](C)(CC1)[C@@H](O)CC2,Estrogen receptor alpha,Estradiol
5DXE:EST:B:1000,5dxe,EST,B,1000,P03372,4.0,557.0,79,9,3,4,1,0,0,0,1,20,272.4,3.61,2,2,0,4,1,0.757,0.667,0,27.0,c1cc(O)cc2c1[C@@H]1[C@@H](CC2)[C@H]2[C@](C)(CC1)[C@@H](O)CC2,Estrogen receptor alpha,Estradiol
5DXG:EST:B:601,5dxg,EST,B,601,P03372,4.0,557.0,79,9,3,4,1,0,0,0,1,20,272.4,3.61,2,2,0,4,1,0.757,0.667,0,27.0,c1cc(O)cc2c1[C@@H]1[C@@H](CC2)[C@H]2[C@](C)(CC1)[C@@H](O)CC2,Estrogen receptor alpha,Estradiol
1ERE:EST:D:600,1ere,EST,D,600,P03372,4.0,557.0,79,8,2,4,1,0,0,0,1,20,272.4,3.61,2,2,0,4,1,0.757,0.667,0,28.0,c1cc(O)cc2c1[C@@H]1[C@@H](CC2)[C@H]2[C@](C)(CC1)[C@@H](O)CC2,Estrogen receptor alpha,Estradiol
1QKT:EST:A:600,1qkt,EST,A,600,P03372,4.0,557.0,79,8,2,4,1,0,0,0,1,20,272.4,3.61,2,2,0,4,1,0.757,0.667,0,23.0,c1cc(O)cc2c1[C@@H]1[C@@H](CC2)[C@H]2[C@](C)(CC1)[C@@H](O)CC2,Estrogen receptor alpha,Estradiol
3HM1:J3Z:A:2,3hm1,J3Z,A,2,P03372,4.0,557.0,6,8,1,6,1,0,0,0,0,20,270.4,3.82,1,2,0,4,1,0.778,0.611,0,21.0,[C@@H]12[C@H]([C@H]3[C@](C)(CC1)C(=O)CC3)CCc1c2ccc(O)c1,Estrogen receptor alpha,
5DXB:EST:A:1000,5dxb,EST,A,1000,P03372,4.0,557.0,79,8,2,4,1,0,0,0,1,20,272.4,3.61,2,2,0,4,1,0.757,0.667,0,28.0,c1cc(O)cc2c1[C@@H]1[C@@H](CC2)[C@H]2[C@](C)(CC1)[C@@H](O)CC2,Estrogen receptor alpha,Estradiol
5HYR:EST:A:601,5hyr,EST,A,601,P03372,4.0,557.0,79,8,1,5,1,0,0,0,1,20,278.4,3.36,2,2,0,4,0,0.713,1.0,0,28.0,C1CC(O)CC2CC[C@@H]3[C@@H](C12)CC[C@@]1(C)[C@H]3CC[C@@H]1O,Estrogen receptor alpha,Estradiol
2OCF:EST:A:596,2ocf,EST,A,596,P03372,4.0,557.0,79,7,3,3,1,0,0,0,0,20,272.4,3.61,2,2,0,4,1,0.757,0.667,0,27.0,c1cc(O)cc2c1[C@@H]1[C@@H](CC2)[C@H]2[C@](C)(CC1)[C@@H](O)CC2,Estrogen receptor alpha,Estradiol
3HM1:J3Z:B:1,3hm1,J3Z,B,1,P03372,4.0,557.0,6,7,2,4,1,0,0,0,0,20,270.4,3.82,1,2,0,4,1,0.778,0.611,0,21.0,[C@@H]12[C@H]([C@H]3[C@](C)(CC1)C(=O)CC3)CCc1c2ccc(O)c1,Estrogen receptor alpha,
3UUD:EST:B:600,3uud,EST,B,600,P03372,4.0,557.0,79,7,2,3,1,0,0,0,1,20,272.4,3.61,2,2,0,4,1,0.757,0.667,0,28.0,c1cc(O)cc2c1[C@@H]1[C@@H](CC2)[C@H]2[C@](C)(CC1)[C@@H](O)CC2,Estrogen receptor alpha,Estradiol
5DX3:EST:A:601,5dx3,EST,A,601,P03372,4.0,557.0,79,7,2,3,1,0,0,0,1,20,272.4,3.61,2,2,0,4,1,0.757,0.667,0,28.0,c1cc(O)cc2c1[C@@H]1[C@@H](CC2)[C@H]2[C@](C)(CC1)[C@@H](O)CC2,Estrogen receptor alpha,Estradiol
5DXG:EST:A:1000,5dxg,EST,A,1000,P03372,4.0,557.0,79,7,2,3,1,0,0,0,1,20,272.4,3.61,2,2,0,4,1,0.757,0.667,0,28.0,c1cc(O)cc2c1[C@@H]1[C@@H](CC2)[C@H]2[C@](C)(CC1)[C@@H](O)CC2,Estrogen receptor alpha,Estradiol
3GY3:PNT:A:246,3gy3,PNT,A,246,P00760,4.0,497.0,1,12,5,5,0,0,0,0,2,25,340.4,2.88,4,4,10,2,2,0.302,0.263,0,7.0,c1(OCCCCCOc2ccc(C(=N)N)cc2)ccc(C(N)=N)cc1,,
3TI1:B49:A:299,3ti1,B49,A,299,P24941,4.0,460.0,20,14,5,8,0,0,1,0,0,29,398.5,2.98,2,4,7,3,1,0.694,0.409,0,13.0,CC1=NC(C=C2c3c(ccc(F)c3)NC2=O)=C(C)C1C(NCCN(CC)CC)=O,CDK2,CDK2 inhibitor
1XKK:FMM:A:91,1xkk,FMM,A,91,P00533,4.0,319.0,2,13,1,8,1,0,0,2,1,40,581.1,6.14,2,8,11,5,5,0.179,0.172,0,15.0,C[S@](=O)(=O)CCNCc1ccc(-c2ccc3ncnc(Nc4ccc(OCc5cccc(F)c5)c(Cl)c4)c3c2)o1,EGFR kinase,Lapatinib
4I22:IRE:A:9001,4i22,IRE,A,9001,P00533,4.0,319.0,10,12,1,6,0,0,1,2,2,31,446.9,4.28,1,7,8,4,3,0.518,0.364,0,11.0,C1COCCN1CCCOc1c(OC)cc2c(c1)c(Nc1cc(Cl)c(F)cc1)ncn2,EGFR kinase,Gefitinib (Iressa)
4I24:1C9:B:9001,4i24,1C9,B,9001,P00533,4.0,319.0,3,11,2,5,0,0,0,2,2,28,422.0,0.36,6,7,8,3,0,0.248,1.0,0,12.0,C1(NC(CCCN)O)C(OC)CC2C(C1)C(NC1CC(Cl)C(F)CC1)NCN2,EGFR kinase,
4HJO:AQ4:A:1001,4hjo,AQ4,A,1001,P00533,4.0,319.0,6,10,1,8,0,0,0,0,1,29,393.4,3.41,1,7,10,3,3,0.418,0.273,0,8.0,C#Cc1cc(Nc2ncnc3cc(OCCOC)c(OCCOC)cc23)ccc1,EGFR kinase,
4I24:1C9:A:9001,4i24,1C9,A,9001,P00533,4.0,319.0,3,10,1,5,0,0,0,2,2,28,422.0,0.36,6,7,8,3,0,0.248,1.0,0,14.0,C1(NC(CCCN)O)C(OC)CC2C(C1)C(NC1CC(Cl)C(F)CC1)NCN2,EGFR kinase,
1M17:AQ4:A:999,1m17,AQ4,A,999,P00533,4.0,319.0,6,8,1,6,0,0,0,0,1,29,393.4,3.41,1,7,10,3,3,0.418,0.273,0,10.0,C#Cc1cc(Nc2ncnc3cc(OCCOC)c(OCCOC)cc23)ccc1,EGFR kinase,
4WKQ:IRE:A:1101,4wkq,IRE,A,1101,P00533,4.0,319.0,10,8,1,4,0,0,1,1,1,31,446.9,4.28,1,7,8,4,3,0.518,0.364,0,11.0,C1COCCN1CCCOc1c(OC)cc2c(c1)c(Nc1cc(Cl)c(F)cc1)ncn2,EGFR kinase,Gefitinib (Iressa)
4ZAU:YY3:A:1101,4zau,YY3,A,1101,P00533,4.0,319.0,7,8,3,5,0,0,0,0,0,37,523.8,0.66,5,9,11,4,0,0.251,1.0,0,24.0,CN(C)CCN(C)C1CC(OC)C(NC2NC(C3C4CCCCC4N(C)C3)CCN2)C[C@H]1NC(O)CC,EGFR kinase,
3PWW:ROC:A:1001,3pww,ROC,A,1001,P11838,4.0,317.0,26,28,7,12,1,0,2,0,6,49,670.9,3.09,5,7,12,5,3,0.198,0.5,0,40.0,C(=O)(c1nc2ccccc2cc1)N[C@H](C(=O)N[C@H]([C@H](O)CN1[C@H](C(=O)N[C@](C)(C)C)C[C@@H]2CCCC[C@@H]2C1)Cc1ccccc1)CC(=O)N,T. brucei ... (check),Ritonavir
4AFT:QMR:B:301,4aft,QMR,B,301,Q8WSF8,4.0,316.0,16,9,3,5,1,0,0,0,0,16,211.3,1.8,1,3,0,4,2,0.722,0.385,0,3.0,C1NC[C@@H]2C[C@H]1c1c2cc2c(c1)nccn2,,
5AIN:QMR:B:1207,5ain,QMR,B,1207,Q8WSF8,4.0,316.0,16,8,2,4,1,0,0,0,1,16,211.3,0.88,1,3,0,5,1,0.692,0.538,0,7.0,C1NC[C@@H]2[C@@H]3[C@H]1[C@@]31Cc3nccnc3C=C21,,
4AFT:QMR:A:301,4aft,QMR,A,301,Q8WSF8,4.0,316.0,16,7,3,3,1,0,0,0,0,16,211.3,1.8,1,3,0,4,2,0.722,0.385,0,8.0,C1NC[C@@H]2C[C@H]1c1c2cc2c(c1)nccn2,,
4AFT:QMR:C:301,4aft,QMR,C,301,Q8WSF8,4.0,316.0,16,7,3,3,1,0,0,0,0,16,211.3,1.8,1,3,0,4,2,0.722,0.385,0,13.0,C1NC[C@@H]2C[C@H]1c1c2cc2c(c1)nccn2,,
5AIN:QMR:A:1207,5ain,QMR,A,1207,Q8WSF8,4.0,316.0,16,7,2,3,1,0,0,0,1,16,211.3,0.88,1,3,0,5,1,0.692,0.538,0,7.0,C1NC[C@@H]2[C@@H]3[C@H]1[C@@]31Cc3nccnc3C=C21,,
5AIN:QMR:C:1207,5ain,QMR,C,1207,Q8WSF8,4.0,316.0,16,7,3,3,1,0,0,0,0,16,211.3,0.88,1,3,0,5,1,0.692,0.538,0,7.0,C1NC[C@@H]2[C@@H]3[C@H]1[C@@]31Cc3nccnc3C=C21,,
4AFT:QMR:D:301,4aft,QMR,D,301,Q8WSF8,4.0,316.0,16,6,2,3,1,0,0,0,0,16,211.3,1.8,1,3,0,4,2,0.722,0.385,0,8.0,C1NC[C@@H]2C[C@H]1c1c2cc2c(c1)nccn2,,
5AIN:QMR:D:1207,5ain,QMR,D,1207,Q8WSF8,4.0,316.0,16,6,1,3,1,0,0,0,1,16,217.3,-0.45,3,3,0,6,0,0.514,1.0,0,6.0,C1NC[C@@H]2[C@]34[C@H]1[C@@]31CC3NCCNC3C[C@@]241,,
3VN2:TLS:A:501,3vn2,TLS,A,501,P37231,4.0,314.0,1,21,1,17,3,0,0,0,0,39,514.6,7.26,1,3,7,6,6,0.243,0.182,0,8.0,c12cc(-c3nc4c(n3C)cccc4)cc(C)c1nc(CCC)n2Cc1ccc(-c2c(C(=O)O)cccc2)cc1,PPAR-gamma,Telmisartan
3ADX:IMN:A:2,3adx,IMN,A,2,P37231,4.0,314.0,29,14,3,7,2,0,2,0,0,25,357.8,3.93,1,3,4,3,3,0.768,0.158,0,7.0,c12ccc(OC)cc1c(CC(=O)O)c(C)n2C(c1ccc(Cl)cc1)=O,PPAR-gamma,Indomethacin
3ADS:IMN:A:2,3ads,IMN,A,2,P37231,4.0,314.0,29,13,3,6,2,0,2,0,0,25,357.8,3.93,1,3,4,3,3,0.768,0.158,0,7.0,c12ccc(OC)cc1c(CC(=O)O)c(C)n2C(c1ccc(Cl)cc1)=O,PPAR-gamma,Indomethacin
4XUM:IMN:A:501,4xum,IMN,A,501,P37231,4.0,314.0,29,12,2,6,2,0,2,0,0,25,357.8,3.93,1,3,4,3,3,0.768,0.158,0,7.0,c12ccc(OC)cc1c(CC(=O)O)c(C)n2C(c1ccc(Cl)cc1)=O,PPAR-gamma,Indomethacin
3ADS:IMN:B:3,3ads,IMN,B,3,P37231,4.0,314.0,29,10,2,7,0,0,1,0,0,25,357.8,3.93,1,3,4,3,3,0.768,0.158,0,13.0,c12ccc(OC)cc1c(CC(=O)O)c(C)n2C(c1ccc(Cl)cc1)=O,PPAR-gamma,Indomethacin
4XTA:DIF:B:501,4xta,DIF,B,501,P37231,4.0,314.0,24,8,2,5,0,0,1,0,0,19,296.2,4.36,2,2,4,2,2,0.881,0.071,0,7.0,c1c(Cl)c(Nc2c(CC(O)=O)cccc2)c(Cl)cc1,PPAR-gamma,Diclofenac
4XUM:IMN:B:501,4xum,IMN,B,501,P37231,4.0,314.0,29,7,1,5,0,0,1,0,0,25,357.8,3.93,1,3,4,3,3,0.768,0.158,0,13.0,c12ccc(OC)cc1c(CC(=O)O)c(C)n2C(c1ccc(Cl)cc1)=O,PPAR-gamma,Indomethacin
3ADS:IMN:A:1,3ads,IMN,A,1,P37231,4.0,314.0,29,6,1,4,0,0,1,0,0,25,357.8,3.93,1,3,4,3,3,0.768,0.158,0,13.0,c12ccc(OC)cc1c(CC(=O)O)c(C)n2C(c1ccc(Cl)cc1)=O,PPAR-gamma,Indomethacin
4XTA:DIF:A:501,4xta,DIF,A,501,P37231,4.0,314.0,24,6,1,5,0,0,0,0,0,19,296.2,4.36,2,2,4,2,2,0.881,0.071,0,8.0,c1c(Cl)c(Nc2c(CC(O)=O)cccc2)c(Cl)cc1,PPAR-gamma,Diclofenac
4ALI:TCL:G:1258,4ali,TCL,G,1258,Q7A6D8,4.0,303.0,109,9,2,5,1,0,0,1,0,17,289.5,5.14,1,2,2,2,2,0.829,0.0,0,6.0,c1c(Cl)ccc(Oc2c(Cl)cc(Cl)cc2)c1O,,Triclosan
4ALI:TCL:C:1258,4ali,TCL,C,1258,Q7A6D8,4.0,303.0,109,8,2,4,1,0,0,1,0,17,289.5,5.14,1,2,2,2,2,0.829,0.0,0,6.0,c1c(Cl)ccc(Oc2c(Cl)cc(Cl)cc2)c1O,,Triclosan
4ALI:TCL:E:1258,4ali,TCL,E,1258,Q7A6D8,4.0,303.0,109,8,2,4,1,0,0,1,0,17,289.5,5.14,1,2,2,2,2,0.829,0.0,0,6.0,c1c(Cl)ccc(Oc2c(Cl)cc(Cl)cc2)c1O,,Triclosan
4ALI:TCL:H:1258,4ali,TCL,H,1258,Q7A6D8,4.0,303.0,109,8,1,5,1,0,0,1,0,17,289.5,5.14,1,2,2,2,2,0.829,0.0,0,6.0,c1c(Cl)ccc(Oc2c(Cl)cc(Cl)cc2)c1O,,Triclosan
4ALL:TCL:B:1258,4all,TCL,B,1258,Q7A6D8,4.0,303.0,109,7,2,3,1,0,0,1,0,17,289.5,5.14,1,2,2,2,2,0.829,0.0,0,6.0,c1c(Cl)ccc(Oc2c(Cl)cc(Cl)cc2)c1O,,Triclosan
4ALL:TCL:D:1257,4all,TCL,D,1257,Q7A6D8,4.0,303.0,109,7,1,4,1,0,0,1,0,17,289.5,5.14,1,2,2,2,2,0.829,0.0,0,6.0,c1c(Cl)ccc(Oc2c(Cl)cc(Cl)cc2)c1O,,Triclosan
4ALI:TCL:A:1258,4ali,TCL,A,1258,Q7A6D8,4.0,303.0,109,6,1,3,1,0,0,1,0,17,289.5,5.14,1,2,2,2,2,0.829,0.0,0,6.0,c1c(Cl)ccc(Oc2c(Cl)cc(Cl)cc2)c1O,,Triclosan
4ALI:TCL:B:1257,4ali,TCL,B,1257,Q7A6D8,4.0,303.0,109,6,1,3,1,0,0,1,0,17,289.5,5.14,1,2,2,2,2,0.829,0.0,0,6.0,c1c(Cl)ccc(Oc2c(Cl)cc(Cl)cc2)c1O,,Triclosan
4ALI:TCL:D:1258,4ali,TCL,D,1258,Q7A6D8,4.0,303.0,109,6,1,3,1,0,0,1,0,17,289.5,5.14,1,2,2,2,2,0.829,0.0,0,6.0,c1c(Cl)ccc(Oc2c(Cl)cc(Cl)cc2)c1O,,Triclosan
4ALI:TCL:F:1258,4ali,TCL,F,1258,Q7A6D8,4.0,303.0,109,6,1,3,1,0,0,1,0,17,289.5,5.14,1,2,2,2,2,0.829,0.0,0,6.0,c1c(Cl)ccc(Oc2c(Cl)cc(Cl)cc2)c1O,,Triclosan
2PDL:TOL:A:600,2pdl,TOL,A,600,P15121,4.0,302.0,8,8,1,6,0,0,1,0,0,24,357.4,3.56,1,3,4,2,2,0.848,0.25,0,13.0,[C@@](F)(F)(F)c1c(OC)ccc2c1cccc2C(=S)N(C)CC(=O)O,,
3NDT:ROC:A:101,3ndt,ROC,A,101,P03366,4.0,292.0,26,21,5,12,0,0,2,0,2,49,695.0,2.44,10,11,15,5,0,0.114,1.0,0,55.0,[C@H](O)(C1NC2CCCC[C@@H]2CC1)N[C@H](C(O)N[C@H]([C@H](O)CN1[C@H](C(O)N[C@@](C)(C)C)C[C@@H]2CCCC[C@@H]2C1)CC1CCCCC1)CC(O)N,,Ritonavir
3G4L:ROF:C:903,3g4l,ROF,C,903,Q08499,4.0,291.0,8,11,1,3,0,0,0,1,6,26,403.2,5.03,1,4,7,3,2,0.705,0.294,0,15.0,O=C(c1ccc(O[C@@H](F)F)c(OC[C@@H]2CC2)c1)Nc1c(Cl)cncc1Cl,,
3IAK:EV1:A:415,3iak,EV1,A,415,Q08499,4.0,291.0,4,5,1,3,1,0,0,0,0,25,339.4,3.86,0,5,6,3,3,0.682,0.25,0,8.0,COc1c(OC)ccc(Cc2nccc3c2cc(OC)c(OC)c3)c1,,
3HEG:BAX:A:1,3heg,BAX,A,1,Q16539,4.0,270.0,10,15,4,10,0,0,0,1,0,32,464.8,5.55,3,4,5,3,3,0.461,0.095,0,15.0,c1c(NC(Nc2ccc(Oc3cc(C(NC)=O)ncc3)cc2)=O)ccc(Cl)c1[C@@](F)(F)F,p38-alpha MAPK,BIRB-796 / Doramapimod
3GCS:BAX:A:401,3gcs,BAX,A,401,Q16539,4.0,270.0,10,14,4,8,1,1,0,0,0,32,464.8,5.55,3,4,5,3,3,0.461,0.095,0,11.0,c1c(NC(Nc2ccc(Oc3cc(C(NC)=O)ncc3)cc2)=O)ccc(Cl)c1[C@@](F)(F)F,p38-alpha MAPK,BIRB-796 / Doramapimod
3HEC:STI:A:1,3hec,STI,A,1,Q16539,4.0,270.0,44,14,4,9,0,0,1,0,0,37,519.8,1.33,6,8,8,5,0,0.268,1.0,0,19.0,C1CC(C2CCNC(NC3C(C)CCC(N[C@@H]([C@H]4CCC(CN5CCN(C)CC5)CC4)O)C3)N2)CNC1,p38-alpha MAPK,Imatinib
1KVL:CLS:A:371,1kvl,CLS,A,371,P00811,4.0,269.0,2,14,8,3,1,0,1,0,1,26,410.6,-1.09,6,10,8,3,0,0.275,1.0,0,23.0,S1CC(COC(O)C)C(C(O)O)N2[C@H]1[C@H](N[C@H](O)CC1CCCS1)C2O,,
1TYR:9CR:B:130,1tyr,9CR,B,130,P02766,4.0,212.0,34,8,1,7,0,0,0,0,0,22,312.5,5.37,2,2,9,1,0,0.562,1.0,0,27.0,[C@@]1(C)(C)CCC[C@@H](C)[C@@H]1CC[C@H](CCC[C@@H](CC(O)O)C)C,,9-cis retinoic acid
1TZ8:DES:C:129,1tz8,DES,C,129,P02766,4.0,212.0,10,7,3,4,0,0,0,0,0,20,268.4,4.83,2,2,4,2,2,0.78,0.222,0,10.0,CCC(c1ccc(O)cc1)=C(c1ccc(O)cc1)CC,,Diethylstilbestrol
4IK7:IMN:A:201,4ik7,IMN,A,201,P02766,4.0,212.0,29,7,1,4,0,0,1,0,1,25,357.8,3.93,1,3,4,3,3,0.768,0.158,0,12.0,c12ccc(OC)cc1c(CC(=O)O)c(C)n2C(c1ccc(Cl)cc1)=O,,Indomethacin
4D7B:TCW:A:1126,4d7b,TCW,A,1126,P02766,4.0,212.0,6,6,2,4,0,0,0,0,0,20,289.4,0.75,5,6,3,2,0,0.491,1.0,0,21.0,OC([C@H]1C[C@H](O)C(O)C(N(O)O)C1)C1CCC(C)CC1,,
4I89:1FL:A:201,4i89,1FL,A,201,P02766,4.0,212.0,7,6,2,4,0,0,0,0,0,18,250.2,3.04,2,2,2,2,2,0.861,0.0,0,10.0,Fc1cc(F)ccc1-c1cc(C(=O)O)c(O)cc1,,
5A6I:TCW:A:1124,5a6i,TCW,A,1124,P02766,4.0,212.0,6,6,2,4,0,0,0,0,0,20,273.2,2.55,2,5,3,2,2,0.387,0.071,0,17.0,O=C(c1cc(O)c(O)c([N+]([O-])=O)c1)c1ccc(C)cc1,,
4NCT:2K2:C:501,4nct,2K2,C,501,Q13627,4.0,207.0,4,12,1,10,0,0,0,0,1,43,568.6,6.24,0,4,3,9,6,0.253,0.229,0,40.0,O=C1N=Cc2c1c1c3c4c2c2ccccc2n4[C@]2(C)[C@H](OC)[C@H](N(C)C(=O)c4ccccc4)C[C@H](n3c3ccccc13)O2,,
4NCT:2K2:B:501,4nct,2K2,B,501,Q13627,4.0,207.0,4,9,1,8,0,0,0,0,0,43,568.6,6.24,0,4,3,9,6,0.253,0.229,0,40.0,O=C1N=Cc2c1c1c3c4c2c2ccccc2n4[C@]2(C)[C@H](OC)[C@H](N(C)C(=O)c4ccccc4)C[C@H](n3c3ccccc13)O2,,
4NCT:2K2:D:501,4nct,2K2,D,501,Q13627,4.0,207.0,4,7,1,6,0,0,0,0,0,43,568.6,6.24,0,4,3,9,6,0.253,0.229,0,41.0,O=C1N=Cc2c1c1c3c4c2c2ccccc2n4[C@]2(C)[C@H](OC)[C@H](N(C)C(=O)c4ccccc4)C[C@H](n3c3ccccc13)O2,,
4NCT:2K2:A:501,4nct,2K2,A,501,Q13627,4.0,207.0,4,5,1,4,0,0,0,0,0,43,568.6,6.24,0,4,3,9,6,0.253,0.229,0,40.0,O=C1N=Cc2c1c1c3c4c2c2ccccc2n4[C@]2(C)[C@H](OC)[C@H](N(C)C(=O)c4ccccc4)C[C@H](n3c3ccccc13)O2,,
4LV9:20J:B:601,4lv9,20J,B,601,P43490,4.0,204.0,4,10,3,4,2,0,0,0,1,14,230.7,1.68,1,3,0,2,1,0.737,0.125,0,4.0,CC1=Nc2c(cc(Cl)cc2)[S@@](=O)(=O)N1,,
4LV9:20J:A:601,4lv9,20J,A,601,P43490,4.0,204.0,4,9,3,3,2,0,0,0,1,14,230.7,1.68,1,3,0,2,1,0.737,0.125,0,4.0,CC1=Nc2c(cc(Cl)cc2)[S@@](=O)(=O)N1,,
1P45:TCL:B:500,1p45,TCL,B,500,P0A5Y6,4.0,185.0,109,8,2,4,1,0,0,1,0,17,289.5,5.14,1,2,2,2,2,0.829,0.0,0,6.0,c1c(Cl)ccc(Oc2c(Cl)cc(Cl)cc2)c1O,,Triclosan
2B35:TCL:D:306,2b35,TCL,D,306,P0A5Y6,4.0,185.0,109,7,2,3,1,0,0,1,0,17,289.5,5.14,1,2,2,2,2,0.829,0.0,0,6.0,c1c(Cl)ccc(Oc2c(Cl)cc(Cl)cc2)c1O,,Triclosan
1QTI:GNT:A:600,1qti,GNT,A,600,P04058,4.0,181.0,10,14,3,7,0,0,0,0,4,21,287.4,1.85,1,4,1,4,1,0.801,0.529,0,21.0,C1=C[C@H](O)C[C@H]2[C@@]13CCN(C)Cc1ccc(OC)c(c13)O2,Acetylcholinesterase (Torpedo),Galanthamine-like
1W6R:GNT:A:1536,1w6r,GNT,A,1536,P04058,4.0,181.0,10,14,2,6,1,0,0,0,5,21,287.4,1.85,1,4,1,4,1,0.801,0.529,0,18.0,C1=C[C@H](O)C[C@H]2[C@@]13CCN(C)Cc1ccc(OC)c(c13)O2,Acetylcholinesterase (Torpedo),Galanthamine-like
1W76:GNT:A:1538,1w76,GNT,A,1538,P04058,4.0,181.0,10,14,3,5,1,0,0,0,5,21,287.4,1.85,1,4,1,4,1,0.801,0.529,0,19.0,C1=C[C@H](O)C[C@H]2[C@@]13CCN(C)Cc1ccc(OC)c(c13)O2,Acetylcholinesterase (Torpedo),Galanthamine-like
1U65:CP0:A:603,1u65,CP0,A,603,P04058,4.0,181.0,1,13,3,6,3,0,0,0,1,43,584.7,3.62,1,8,4,7,4,0.362,0.455,0,18.0,n1c2c(c(CC)c3cn4c(c13)cc1c(c4=O)=COC(=O)[C@]1(O)CC)cc(OC(=O)N1CC[C@@H](N3CCCCC3)CC1)cc2,Acetylcholinesterase (Torpedo),AChE inhibitor
1W76:GNT:B:1538,1w76,GNT,B,1538,P04058,4.0,181.0,10,13,2,4,1,0,0,0,6,21,287.4,1.85,1,4,1,4,1,0.801,0.529,0,19.0,C1=C[C@H](O)C[C@H]2[C@@]13CCN(C)Cc1ccc(OC)c(c13)O2,Acetylcholinesterase (Torpedo),Galanthamine-like
1DX6:GNT:A:602,1dx6,GNT,A,602,P04058,4.0,181.0,10,12,1,7,0,0,0,0,4,21,287.4,1.85,1,4,1,4,1,0.801,0.529,0,21.0,C1=C[C@H](O)C[C@H]2[C@@]13CCN(C)Cc1ccc(OC)c(c13)O2,Acetylcholinesterase (Torpedo),Galanthamine-like
4P7E:2HB:A:1201,4p7e,2HB,A,1201,O60674,4.0,175.0,3,12,2,7,0,0,0,0,3,30,443.7,1.75,6,8,6,5,0,0.345,1.0,0,13.0,C1(CN2CC[S@](O)(O)CC2)CCC(C2CCCC3N2NC(NC([C@H]2CC2)O)N3)CC1,,
4P7E:2HB:B:1201,4p7e,2HB,B,1201,O60674,4.0,175.0,3,7,2,4,0,0,1,0,0,30,443.7,1.75,6,8,6,5,0,0.345,1.0,0,16.0,C1(CN2CC[S@](O)(O)CC2)CCC(C2CCCC3N2NC(NC([C@H]2CC2)O)N3)CC1,,
3FUP:MI1:B:1,3fup,MI1,B,1,O60674,4.0,175.0,6,6,3,3,0,0,0,0,0,23,314.4,1.62,2,5,4,3,0,0.839,0.5,0,20.0,[C@H]1(N(C)c2c3ccnc-3[nH]cn2)CN(C(=O)CC=N)CC[C@H]1C,,
2F38:15M:A:325,2f38,15M,A,325,P42330,4.0,174.0,1,15,3,10,1,0,0,0,1,30,415.6,3.15,4,4,12,2,1,0.312,0.56,0,33.0,C(CCCC=CC[C@H]1[C@@H](O)C[C@@H](O)[C@@H]1C=C[C@H](CCc1ccccc1)O)(NCC)=O,Aldo-keto reductase 1C3,
3UG8:IMN:A:2001,3ug8,IMN,A,2001,P42330,4.0,174.0,29,14,2,6,1,0,1,0,4,25,375.9,2.31,3,5,5,3,0,0.508,1.0,0,13.0,C12C(CC(OC)CC1)C(CC(O)O)C(C)N2[C@@H](C1CCC(Cl)CC1)O,Aldo-keto reductase 1C3,Indomethacin
1S2C:FLF:A:2001,1s2c,FLF,A,2001,P42330,4.0,174.0,9,11,1,5,2,0,2,0,1,20,281.2,4.15,2,2,3,2,2,0.888,0.071,0,8.0,c1(C(O)=O)ccccc1Nc1cc([C@](F)(F)F)ccc1,Aldo-keto reductase 1C3,Flufenamic acid
3R43:ID8:A:332,3r43,ID8,A,332,P42330,4.0,174.0,6,11,1,5,2,0,2,0,1,18,241.3,3.75,2,2,3,2,2,0.86,0.133,0,4.0,OC(=O)c1ccccc1Nc1c(C)c(C)ccc1,Aldo-keto reductase 1C3,AKR1C3 inhibitor
3R6I:JMS:A:332,3r6i,JMS,A,332,P42330,4.0,174.0,6,11,2,4,2,0,2,0,1,19,296.2,4.74,2,2,3,2,2,0.859,0.071,0,6.0,OC(=O)c1ccccc1Nc1c(Cl)c(C)ccc1Cl,Aldo-keto reductase 1C3,
4YVV:GBM:A:402,4yvv,GBM,A,402,P42330,4.0,174.0,20,8,2,5,0,0,0,0,1,20,296.4,2.32,2,3,3,2,1,0.898,0.5,0,9.0,O=C(N[C@@H]1CCCCC1)N[S@@](=O)(=O)c1ccc(C)cc1,Aldo-keto reductase 1C3,
4YVV:GBM:B:402,4yvv,GBM,B,402,P42330,4.0,174.0,20,8,2,6,0,0,0,0,0,20,296.4,2.32,2,3,3,2,1,0.898,0.5,0,8.0,O=C(N[C@@H]1CCCCC1)N[S@@](=O)(=O)c1ccc(C)cc1,Aldo-keto reductase 1C3,
3UGR:IMN:A:2001,3ugr,IMN,A,2001,P42330,4.0,174.0,29,6,1,4,0,0,0,0,1,25,375.9,2.31,3,5,5,3,0,0.508,1.0,0,29.0,[C@@H]12C(CC(OC)CC1)C(C[C@@H](O)O)[C@H](C)N2[C@H](C1CCC(Cl)CC1)O,Aldo-keto reductase 1C3,Indomethacin
2BEL:CBO:A:1270,2bel,CBO,A,1270,P28845,4.0,173.0,6,14,4,10,0,0,0,0,0,41,570.8,6.83,2,5,5,5,0,0.348,0.824,0,50.0,C1C[C@H](OC(CCC(=O)O)=O)[C@@](C)(C)[C@@H]2CC[C@]3(C)[C@@H]([C@@]12C)C(=O)C=C1[C@@]3(C)CC[C@]2(C)[C@H]1C[C@](C(=O)O)(C)CC2,,
2BEL:CBO:B:1279,2bel,CBO,B,1279,P28845,4.0,173.0,6,13,4,8,0,0,0,0,1,37,512.7,6.98,1,4,2,5,0,0.404,0.844,0,50.0,C1C[C@H](OC(C)=O)[C@@](C)(C)[C@@H]2CC[C@]3(C)[C@@H]([C@@]12C)C(=O)C=C1[C@@]3(C)CC[C@]2(C)[C@H]1C[C@](C(=O)O)(C)CC2,,
2BEL:CBO:C:1273,2bel,CBO,C,1273,P28845,4.0,173.0,6,13,4,6,0,0,0,0,3,37,512.7,6.98,1,4,2,5,0,0.404,0.844,0,50.0,C1C[C@H](OC(C)=O)[C@@](C)(C)[C@@H]2CC[C@]3(C)[C@@H]([C@@]12C)C(=O)C=C1[C@@]3(C)CC[C@]2(C)[C@H]1C[C@](C(=O)O)(C)CC2,,
2BEL:CBO:D:1279,2bel,CBO,D,1279,P28845,4.0,173.0,6,12,3,7,0,0,0,0,2,37,512.7,6.98,1,4,2,5,0,0.404,0.844,0,51.0,C1C[C@H](OC(C)=O)[C@@](C)(C)[C@@H]2CC[C@]3(C)[C@@H]([C@@]12C)C(=O)C=C1[C@@]3(C)CC[C@]2(C)[C@H]1C[C@](C(=O)O)(C)CC2,,
4I41:MIX:A:500,4i41,MIX,A,500,P11309,4.0,169.0,6,14,7,7,0,0,0,0,0,32,444.5,-0.14,8,10,12,3,2,0.139,0.364,0,17.0,OCCNCCNc1ccc(NCCNCCO)c2c1C(=O)c1c(O)ccc(O)c1C2=O,,
4I41:MIX:A:501,4i41,MIX,A,501,P11309,4.0,169.0,6,10,6,4,0,0,0,0,0,32,444.5,-0.14,8,10,12,3,2,0.139,0.364,0,15.0,OCCNCCNc1ccc(NCCNCCO)c2c1C(=O)c1c(O)ccc(O)c1C2=O,,
2Y04:68H:A:601,2y04,68H,A,601,P07700,4.0,160.0,3,12,6,5,1,0,0,0,0,17,239.3,1.31,4,4,4,1,1,0.639,0.538,0,8.0,OCc1c(O)ccc([C@@H](O)CN[C@@](C)(C)C)c1,,
2Y04:68H:B:601,2y04,68H,B,601,P07700,4.0,160.0,3,12,5,6,1,0,0,0,0,17,239.3,1.31,4,4,4,1,1,0.639,0.538,0,8.0,OCc1c(O)ccc([C@@H](O)CN[C@@](C)(C)C)c1,,
2WEY:EV1:B:1771,2wey,EV1,B,1771,Q9Y233,4.0,157.0,4,6,2,3,1,0,0,0,0,25,339.4,3.86,0,5,6,3,3,0.682,0.25,0,8.0,COc1c(OC)ccc(Cc2nccc3c2cc(OC)c(OC)c3)c1,PDE10A,
5LBZ:6T3:A:302,5lbz,6T3,A,302,P16083,4.0,147.0,1,12,1,5,2,0,0,0,4,35,492.7,3.09,3,7,4,5,0,0.557,1.0,0,8.0,C12NC(NCC1)NC1CC(C(OCCN3CCCC3)CC1)COCCCCOC[C@@H]1CCC[C@@H]2C1,,
2QWX:ML1:A:233,2qwx,ML1,A,233,P16083,4.0,147.0,10,6,1,4,1,0,0,0,0,17,232.3,1.57,1,3,4,2,0,0.799,0.385,0,5.0,C(CC1=CN=C2C1C=C(OC)C=C2)NC(C)=O,,
4RZV:032:A:801,4rzv,032,A,801,P15056,4.0,141.0,5,19,6,11,2,0,0,0,0,33,489.9,4.83,1,5,7,4,2,0.565,0.174,0,11.0,c1(Cl)ccc(C2=CC3=C(C(c4c(F)ccc(N[S@](=O)(=O)CCC)c4F)=O)C=NC3=NC2)cc1,BRAF kinase,BRAF inhibitor (check)
4RZV:032:B:801,4rzv,032,B,801,P15056,4.0,141.0,5,19,7,12,0,0,0,0,0,33,489.9,4.83,1,5,7,4,2,0.565,0.174,0,17.0,c1(Cl)ccc(C2=CC3=C(C(c4c(F)ccc(N[S@](=O)(=O)CCC)c4F)=O)C=NC3=NC2)cc1,BRAF kinase,BRAF inhibitor (check)
5HIE:P06:D:801,5hie,P06,D,801,P15056,4.0,141.0,11,17,4,10,1,2,0,0,0,35,519.6,5.36,2,7,5,4,4,0.367,0.174,0,18.0,c1(N)nc(-c2c(-c3c(F)c(N[S@@](c4c(F)cccc4F)(=O)=O)ccc3)nc([C@@](C)(C)C)s2)ccn1,BRAF kinase,BRAF inhibitor (check)
4XV2:P06:B:801,4xv2,P06,B,801,P15056,4.0,141.0,11,16,4,9,0,2,0,0,1,35,519.6,5.36,2,7,5,4,4,0.367,0.174,0,20.0,c1(N)nc(-c2c(-c3c(F)c(N[S@@](c4c(F)cccc4F)(=O)=O)ccc3)nc([C@](C)(C)C)s2)ccn1,BRAF kinase,BRAF inhibitor (check)
5HIE:P06:B:801,5hie,P06,B,801,P15056,4.0,141.0,11,16,4,8,2,2,0,0,0,35,519.6,5.36,2,7,5,4,4,0.367,0.174,0,14.0,c1(N)nc(-c2c(-c3c(F)c(N[S@@](c4c(F)cccc4F)(=O)=O)ccc3)nc([C@@](C)(C)C)s2)ccn1,BRAF kinase,BRAF inhibitor (check)
4XV2:P06:A:801,4xv2,P06,A,801,P15056,4.0,141.0,11,15,4,6,0,3,0,0,2,35,519.6,5.36,2,7,5,4,4,0.367,0.174,0,17.0,c1(N)nc(-c2c(-c3c(F)c(N[S@@](c4c(F)cccc4F)(=O)=O)ccc3)nc([C@](C)(C)C)s2)ccn1,BRAF kinase,BRAF inhibitor (check)
5HIE:P06:A:801,5hie,P06,A,801,P15056,4.0,141.0,11,15,4,7,1,2,0,1,0,35,519.6,5.36,2,7,5,4,4,0.367,0.174,0,18.0,c1(N)nc(-c2c(-c3c(F)c(N[S@@](c4c(F)cccc4F)(=O)=O)ccc3)nc([C@@](C)(C)C)s2)ccn1,BRAF kinase,BRAF inhibitor (check)
5HIE:P06:C:801,5hie,P06,C,801,P15056,4.0,141.0,11,15,4,8,1,2,0,0,0,35,519.6,5.36,2,7,5,4,4,0.367,0.174,0,18.0,c1(N)nc(-c2c(-c3c(F)c(N[S@@](c4c(F)cccc4F)(=O)=O)ccc3)nc([C@@](C)(C)C)s2)ccn1,BRAF kinase,BRAF inhibitor (check)
1UWH:BAX:B:1723,1uwh,BAX,B,1723,P15056,4.0,141.0,10,14,4,8,1,0,0,1,0,32,464.8,5.55,3,4,5,3,3,0.461,0.095,0,15.0,c1c(NC(Nc2ccc(Oc3cc(C(NC)=O)ncc3)cc2)=O)ccc(Cl)c1[C@@](F)(F)F,BRAF kinase,BIRB-796 / Doramapimod
1UWH:BAX:A:1723,1uwh,BAX,A,1723,P15056,4.0,141.0,10,13,4,7,1,0,0,1,0,32,464.8,5.55,3,4,5,3,3,0.461,0.095,0,15.0,c1c(NC(Nc2ccc(Oc3cc(C(NC)=O)ncc3)cc2)=O)ccc(Cl)c1[C@@](F)(F)F,BRAF kinase,BIRB-796 / Doramapimod
5HI2:BAX:A:801,5hi2,BAX,A,801,P15056,4.0,141.0,10,13,5,7,1,0,0,0,0,32,464.8,5.55,3,4,5,3,3,0.461,0.095,0,15.0,c1c(NC(Nc2ccc(Oc3cc(C(NC)=O)ncc3)cc2)=O)ccc(Cl)c1[C@@](F)(F)F,BRAF kinase,BIRB-796 / Doramapimod
1UWJ:BAX:A:1723,1uwj,BAX,A,1723,P15056,4.0,141.0,10,12,4,6,1,0,0,1,0,32,464.8,5.55,3,4,5,3,3,0.461,0.095,0,16.0,c1c(NC(Nc2ccc(Oc3cc(C(NC)=O)ncc3)cc2)=O)ccc(Cl)c1[C@@](F)(F)F,BRAF kinase,BIRB-796 / Doramapimod
1UWJ:BAX:B:1723,1uwj,BAX,B,1723,P15056,4.0,141.0,10,12,4,6,1,0,0,1,0,32,464.8,5.55,3,4,5,3,3,0.461,0.095,0,16.0,c1c(NC(Nc2ccc(Oc3cc(C(NC)=O)ncc3)cc2)=O)ccc(Cl)c1[C@@](F)(F)F,BRAF kinase,BIRB-796 / Doramapimod
5CSW:P06:A:801,5csw,P06,A,801,P15056,4.0,141.0,11,11,5,4,0,2,0,0,0,35,519.6,5.36,2,7,5,4,4,0.367,0.174,0,19.0,c1(N)nc(-c2c(-c3c(F)c(N[S@@](c4c(F)cccc4F)(=O)=O)ccc3)nc([C@@](C)(C)C)s2)ccn1,BRAF kinase,BRAF inhibitor (check)
5CSW:P06:B:801,5csw,P06,B,801,P15056,4.0,141.0,11,11,4,4,0,2,0,0,1,35,519.6,5.36,2,7,5,4,4,0.367,0.174,0,19.0,c1(N)nc(-c2c(-c3c(F)c(N[S@@](c4c(F)cccc4F)(=O)=O)ccc3)nc([C@@](C)(C)C)s2)ccn1,BRAF kinase,BRAF inhibitor (check)
1HXB:ROC:A:100,1hxb,ROC,A,100,P04585,4.0,139.0,26,28,7,15,0,0,2,0,4,49,695.0,2.44,10,11,15,5,0,0.114,1.0,0,48.0,C(O)([C@@H]1NC2CCCCC2CC1)N[C@H](C(O)N[C@H]([C@H](O)CN1[C@H](C(O)N[C@@](C)(C)C)C[C@@H]2CCCC[C@@H]2C1)CC1CCCCC1)C[C@@H](O)N,,Ritonavir
3N3I:ROC:A:201,3n3i,ROC,A,201,P04585,4.0,139.0,26,22,7,10,0,0,2,0,3,49,670.9,3.09,5,7,12,5,3,0.198,0.5,0,45.0,C(=O)(c1nc2ccccc2cc1)N[C@H](C(=O)N[C@H]([C@H](O)CN1[C@H](C(=O)N[C@](C)(C)C)C[C@@H]2CCCC[C@@H]2C1)Cc1ccccc1)CC(=O)N,,Ritonavir
4Q5M:ROC:A:1101,4q5m,ROC,A,1101,P04585,4.0,139.0,26,15,4,9,0,0,2,0,0,49,695.0,2.44,10,11,15,5,0,0.114,1.0,0,45.0,C(O)(C1NC2CCCCC2CC1)N[C@H](C(O)N[C@H]([C@H](O)CN1[C@H](C(O)N[C@@](C)(C)C)C[C@@H]2CCCC[C@@H]2C1)CC1CCCCC1)CC(O)N,,Ritonavir
2P16:GG2:A:298,2p16,GG2,A,298,P00742,4.0,134.0,1,10,3,5,1,0,0,0,1,34,459.5,2.7,1,5,5,5,3,0.631,0.28,0,15.0,c1(OC)ccc(-n2nc(C(=O)N)c3c2C(=O)N(c2ccc(N4C(=O)CCCC4)cc2)CC3)cc1,Factor Xa,
2W26:RIV:A:1001,2w26,RIV,A,1001,P00742,4.0,134.0,1,6,2,3,1,0,0,0,0,29,435.9,2.52,1,6,5,4,2,0.779,0.316,0,18.0,C1N(c2ccc(N3C(=O)O[C@@H](CNC(c4ccc(Cl)s4)=O)C3)cc2)C(=O)COC1,Factor Xa,
3LXK:MI1:A:1125,3lxk,MI1,A,1125,P52333,4.0,121.0,6,6,2,4,0,0,0,0,0,23,312.4,1.5,1,5,3,3,0,0.927,0.5,0,22.0,[C@H]1(N(C)c2c3ccnc-3[nH]cn2)CN(C(=O)CC#N)CC[C@H]1C,,
3OEZ:STI:B:601,3oez,STI,B,601,P00523,4.0,118.0,44,15,4,9,0,1,1,0,0,37,519.8,1.33,6,8,8,5,0,0.268,1.0,0,18.0,C1CC(C2CCNC(NC3C(C)CC[C@H](NC([C@H]4CCC(CN5CCN(C)CC5)CC4)O)C3)N2)CNC1,c-Src (avian),Imatinib
2OIQ:STI:A:1001,2oiq,STI,A,1001,P00523,4.0,118.0,44,13,4,9,0,0,0,0,0,37,519.8,1.33,6,8,8,5,0,0.268,1.0,0,13.0,C1CC(C2CCNC(NC3C(C)CCC(NC(C4CCC(CN5CCN(C)CC5)CC4)O)C3)N2)CNC1,c-Src (avian),Imatinib
3OEZ:STI:A:601,3oez,STI,A,601,P00523,4.0,118.0,44,13,4,9,0,0,0,0,0,37,519.8,1.33,6,8,8,5,0,0.268,1.0,0,29.0,C1CC([C@@H]2CCNC(NC3C(C)CC[C@H](N[C@H](C4CCC(CN5CCN(C)CC5)CC4)O)C3)N2)CNC1,c-Src (avian),Imatinib
4U5J:RXT:A:601,4u5j,RXT,A,601,P00523,4.0,118.0,11,5,1,4,0,0,0,0,0,23,310.4,2.68,1,5,5,4,2,0.92,0.529,0,16.0,C1CCC[C@H]1[C@@H](CCN)n1cc(-c2ncnc3c2CC=N3)cn1,c-Src (avian),
4AN2:EUI:A:1382,4an2,EUI,A,1382,Q02750,4.0,110.0,2,10,4,4,1,0,0,1,0,30,531.3,3.78,3,4,4,4,2,0.526,0.381,0,19.0,O=C(c1ccc(F)c(F)c1Nc1ccc(I)cc1F)N1C[C@@](O)([C@@H]2CCCCN2)C1,,
4LMN:EUI:A:503,4lmn,EUI,A,503,Q02750,4.0,110.0,2,7,2,3,1,0,0,1,0,30,531.3,3.78,3,4,4,4,2,0.526,0.381,0,20.0,O=C(c1ccc(F)c(F)c1Nc1ccc(I)cc1F)N1C[C@@](O)([C@@H]2CCCCN2)C1,,
3FL9:TOP:A:200,3fl9,TOP,A,200,Q81R22,4.0,108.0,39,8,3,3,1,0,1,0,0,21,290.3,1.26,2,7,5,2,2,0.853,0.286,0,5.0,c1nc(N)nc(N)c1Cc1cc(OC)c(OC)c(OC)c1,,
3FL9:TOP:G:200,3fl9,TOP,G,200,Q81R22,4.0,108.0,39,8,3,3,1,0,1,0,0,21,290.3,1.26,2,7,5,2,2,0.853,0.286,0,7.0,c1nc(N)nc(N)c1Cc1cc(OC)c(OC)c(OC)c1,,
3JW5:TOP:B:208,3jw5,TOP,B,208,Q81R22,4.0,108.0,39,8,3,4,0,0,1,0,0,21,290.3,1.26,2,7,5,2,2,0.853,0.286,0,8.0,c1nc(N)nc(N)c1Cc1cc(OC)c(OC)c(OC)c1,,
3FL9:TOP:B:200,3fl9,TOP,B,200,Q81R22,4.0,108.0,39,7,3,3,0,0,1,0,0,21,290.3,1.26,2,7,5,2,2,0.853,0.286,0,8.0,c1nc(N)nc(N)c1Cc1cc(OC)c(OC)c(OC)c1,,
3FL9:TOP:D:200,3fl9,TOP,D,200,Q81R22,4.0,108.0,39,7,3,3,0,0,1,0,0,21,290.3,1.26,2,7,5,2,2,0.853,0.286,0,9.0,c1nc(N)nc(N)c1Cc1cc(OC)c(OC)c(OC)c1,,
3JW5:TOP:A:208,3jw5,TOP,A,208,Q81R22,4.0,108.0,39,7,3,3,0,0,1,0,0,21,290.3,1.26,2,7,5,2,2,0.853,0.286,0,8.0,c1nc(N)nc(N)c1Cc1cc(OC)c(OC)c(OC)c1,,
3LN1:CEL:A:682,3ln1,CEL,A,682,Q05769,4.0,107.0,10,14,5,8,0,0,0,1,0,26,381.4,3.51,1,3,3,3,3,0.754,0.118,0,14.0,[S@](c1ccc(-n2c(-c3ccc(C)cc3)cc([C@@](F)(F)F)n2)cc1)(N)(=O)=O,COX-2 (PTGS2),Celecoxib
3LN1:CEL:B:682,3ln1,CEL,B,682,Q05769,4.0,107.0,10,14,4,9,0,0,0,1,0,26,381.4,3.51,1,3,3,3,3,0.754,0.118,0,14.0,[S@](c1ccc(-n2c(-c3ccc(C)cc3)cc([C@@](F)(F)F)n2)cc1)(N)(=O)=O,COX-2 (PTGS2),Celecoxib
3LN1:CEL:C:682,3ln1,CEL,C,682,Q05769,4.0,107.0,10,13,4,8,0,0,0,1,0,26,381.4,3.51,1,3,3,3,3,0.754,0.118,0,15.0,[S@](c1ccc(-n2c(-c3ccc(C)cc3)cc([C@@](F)(F)F)n2)cc1)(N)(=O)=O,COX-2 (PTGS2),Celecoxib
5JW1:CEL:A:602,5jw1,CEL,A,602,Q05769,4.0,107.0,10,13,5,8,0,0,0,0,0,26,381.4,3.51,1,3,3,3,3,0.754,0.118,0,13.0,[S@@](c1ccc(-n2c(-c3ccc(C)cc3)cc([C@@](F)(F)F)n2)cc1)(N)(=O)=O,COX-2 (PTGS2),Celecoxib
3LN1:CEL:D:682,3ln1,CEL,D,682,Q05769,4.0,107.0,10,12,4,7,0,0,0,1,0,26,381.4,3.51,1,3,3,3,3,0.754,0.118,0,14.0,[S@](c1ccc(-n2c(-c3ccc(C)cc3)cc([C@@](F)(F)F)n2)cc1)(N)(=O)=O,COX-2 (PTGS2),Celecoxib
5EW8:5SF:A:803,5ew8,5SF,A,803,P11362,4.0,107.0,2,12,2,6,0,0,0,0,4,33,466.7,0.79,4,8,9,4,0,0.398,1.0,0,23.0,[C@H](C)(NCCN([C@@H]1CC(OC)CC(OC)C1)[C@@H]1CC2[C@@H](CC1)NCC([C@H]1CNN(C)C1)N2)C,FGFR1 kinase,
5JW1:CEL:B:602,5jw1,CEL,B,602,Q05769,4.0,107.0,10,12,4,7,0,0,0,1,0,26,381.4,3.51,1,3,3,3,3,0.754,0.118,0,13.0,[S@@](c1ccc(-n2c(-c3ccc(C)cc3)cc([C@@](F)(F)F)n2)cc1)(N)(=O)=O,COX-2 (PTGS2),Celecoxib
1PXX:DIF:D:3701,1pxx,DIF,D,3701,Q05769,4.0,107.0,24,11,2,9,0,0,0,0,0,19,296.2,4.36,2,2,4,2,2,0.881,0.071,0,8.0,c1c(Cl)c(Nc2c(CC(O)=O)cccc2)c(Cl)cc1,COX-2 (PTGS2),Diclofenac
4RRW:LUR:C:705,4rrw,LUR,C,705,Q05769,4.0,107.0,16,11,3,8,0,0,0,0,0,20,293.7,4.16,2,2,4,2,2,0.89,0.133,0,9.0,OC(=O)Cc1cc(C)ccc1Nc1c(Cl)cccc1F,COX-2 (PTGS2),Lumiracoxib
4RRZ:LUR:C:705,4rrz,LUR,C,705,Q05769,4.0,107.0,16,11,3,8,0,0,0,0,0,20,293.7,4.16,2,2,4,2,2,0.89,0.133,0,9.0,OC(=O)Cc1cc(C)ccc1Nc1c(Cl)cccc1F,COX-2 (PTGS2),Lumiracoxib
1PXX:DIF:A:701,1pxx,DIF,A,701,Q05769,4.0,107.0,24,10,2,8,0,0,0,0,0,19,296.2,4.36,2,2,4,2,2,0.881,0.071,0,8.0,c1c(Cl)c(Nc2c(CC(O)=O)cccc2)c(Cl)cc1,COX-2 (PTGS2),Diclofenac
1PXX:DIF:C:2701,1pxx,DIF,C,2701,Q05769,4.0,107.0,24,10,1,9,0,0,0,0,0,19,296.2,4.36,2,2,4,2,2,0.881,0.071,0,9.0,c1c(Cl)c(Nc2c(CC(O)=O)cccc2)c(Cl)cc1,COX-2 (PTGS2),Diclofenac
4M11:MXM:B:606,4m11,MXM,B,606,Q05769,4.0,107.0,6,10,2,6,0,0,0,0,2,23,367.5,0.41,7,8,3,4,0,0.218,1.0,0,38.0,CC1S[C@H](N[C@@H](O)[C@]23[C@H](O)[C@H]4CCCC[C@@H]4[SH]2(O)(O)N3C)NC1,COX-2 (PTGS2),
4OTY:LUR:B:705,4oty,LUR,B,705,Q05769,4.0,107.0,16,10,2,8,0,0,0,0,0,20,293.7,4.16,2,2,4,2,2,0.89,0.133,0,9.0,OC(=O)Cc1cc(C)ccc1Nc1c(Cl)cccc1F,COX-2 (PTGS2),Lumiracoxib
4RRW:LUR:B:705,4rrw,LUR,B,705,Q05769,4.0,107.0,16,10,2,8,0,0,0,0,0,20,293.7,4.16,2,2,4,2,2,0.89,0.133,0,9.0,OC(=O)Cc1cc(C)ccc1Nc1c(Cl)cccc1F,COX-2 (PTGS2),Lumiracoxib
4RRW:LUR:D:705,4rrw,LUR,D,705,Q05769,4.0,107.0,16,10,2,8,0,0,0,0,0,20,293.7,4.16,2,2,4,2,2,0.89,0.133,0,9.0,OC(=O)Cc1cc(C)ccc1Nc1c(Cl)cccc1F,COX-2 (PTGS2),Lumiracoxib
4RRZ:LUR:B:705,4rrz,LUR,B,705,Q05769,4.0,107.0,16,10,2,8,0,0,0,0,0,20,293.7,4.16,2,2,4,2,2,0.89,0.133,0,9.0,OC(=O)Cc1cc(C)ccc1Nc1c(Cl)cccc1F,COX-2 (PTGS2),Lumiracoxib
4RRZ:LUR:D:705,4rrz,LUR,D,705,Q05769,4.0,107.0,16,10,2,8,0,0,0,0,0,20,293.7,4.16,2,2,4,2,2,0.89,0.133,0,9.0,OC(=O)Cc1cc(C)ccc1Nc1c(Cl)cccc1F,COX-2 (PTGS2),Lumiracoxib
5EW8:5SF:B:802,5ew8,5SF,B,802,P11362,4.0,107.0,2,10,2,6,0,0,0,0,2,33,466.7,0.79,4,8,9,4,0,0.398,1.0,0,18.0,[C@@H](C)(NCCN([C@@H]1CC(OC)CC(OC)C1)[C@@H]1CC2C(CC1)NCC([C@H]1CNN(C)C1)N2)C,FGFR1 kinase,
4COX:IMN:B:701,4cox,IMN,B,701,Q05769,4.0,107.0,29,9,2,6,0,0,1,0,0,25,357.8,3.93,1,3,4,3,3,0.768,0.158,0,12.0,c12ccc(OC)cc1c(CC(=O)O)c(C)n2C(c1ccc(Cl)cc1)=O,COX-2 (PTGS2),Indomethacin
4M11:MXM:A:606,4m11,MXM,A,606,Q05769,4.0,107.0,6,9,2,5,0,0,0,0,2,23,367.5,0.41,7,8,3,4,0,0.218,1.0,0,38.0,CC1S[C@H](N[C@@H](O)[C@]23[C@H](O)[C@H]4CCCC[C@@H]4[SH]2(O)(O)N3C)NC1,COX-2 (PTGS2),
4M11:MXM:C:606,4m11,MXM,C,606,Q05769,4.0,107.0,6,9,1,7,0,0,0,0,1,23,367.5,0.41,7,8,3,4,0,0.218,1.0,0,40.0,CC1S[C@H](N[C@@H](O)[C@]23[C@H](O)[C@H]4CCCC[C@@H]4[SH]2(O)(O)N3C)NC1,COX-2 (PTGS2),
4OTY:LUR:A:705,4oty,LUR,A,705,Q05769,4.0,107.0,16,9,1,8,0,0,0,0,0,20,293.7,4.16,2,2,4,2,2,0.89,0.133,0,10.0,OC(=O)Cc1cc(C)ccc1Nc1c(Cl)cccc1F,COX-2 (PTGS2),Lumiracoxib
4RRW:LUR:A:705,4rrw,LUR,A,705,Q05769,4.0,107.0,16,9,2,7,0,0,0,0,0,20,293.7,4.16,2,2,4,2,2,0.89,0.133,0,9.0,OC(=O)Cc1cc(C)ccc1Nc1c(Cl)cccc1F,COX-2 (PTGS2),Lumiracoxib
4RRX:LUR:A:706,4rrx,LUR,A,706,Q05769,4.0,107.0,16,9,1,8,0,0,0,0,0,20,293.7,4.16,2,2,4,2,2,0.89,0.133,0,10.0,OC(=O)Cc1cc(C)ccc1Nc1c(Cl)cccc1F,COX-2 (PTGS2),Lumiracoxib
4RRZ:LUR:A:705,4rrz,LUR,A,705,Q05769,4.0,107.0,16,9,2,7,0,0,0,0,0,20,293.7,4.16,2,2,4,2,2,0.89,0.133,0,9.0,OC(=O)Cc1cc(C)ccc1Nc1c(Cl)cccc1F,COX-2 (PTGS2),Lumiracoxib
1PXX:DIF:B:1701,1pxx,DIF,B,1701,Q05769,4.0,107.0,24,8,1,7,0,0,0,0,0,19,296.2,4.36,2,2,4,2,2,0.881,0.071,0,9.0,c1c(Cl)c(Nc2c(CC(O)=O)cccc2)c(Cl)cc1,COX-2 (PTGS2),Diclofenac
4COX:IMN:A:701,4cox,IMN,A,701,Q05769,4.0,107.0,29,8,2,5,0,0,1,0,0,25,357.8,3.93,1,3,4,3,3,0.768,0.158,0,12.0,c12ccc(OC)cc1c(CC(=O)O)c(C)n2C(c1ccc(Cl)cc1)=O,COX-2 (PTGS2),Indomethacin
4COX:IMN:C:701,4cox,IMN,C,701,Q05769,4.0,107.0,29,8,2,5,0,0,1,0,0,25,357.8,3.93,1,3,4,3,3,0.768,0.158,0,13.0,c12ccc(OC)cc1c(CC(=O)O)c(C)n2C(c1ccc(Cl)cc1)=O,COX-2 (PTGS2),Indomethacin
4COX:IMN:D:701,4cox,IMN,D,701,Q05769,4.0,107.0,29,8,2,5,0,0,1,0,0,25,357.8,3.93,1,3,4,3,3,0.768,0.158,0,12.0,c12ccc(OC)cc1c(CC(=O)O)c(C)n2C(c1ccc(Cl)cc1)=O,COX-2 (PTGS2),Indomethacin
4PH9:IBP:B:601,4ph9,IBP,B,601,Q05769,4.0,107.0,8,8,1,6,0,0,1,0,0,15,206.3,3.07,1,1,4,1,1,0.822,0.462,0,5.0,C([C@@H](C)c1ccc(C[C@@H](C)C)cc1)(=O)O,COX-2 (PTGS2),
4RS0:IBP:A:706,4rs0,IBP,A,706,Q05769,4.0,107.0,8,8,1,6,0,0,1,0,0,15,206.3,3.07,1,1,4,1,1,0.822,0.462,0,5.0,C([C@@H](C)c1ccc(C[C@@H](C)C)cc1)(=O)O,COX-2 (PTGS2),
3TT0:07J:A:1,3tt0,07J,A,1,P11362,4.0,107.0,2,7,3,3,0,0,1,0,0,38,560.5,5.35,2,8,8,4,3,0.381,0.346,0,22.0,O=C(Nc1c(Cl)c(OC)cc(OC)c1Cl)N(C)c1cc(Nc2ccc(N3CCN(CC)CC3)cc2)ncn1,FGFR1 kinase,
3TT0:07J:B:1,3tt0,07J,B,1,P11362,4.0,107.0,2,7,3,3,0,0,1,0,0,38,558.5,5.11,2,8,7,5,3,0.387,0.346,0,32.0,O=C(Nc1c(Cl)c(OC)cc(OC)c1Cl)N(C)c1cc(Nc2ccc(N3C[C@H]4N([C@H]4C)CC3)cc2)ncn1,FGFR1 kinase,
4M11:MXM:D:606,4m11,MXM,D,606,Q05769,4.0,107.0,6,7,1,6,0,0,0,0,0,23,367.5,0.41,7,8,3,4,0,0.218,1.0,0,41.0,C[C@@H]1S[C@@H](NC(O)[C@]23[C@H](O)[C@H]4CCCC[C@@H]4[SH]2(O)(O)N3C)NC1,COX-2 (PTGS2),
4PH9:IBP:A:601,4ph9,IBP,A,601,Q05769,4.0,107.0,8,7,1,5,0,0,1,0,0,15,206.3,3.07,1,1,4,1,1,0.822,0.462,0,5.0,C([C@@H](C)c1ccc(C[C@@H](C)C)cc1)(=O)O,COX-2 (PTGS2),
4RRX:LUR:B:706,4rrx,LUR,B,706,Q05769,4.0,107.0,16,7,1,6,0,0,0,0,0,20,293.7,4.16,2,2,4,2,2,0.89,0.133,0,10.0,OC(=O)Cc1cc(C)ccc1Nc1c(Cl)cccc1F,COX-2 (PTGS2),Lumiracoxib
4R1V:3E8:A:1401,4r1v,3E8,A,1401,P08581,4.0,101.0,1,15,2,10,1,0,0,0,2,37,492.6,4.01,0,7,7,5,4,0.385,0.276,0,11.0,c1(-c2nn(Cc3cc(-c4ncc(OC[C@@H]5CCN(C)CC5)cn4)ccc3)c(=O)cc2)cc(C#N)ccc1,,
2WGJ:VGH:A:2346,2wgj,VGH,A,2346,P08581,4.0,101.0,9,7,2,3,1,0,0,1,0,30,450.3,5.04,2,5,5,4,3,0.533,0.333,0,16.0,Clc1ccc(F)c(Cl)c1[C@@H](C)Oc1cc(-c2cn([C@H]3CCNCC3)nc2)cnc1N,,
4BAH:MEL:B:1291,4bah,MEL,B,1291,P00734,4.0,100.0,2,15,6,7,0,0,0,0,2,31,443.6,-0.81,8,9,11,3,0,0.191,1.0,0,36.0,[C@@H]1([C@@H](NCC(O)O)C(O)N2[C@H]([C@@H](O)NC[C@H]3CC[C@H](C(N)N)CC3)CC2)CCCCC1,Thrombin,
2OZ7:CA4:A:1,2oz7,CA4,A,1,P10275,4.0,98.0,1,14,3,10,0,0,0,0,1,29,419.0,4.83,0,4,2,5,0,0.602,0.792,0,40.0,C1C2=C(Cl)C[C@H]3[C@H]4[C@](C)(CC[C@@H]3[C@@]2(C)[C@H]2C[C@H]2C1=O)[C@](C(C)=O)(OC(C)=O)CC4,Androgen receptor,
2Q7K:TES:A:304,2q7k,TES,A,304,P10275,4.0,98.0,29,13,4,8,0,0,0,0,1,21,288.4,3.88,1,2,0,4,0,0.734,0.842,0,31.0,C1CC(=O)C=C2CC[C@@H]3[C@@H]([C@@]12C)CC[C@@]1(C)[C@H]3CC[C@@H]1O,Androgen receptor,Testosterone
2Q7L:TES:A:155,2q7l,TES,A,155,P10275,4.0,98.0,29,13,4,8,0,0,0,0,1,21,288.4,3.88,1,2,0,4,0,0.734,0.842,0,32.0,C1CC(=O)C=C2CC[C@@H]3[C@@H]([C@@]12C)CC[C@@]1(C)[C@H]3CC[C@@H]1O,Androgen receptor,Testosterone
2Q7I:TES:A:205,2q7i,TES,A,205,P10275,4.0,98.0,29,12,4,7,0,0,0,0,1,21,288.4,3.88,1,2,0,4,0,0.734,0.842,0,32.0,C1CC(=O)C=C2CC[C@@H]3[C@@H]([C@@]12C)CC[C@@]1(C)[C@H]3CC[C@@H]1O,Androgen receptor,Testosterone
2Q7J:TES:A:203,2q7j,TES,A,203,P10275,4.0,98.0,29,11,4,6,0,0,0,0,1,21,288.4,3.88,1,2,0,4,0,0.734,0.842,0,32.0,C1CC(=O)C=C2CC[C@@H]3[C@@H]([C@@]12C)CC[C@@]1(C)[C@H]3CC[C@@H]1O,Androgen receptor,Testosterone
2YLP:TES:A:1921,2ylp,TES,A,1921,P10275,4.0,98.0,29,10,3,6,0,0,0,0,1,21,288.4,3.88,1,2,0,4,0,0.734,0.842,0,32.0,C1CC(=O)C=C2CC[C@@H]3[C@@H]([C@@]12C)CC[C@@]1(C)[C@H]3CC[C@@H]1O,Androgen receptor,Testosterone
4HLW:TES:A:1001,4hlw,TES,A,1001,P10275,4.0,98.0,29,10,4,5,0,0,0,0,1,21,288.4,3.88,1,2,0,4,0,0.734,0.842,0,32.0,C1CC(=O)C=C2CC[C@@H]3[C@@H]([C@@]12C)CC[C@@]1(C)[C@H]3CC[C@@H]1O,Androgen receptor,Testosterone
2YHD:TES:A:1920,2yhd,TES,A,1920,P10275,4.0,98.0,29,9,4,5,0,0,0,0,0,21,288.4,3.88,1,2,0,4,0,0.734,0.842,0,33.0,C1CC(=O)C=C2CC[C@@H]3[C@@H]([C@@]12C)CC[C@@]1(C)[C@H]3CC[C@@H]1O,Androgen receptor,Testosterone
2YLO:TES:A:1920,2ylo,TES,A,1920,P10275,4.0,98.0,29,9,2,7,0,0,0,0,0,21,288.4,3.88,1,2,0,4,0,0.734,0.842,0,32.0,C1CC(=O)C=C2CC[C@@H]3[C@@H]([C@@]12C)CC[C@@]1(C)[C@H]3CC[C@@H]1O,Androgen receptor,Testosterone
2YLQ:TES:A:1921,2ylq,TES,A,1921,P10275,4.0,98.0,29,9,3,5,0,0,0,0,1,21,288.4,3.88,1,2,0,4,0,0.734,0.842,0,32.0,C1CC(=O)C=C2CC[C@@H]3[C@@H]([C@@]12C)CC[C@@]1(C)[C@H]3CC[C@@H]1O,Androgen receptor,Testosterone
3ZQT:TES:A:1000,3zqt,TES,A,1000,P10275,4.0,98.0,29,9,3,6,0,0,0,0,0,21,288.4,3.88,1,2,0,4,0,0.734,0.842,0,32.0,C1CC(=O)C=C2CC[C@@H]3[C@@H]([C@@]12C)CC[C@@]1(C)[C@H]3CC[C@@H]1O,Androgen receptor,Testosterone
2PIX:FLF:A:2386,2pix,FLF,A,2386,P10275,4.0,98.0,9,5,1,4,0,0,0,0,0,20,281.2,4.15,2,2,3,2,2,0.888,0.071,0,11.0,c1(C(O)=O)ccccc1Nc1cc([C@](F)(F)F)ccc1,Androgen receptor,Flufenamic acid
13GS:SAS:A:211,13gs,SAS,A,211,P09211,4.0,92.0,3,9,1,6,1,0,1,0,0,28,398.4,3.7,3,7,6,3,3,0.541,0.0,0,10.0,c1(N[S@](=O)(=O)c2ccc(N=Nc3cc(C(O)=O)c(O)cc3)cc2)ccccn1,,
5G2N:6E2:A:2001,5g2n,6E2,A,2001,P48736,4.0,92.0,1,9,3,3,0,0,3,0,0,35,480.5,0.97,3,11,7,5,2,0.491,0.391,0,15.0,C1COC=CN1CCCOc1c(OC)c2c(cc1)C1NCCN1C(NC(=O)c1cnc(N)nc1)=N2,,
3DGQ:EAA:A:211,3dgq,EAA,A,211,P09211,4.0,92.0,13,7,1,4,1,0,0,0,1,19,315.2,1.71,3,4,6,1,0,0.515,1.0,0,6.0,C1(OCC(O)O)C(Cl)C(Cl)C(C(O)C(CC)C)CC1,,
3H0A:9RA:A:500,3h0a,9RA,A,500,P19793,4.0,89.0,2,17,1,14,0,0,1,0,1,26,348.5,6.1,1,1,3,3,2,0.727,0.375,0,10.0,O=C(O)c1ccc(C(=C)c2c(C)cc3c(c2)[C@](C)(C)CC[C@@]3(C)C)cc1,Retinoid X receptor alpha,retinoid
1G5Y:REA:B:501,1g5y,REA,B,501,P19793,4.0,89.0,22,16,1,13,0,0,1,0,1,22,302.5,5.68,1,1,5,1,0,0.524,0.55,0,8.0,[C@@]1(C)(C)CCCC(C)C1=CC=C(CC=CC(=CC(=O)O)C)C,Retinoid X receptor alpha,Retinoic acid
3OAP:9CR:A:500,3oap,9CR,A,500,P19793,4.0,89.0,34,16,1,13,0,0,1,0,1,22,302.5,5.68,1,1,5,1,0,0.524,0.55,0,7.0,[C@@]1(C)(C)CCC[C@@H](C)C1=CC=C(C=CCC(=CC(=O)O)C)C,Retinoid X receptor alpha,9-cis retinoic acid
3UVV:9CR:B:501,3uvv,9CR,B,501,P19793,4.0,89.0,34,16,2,13,0,0,1,0,0,22,298.4,5.38,1,1,5,1,0,0.546,0.35,0,7.0,[C@]1(C)(C)CC=CC(C)=C1C=CC(=CC=CC(=CC(=O)O)C)C,Retinoid X receptor alpha,9-cis retinoic acid
1FM6:9CR:A:501,1fm6,9CR,A,501,P19793,4.0,89.0,34,15,1,13,0,0,1,0,0,22,300.4,5.6,1,1,5,1,0,0.53,0.45,0,7.0,[C@@]1(C)(C)CCCC(C)=C1C=CC(=CC=CC(=CC(=O)O)C)C,Retinoid X receptor alpha,9-cis retinoic acid
1K74:9CR:A:463,1k74,9CR,A,463,P19793,4.0,89.0,34,15,1,13,0,0,1,0,0,22,300.4,5.6,1,1,5,1,0,0.53,0.45,0,7.0,[C@@]1(C)(C)CCCC(C)=C1C=CC(=CC=CC(=CC(=O)O)C)C,Retinoid X receptor alpha,9-cis retinoic acid
1XLS:9CR:A:801,1xls,9CR,A,801,P19793,4.0,89.0,34,15,1,13,0,0,1,0,0,22,300.4,5.6,1,1,5,1,0,0.53,0.45,0,8.0,[C@@]1(C)(C)CCCC(C)=C1C=CC(=CC=CC(=CC(=O)O)C)C,Retinoid X receptor alpha,9-cis retinoic acid
1XLS:9CR:B:802,1xls,9CR,B,802,P19793,4.0,89.0,34,15,1,13,0,0,1,0,0,22,300.4,5.6,1,1,5,1,0,0.53,0.45,0,8.0,[C@@]1(C)(C)CCCC(C)=C1C=CC(=CC=CC(=CC(=O)O)C)C,Retinoid X receptor alpha,9-cis retinoic acid
1XLS:9CR:C:803,1xls,9CR,C,803,P19793,4.0,89.0,34,15,1,13,0,0,1,0,0,22,300.4,5.6,1,1,5,1,0,0.53,0.45,0,8.0,[C@@]1(C)(C)CCCC(C)=C1C=CC(=CC=CC(=CC(=O)O)C)C,Retinoid X receptor alpha,9-cis retinoic acid
1XLS:9CR:D:804,1xls,9CR,D,804,P19793,4.0,89.0,34,15,1,13,0,0,1,0,0,22,302.5,5.83,1,1,6,1,0,0.381,0.55,0,6.0,[C@@]1(C)(C)CCCC(C)=C1CC=C(CC=CC(=CC(=O)O)C)C,Retinoid X receptor alpha,9-cis retinoic acid
3E00:9CR:A:7223,3e00,9CR,A,7223,P19793,4.0,89.0,34,14,2,11,0,0,1,0,0,22,302.5,5.83,1,1,6,1,0,0.381,0.55,0,8.0,[C@@]1(C)(C)CCCC(C)=C1CCC(=CC=CC(=CC(=O)O)C)C,Retinoid X receptor alpha,9-cis retinoic acid
4K6I:9RA:A:500,4k6i,9RA,A,500,P19793,4.0,89.0,2,14,1,11,0,0,1,0,1,26,350.5,6.19,1,1,3,3,2,0.716,0.458,0,11.0,O=C(O)c1ccc(C(C)c2c(C)cc3c(c2)[C@@](C)(C)CC[C@]3(C)C)cc1,Retinoid X receptor alpha,retinoid
5JI0:9CR:A:501,5ji0,9CR,A,501,P19793,4.0,89.0,34,14,2,11,0,0,1,0,0,22,302.5,5.83,1,1,6,1,0,0.495,0.55,0,8.0,[C@]1(C)(C)CCCC(C)=C1C=CC(=CCCC(=CC(=O)O)C)C,Retinoid X receptor alpha,9-cis retinoic acid
1FBY:9CR:A:500,1fby,9CR,A,500,P19793,4.0,89.0,34,13,1,10,0,0,1,0,1,22,300.4,5.6,1,1,5,1,0,0.53,0.45,0,8.0,[C@@]1(C)(C)CCCC(C)=C1C=CC(=CC=CC(=CC(=O)O)C)C,Retinoid X receptor alpha,9-cis retinoic acid
1FM9:9CR:A:201,1fm9,9CR,A,201,P19793,4.0,89.0,34,13,1,11,0,0,1,0,0,22,300.4,5.6,1,1,5,1,0,0.53,0.45,0,8.0,[C@@]1(C)(C)CCCC(C)=C1C=CC(=CC=CC(=CC(=O)O)C)C,Retinoid X receptor alpha,9-cis retinoic acid
2ACL:REA:G:501,2acl,REA,G,501,P19793,4.0,89.0,22,13,1,11,0,0,1,0,0,22,300.4,5.6,1,1,5,1,0,0.53,0.45,0,10.0,[C@@]1(C)(C)CCCC(C)=C1C=CC(=CC=CC(=CC(=O)O)C)C,Retinoid X receptor alpha,Retinoic acid
3DZU:9CR:A:7223,3dzu,9CR,A,7223,P19793,4.0,89.0,34,13,1,11,0,0,1,0,0,22,302.5,5.83,1,1,6,1,0,0.381,0.55,0,8.0,[C@@]1(C)(C)CCCC(C)=C1CCC(=CC=CC(=CC(=O)O)C)C,Retinoid X receptor alpha,9-cis retinoic acid
1FBY:9CR:B:1500,1fby,9CR,B,1500,P19793,4.0,89.0,34,12,1,10,0,0,1,0,0,22,300.4,5.6,1,1,5,1,0,0.53,0.45,0,8.0,[C@@]1(C)(C)CCCC(C)=C1C=CC(=CC=CC(=CC(=O)O)C)C,Retinoid X receptor alpha,9-cis retinoic acid
2ACL:REA:A:502,2acl,REA,A,502,P19793,4.0,89.0,22,11,1,9,0,0,1,0,0,22,300.4,5.6,1,1,5,1,0,0.53,0.45,0,9.0,[C@@]1(C)(C)CCCC(C)=C1C=CC(=CC=CC(=CC(=O)O)C)C,Retinoid X receptor alpha,Retinoic acid
2ACL:REA:C:503,2acl,REA,C,503,P19793,4.0,89.0,22,11,1,9,0,0,1,0,0,22,300.4,5.6,1,1,5,1,0,0.53,0.45,0,9.0,[C@@]1(C)(C)CCCC(C)=C1C=CC(=CC=CC(=CC(=O)O)C)C,Retinoid X receptor alpha,Retinoic acid
2ACL:REA:E:504,2acl,REA,E,504,P19793,4.0,89.0,22,11,1,9,0,0,1,0,0,22,300.4,5.6,1,1,5,1,0,0.53,0.45,0,9.0,[C@@]1(C)(C)CCCC(C)=C1C=CC(=CC=CC(=CC(=O)O)C)C,Retinoid X receptor alpha,Retinoic acid
3DZY:9CR:A:463,3dzy,9CR,A,463,P19793,4.0,89.0,34,11,1,9,0,0,1,0,0,22,302.5,5.83,1,1,6,1,0,0.381,0.55,0,9.0,[C@@]1(C)(C)CCCC(C)=C1CCC(=CC=CC(=CC(=O)O)C)C,Retinoid X receptor alpha,9-cis retinoic acid
3FAL:REA:A:501,3fal,REA,A,501,P19793,4.0,89.0,22,11,1,9,0,0,1,0,0,22,300.4,5.6,1,1,5,1,0,0.53,0.45,0,9.0,[C@@]1(C)(C)CCCC(C)=C1C=CC(=CC=CC(=CC(=O)O)C)C,Retinoid X receptor alpha,Retinoic acid
4NQA:9CR:A:501,4nqa,9CR,A,501,P19793,4.0,89.0,34,11,2,8,0,0,1,0,0,22,302.5,5.54,1,1,5,1,0,0.535,0.55,0,19.0,[C@]1(C)(C)CCC[C@@H](C)[C@@H]1C=CC(=CC=CC(=CC(=O)O)C)C,Retinoid X receptor alpha,9-cis retinoic acid
3FC6:REA:A:501,3fc6,REA,A,501,P19793,4.0,89.0,22,10,1,8,0,0,1,0,0,22,302.5,5.68,1,1,6,1,0,0.506,0.55,0,13.0,[C@@]1(C)(C)CCCC(C)=C1C=C[C@@H](C=CCC(=CC(=O)O)C)C,Retinoid X receptor alpha,Retinoic acid
3FAL:REA:C:501,3fal,REA,C,501,P19793,4.0,89.0,22,8,1,6,0,0,1,0,0,22,300.4,5.6,1,1,5,1,0,0.53,0.45,0,9.0,[C@@]1(C)(C)CCCC(C)=C1C=CC(=CC=CC(=CC(=O)O)C)C,Retinoid X receptor alpha,Retinoic acid
4EY6:GNT:A:604,4ey6,GNT,A,604,P22303,4.0,88.0,10,14,2,7,0,0,0,0,5,21,287.4,1.85,1,4,1,4,1,0.801,0.529,0,21.0,C1=C[C@H](O)C[C@H]2[C@@]13CCN(C)Cc1ccc(OC)c(c13)O2,Acetylcholinesterase (human),Galanthamine-like
4EY6:GNT:B:605,4ey6,GNT,B,605,P22303,4.0,88.0,10,13,2,6,0,0,0,0,5,21,287.4,1.85,1,4,1,4,1,0.801,0.529,0,21.0,C1=C[C@H](O)C[C@H]2[C@@]13CCN(C)Cc1ccc(OC)c(c13)O2,Acetylcholinesterase (human),Galanthamine-like
1XMU:ROF:B:102,1xmu,ROF,B,102,Q07343,4.0,85.0,8,11,1,3,1,0,0,1,5,26,403.2,5.03,1,4,7,3,2,0.705,0.294,0,12.0,O=C(c1ccc(O[C@@H](F)F)c(OC[C@@H]2CC2)c1)Nc1c(Cl)cncc1Cl,,
1XOT:VDN:B:102,1xot,VDN,B,102,Q07343,4.0,85.0,8,9,1,4,2,0,0,0,2,34,488.6,2.07,1,7,8,4,3,0.516,0.522,0,12.0,CCOc1ccc([S@@](=O)(=O)N2CCN(CC)CC2)cc1-c1nc(=O)c2c(C)nc(CCC)n2[nH]1,,
1XOT:VDN:A:101,1xot,VDN,A,101,Q07343,4.0,85.0,8,7,1,4,2,0,0,0,0,34,488.6,2.07,1,7,8,4,3,0.516,0.522,0,13.0,CCOc1ccc([S@@](=O)(=O)N2CCN(CC)CC2)cc1-c1nc(=O)c2c(C)nc(CCC)n2[nH]1,,
3KW4:TIC:A:600,3kw4,TIC,A,600,P00178,4.0,81.0,1,7,1,5,1,0,0,0,0,17,273.9,3.61,0,2,2,3,0,0.707,1.0,0,5.0,C1N(CC2C(Cl)CCCC2)CC2C(SCC2)C1,,
4JLT:8PR:A:505,4jlt,8PR,A,505,P00178,4.0,81.0,5,7,2,5,0,0,0,0,0,24,329.4,3.33,1,4,4,4,2,0.934,0.368,0,18.0,Fc1ccc([C@@H]2CCNC[C@H]2COc2cc3c(cc2)OCO3)cc1,,
2PYN:1UN:A:1001,2pyn,1UN,A,1001,P03367,4.0,78.0,5,21,4,12,0,0,2,0,3,40,583.9,4.07,6,8,11,4,0,0.202,1.0,0,39.0,[C@H]12[C@@H](CCCC1)C[C@@H](C(N[C@](C)(C)C)O)N(C[C@H]([C@@H](NC(O)C1CCCC(O)C1C)CSC1CCCCC1)O)C2,,
3PWR:ROC:A:401,3pwr,ROC,A,401,P03367,4.0,78.0,26,21,7,9,0,0,2,0,3,49,695.0,2.44,10,11,15,5,0,0.114,1.0,0,63.0,[C@H](O)([C@@H]1N[C@@H]2CCCC[C@H]2CC1)N[C@H](C(O)N[C@H]([C@H](O)CN1[C@H](C(O)N[C@](C)(C)C)C[C@@H]2CCCC[C@@H]2C1)CC1CCCCC1)CC(O)N,,Ritonavir
2Q63:1UN:A:1001,2q63,1UN,A,1001,P03367,4.0,78.0,5,20,3,12,0,0,2,0,3,40,583.9,4.07,6,8,11,4,0,0.202,1.0,0,33.0,[C@H]12[C@@H](CCCC1)C[C@@H](C(N[C@](C)(C)C)O)N(C[C@H]([C@@H](NC(O)C1CCCC(O)C1C)CSC1CCCCC1)O)C2,,
3TKG:ROC:C:901,3tkg,ROC,C,901,P03367,4.0,78.0,26,20,5,9,0,0,2,0,4,49,695.0,2.44,10,11,15,5,0,0.114,1.0,0,51.0,C(O)(C1N[C@@H]2CCCCC2CC1)N[C@H](C(O)N[C@H]([C@H](O)CN1[C@H](C(O)N[C@](C)(C)C)C[C@@H]2CCCC[C@@H]2C1)CC1CCCCC1)C[C@H](O)N,,Ritonavir
2PYM:1UN:A:1001,2pym,1UN,A,1001,P03367,4.0,78.0,5,18,5,9,0,0,2,0,2,40,583.9,4.07,6,8,11,4,0,0.202,1.0,0,34.0,[C@H]12[C@@H](CCCC1)C[C@@H](C(N[C@](C)(C)C)O)N(C[C@H]([C@@H](NC(O)C1CCCC(O)C1C)CSC1CCCCC1)O)C2,,
3TL9:ROC:A:401,3tl9,ROC,A,401,P03367,4.0,78.0,26,18,5,8,0,0,2,0,3,49,695.0,2.44,10,11,15,5,0,0.114,1.0,0,56.0,[C@@H](O)(C1NC2CCCC[C@@H]2CC1)N[C@H](C(O)N[C@H]([C@H](O)CN1[C@H](C(O)N[C@](C)(C)C)C[C@@H]2CCCC[C@@H]2C1)CC1CCCCC1)CC(O)N,,Ritonavir
3UFN:ROC:A:401,3ufn,ROC,A,401,P03367,4.0,78.0,26,14,6,4,0,0,2,0,2,49,670.9,3.09,5,7,12,5,3,0.198,0.5,0,47.0,C(=O)(c1nc2ccccc2cc1)N[C@H](C(=O)N[C@H]([C@H](O)CN1[C@H](C(=O)N[C@@](C)(C)C)C[C@@H]2CCCC[C@@H]2C1)Cc1ccccc1)CC(=O)N,,Ritonavir
1XBB:STI:A:1,1xbb,STI,A,1,P43405,4.0,76.0,44,8,3,4,0,0,0,0,1,37,519.8,1.33,6,8,8,5,0,0.268,1.0,0,25.0,C1CC(C2CCN[C@@H](NC3C(C)CCC(N[C@H](C4CCC(CN5CCN(C)CC5)CC4)O)C3)N2)CNC1,SYK kinase,Imatinib
2HYY:STI:A:600,2hyy,STI,A,600,P00519,4.0,73.0,44,17,4,10,1,0,2,0,0,37,519.8,1.33,6,8,8,5,0,0.268,1.0,0,10.0,C1CC(C2CCNC(NC3C(C)CCC(NC(C4CCC(CN5CCN(C)CC5)CC4)O)C3)N2)CNC1,ABL1 kinase,Imatinib
3PYY:STI:B:4,3pyy,STI,B,4,P00519,4.0,73.0,44,17,4,10,1,0,2,0,0,37,519.8,1.33,6,8,8,5,0,0.268,1.0,0,12.0,C1CC(C2CCNC(NC3C(C)CCC(NC(C4CCC(CN5CCN(C)CC5)CC4)O)C3)N2)CNC1,ABL1 kinase,Imatinib
2HYY:STI:D:600,2hyy,STI,D,600,P00519,4.0,73.0,44,16,4,11,1,0,0,0,0,37,519.8,1.33,6,8,8,5,0,0.268,1.0,0,25.0,C1CC([C@@H]2CCNC(N[C@@H]3[C@@H](C)CCC(N[C@@H]([C@@H]4CCC(CN5CCN(C)CC5)CC4)O)C3)N2)CNC1,ABL1 kinase,Imatinib
3CS9:NIL:A:600,3cs9,NIL,A,600,P00519,4.0,73.0,6,16,4,11,1,0,0,0,0,39,559.8,1.87,7,8,7,5,0,0.238,1.0,0,33.0,O[C@@H](N[C@@H]1CC(N2CC(C)NC2)C[C@H]([C@@](F)(F)F)C1)[C@H]1CCC(C)[C@H](N[C@@H]2NCCC(C3CCCNC3)N2)C1,ABL1 kinase,
3PYY:STI:A:3,3pyy,STI,A,3,P00519,4.0,73.0,44,16,4,9,1,1,1,0,0,37,519.8,1.33,6,8,8,5,0,0.268,1.0,0,11.0,C1CC(C2CCNC(NC3C(C)CCC(NC(C4CCC(CN5CCN(C)CC5)CC4)O)C3)N2)CNC1,ABL1 kinase,Imatinib
3CS9:NIL:B:600,3cs9,NIL,B,600,P00519,4.0,73.0,6,15,4,10,1,0,0,0,0,39,559.8,1.87,7,8,7,5,0,0.238,1.0,0,33.0,O[C@@H](N[C@@H]1CC(N2CC(C)NC2)CC([C@@](F)(F)F)C1)[C@H]1CCC(C)[C@H](N[C@@H]2NCC[C@@H]([C@H]3CCCNC3)N2)C1,ABL1 kinase,
3CS9:NIL:C:600,3cs9,NIL,C,600,P00519,4.0,73.0,6,14,4,8,2,0,0,0,0,39,559.8,1.87,7,8,7,5,0,0.238,1.0,0,41.0,O[C@@H](N[C@@H]1CC(N2CC(C)NC2)CC([C@@](F)(F)F)C1)[C@H]1CC[C@@H](C)[C@H](NC2NCC[C@H]([C@@H]3CCCNC3)N2)C1,ABL1 kinase,
3CS9:NIL:D:600,3cs9,NIL,D,600,P00519,4.0,73.0,6,14,4,9,1,0,0,0,0,39,559.8,1.87,7,8,7,5,0,0.238,1.0,0,30.0,O[C@@H](NC1CC(N2CC(C)NC2)CC([C@@](F)(F)F)C1)[C@H]1CC[C@@H](C)[C@H](NC2NCCC(C3CCCNC3)N2)C1,ABL1 kinase,
1N5X:TEI:A:3006,1n5x,TEI,A,3006,P80457,4.0,73.0,2,13,4,7,1,0,1,0,0,22,316.4,3.72,1,5,5,2,2,0.908,0.312,0,6.0,s1c(-c2cc(C#N)c(OC[C@@H](C)C)cc2)nc(C)c1C(=O)O,,
1N5X:TEI:B:4006,1n5x,TEI,B,4006,P80457,4.0,73.0,2,13,4,7,1,0,1,0,0,22,316.4,3.72,1,5,5,2,2,0.908,0.312,0,6.0,s1c(-c2cc(C#N)c(OC[C@@H](C)C)cc2)nc(C)c1C(=O)O,,
5MO4:NIL:A:601,5mo4,NIL,A,601,P00519,4.0,73.0,6,13,3,9,1,0,0,0,0,39,559.8,1.87,7,8,7,5,0,0.238,1.0,0,34.0,O[C@@H](N[C@@H]1CC(N2CC(C)NC2)CC([C@@](F)(F)F)C1)[C@H]1CCC(C)[C@@H](NC2NCCC(C3CCCNC3)N2)C1,ABL1 kinase,
2HYY:STI:C:600,2hyy,STI,C,600,P00519,4.0,73.0,44,12,4,7,1,0,0,0,0,37,519.8,1.33,6,8,8,5,0,0.268,1.0,0,20.0,C1C[C@H]([C@@H]2CCNC(NC3C(C)CCC(NC([C@@H]4CC[C@H](CN5CCN(C)CC5)CC4)O)C3)N2)CNC1,ABL1 kinase,Imatinib
4JQ1:NPS:A:401,4jq1,NPS,A,401,P52895,4.0,73.0,6,12,1,8,1,0,2,0,0,17,230.3,3.04,1,2,3,2,2,0.881,0.214,0,8.0,c1(OC)ccc2c(c1)ccc([C@H](C)C(=O)O)c2,,
4JQA:ID8:A:401,4jqa,ID8,A,401,P52895,4.0,73.0,6,12,1,9,1,0,1,0,0,18,241.3,3.75,2,2,3,2,2,0.86,0.133,0,4.0,OC(=O)c1ccccc1Nc1c(C)c(C)ccc1,,AKR1C3 inhibitor
2HYY:STI:B:600,2hyy,STI,B,600,P00519,4.0,73.0,44,11,4,6,1,0,0,0,0,37,519.8,1.33,6,8,8,5,0,0.268,1.0,0,26.0,C1CC(C2CCNC(N[C@@H]3C(C)CCC(N[C@@H]([C@@H]4CC[C@H](CN5CCN(C)CC5)CC4)O)C3)N2)CNC1,ABL1 kinase,Imatinib
4TWP:AXI:B:601,4twp,AXI,B,601,P00519,4.0,73.0,6,11,4,5,1,0,0,0,1,28,386.5,4.27,1,5,5,4,2,0.834,0.091,0,9.0,O=C(NC)c1ccccc1SC1=CC=C2C(=NN=C2C=Cc2ncccc2)C1,ABL1 kinase,
4WA9:AXI:A:9000,4wa9,AXI,A,9000,P00519,4.0,73.0,6,11,2,7,1,0,0,0,1,28,386.5,4.27,1,5,5,4,2,0.834,0.091,0,7.0,O=C(NC)c1ccccc1SC1=CC=C2C(=NN=C2C=Cc2ncccc2)C1,ABL1 kinase,
5MO4:AY7:A:602,5mo4,AY7,A,602,P00519,4.0,73.0,1,11,2,6,1,0,0,1,1,31,449.8,3.46,3,6,6,4,3,0.498,0.25,0,19.0,c1(N2C[C@H](O)CC2)ncc(C(Nc2ccc(O[C@@](F)(F)Cl)cc2)=O)cc1-c1ccn[nH]1,ABL1 kinase,
4WA9:AXI:B:9000,4wa9,AXI,B,9000,P00519,4.0,73.0,6,10,4,4,1,0,0,0,1,28,386.5,4.27,1,5,5,4,2,0.834,0.091,0,7.0,O=C(NC)c1ccccc1SC1=CC=C2C(=NN=C2C=Cc2ncccc2)C1,ABL1 kinase,
4JTR:IBP:A:401,4jtr,IBP,A,401,P52895,4.0,73.0,8,9,1,7,0,0,1,0,0,15,206.3,3.07,1,1,4,1,1,0.822,0.462,0,9.0,C([C@@H](C)c1ccc(C[C@H](C)C)cc1)(=O)O,,
4TWP:AXI:A:601,4twp,AXI,A,601,P00519,4.0,73.0,6,9,2,3,1,0,0,0,3,28,386.5,4.27,1,5,5,4,2,0.834,0.091,0,9.0,O=C(NC)c1ccccc1SC1=CC=C2C(=NN=C2C=Cc2ncccc2)C1,ABL1 kinase,
4JQ4:IMN:A:401,4jq4,IMN,A,401,P52895,4.0,73.0,29,8,2,5,0,0,1,0,0,25,357.8,3.93,1,3,4,3,3,0.768,0.158,0,14.0,c12ccc(OC)cc1c(CC(=O)O)c(C)n2C(c1ccc(Cl)cc1)=O,,Indomethacin
4JQ4:IMN:B:401,4jq4,IMN,B,401,P52895,4.0,73.0,29,8,2,4,1,0,1,0,0,25,357.8,3.93,1,3,4,3,3,0.768,0.158,0,11.0,c12ccc(OC)cc1c(CC(=O)O)c(C)n2C(c1ccc(Cl)cc1)=O,,Indomethacin
3UE4:DB8:B:601,3ue4,DB8,B,601,P00519,4.0,73.0,18,7,2,4,0,0,0,0,1,36,530.5,5.19,1,8,9,4,3,0.379,0.385,0,18.0,COc1c(OCCCN2CCN(C)CC2)cc2ncc(C#N)c(Nc3c(Cl)cc(Cl)c(OC)c3)c2c1,ABL1 kinase,
2JJ8:AZZ:B:1211,2jj8,AZZ,B,1211,Q9XZT6,4.0,72.0,5,10,5,4,1,0,0,0,0,19,277.3,-3.43,7,9,4,2,0,0.207,1.0,0,19.0,OC[C@H]1O[C@@H](N2C(O)NC(O)C(C)C2)C[C@@H]1NNN,,
2JJ8:AZZ:C:1211,2jj8,AZZ,C,1211,Q9XZT6,4.0,72.0,5,9,4,4,1,0,0,0,0,19,277.3,-3.43,7,9,4,2,0,0.207,1.0,0,19.0,OC[C@H]1O[C@@H](N2C(O)NC(O)C(C)C2)C[C@@H]1NNN,,
2JJ8:AZZ:D:1211,2jj8,AZZ,D,1211,Q9XZT6,4.0,72.0,5,9,4,4,1,0,0,0,0,19,277.3,-3.43,7,9,4,2,0,0.207,1.0,0,19.0,OC[C@H]1O[C@@H](N2C(O)NC(O)C(C)C2)C[C@@H]1NNN,,
2JJ8:AZZ:A:1211,2jj8,AZZ,A,1211,Q9XZT6,4.0,72.0,5,8,4,3,1,0,0,0,0,19,277.3,-3.43,7,9,4,2,0,0.207,1.0,0,19.0,OC[C@H]1O[C@@H](N2C(O)NC(O)C(C)C2)C[C@@H]1NNN,,
1HWK:117:C:4,1hwk,117,C,4,P04035,4.0,71.0,2,18,7,4,0,0,3,0,4,41,558.7,6.31,4,4,12,4,4,0.163,0.273,0,28.0,c1c(-c2c(-c3ccc(F)cc3)n(CC[C@H](C[C@@H](O)CC(O)=O)O)c([C@@H](C)C)c2C(Nc2ccccc2)=O)cccc1,,
1HWK:117:A:2,1hwk,117,A,2,P04035,4.0,71.0,2,15,7,3,0,0,3,0,2,41,558.7,6.31,4,4,12,4,4,0.163,0.273,0,28.0,c1c(-c2c(-c3ccc(F)cc3)n(CC[C@H](C[C@@H](O)CC(O)=O)O)c([C@@H](C)C)c2C(Nc2ccccc2)=O)cccc1,,
2BFM:TOP:A:1290,2bfm,TOP,A,1290,Q01782,4.0,70.0,39,8,1,3,1,1,1,0,1,21,290.3,1.26,2,7,5,2,2,0.853,0.286,0,7.0,c1nc(N)nc(N)c1Cc1cc(OC)c(OC)c(OC)c1,,
2BFM:TOP:B:1290,2bfm,TOP,B,1290,Q01782,4.0,70.0,39,7,1,3,1,1,1,0,0,21,290.3,1.26,2,7,5,2,2,0.853,0.286,0,7.0,c1nc(N)nc(N)c1Cc1cc(OC)c(OC)c(OC)c1,,
5H1E:VDX:A:501,5h1e,VDX,A,501,P13053,4.0,68.0,17,14,6,8,0,0,0,0,0,30,416.6,5.7,3,3,6,3,0,0.52,0.778,0,36.0,O[C@H]1C[C@H](O)C(=C)C(=CC=C2CCC[C@@]3(C)[C@H]2CC[C@@H]3[C@H](C)CCC[C@@](O)(C)C)C1,,
2ZLC:VDX:A:500,2zlc,VDX,A,500,P13053,4.0,68.0,17,13,4,9,0,0,0,0,0,30,418.7,5.78,3,3,6,3,0,0.512,0.852,0,36.0,O[C@H]1C[C@H](O)C(C)C(=CC=C2CCC[C@@]3(C)[C@H]2CC[C@@H]3[C@H](C)CCC[C@@](O)(C)C)C1,,
3VT7:VDX:A:500,3vt7,VDX,A,500,P13053,4.0,68.0,17,13,5,8,0,0,0,0,0,30,418.7,5.78,3,3,6,3,0,0.512,0.852,0,35.0,O[C@H]1C[C@H](O)C(C)C(=CC=C2CCC[C@@]3(C)[C@H]2CC[C@@H]3[C@H](C)CCC[C@@](O)(C)C)C1,,
3VT3:VDX:A:500,3vt3,VDX,A,500,P13053,4.0,68.0,17,12,3,9,0,0,0,0,0,30,418.7,5.78,3,3,6,3,0,0.512,0.852,0,35.0,O[C@H]1C[C@H](O)C(C)C(=CC=C2CCC[C@@]3(C)[C@H]2CC[C@@H]3[C@H](C)CCC[C@@](O)(C)C)C1,,
1RK3:VDX:A:500,1rk3,VDX,A,500,P13053,4.0,68.0,17,11,5,6,0,0,0,0,0,30,416.6,5.7,3,3,6,3,0,0.52,0.778,0,37.0,O[C@H]1C[C@H](O)C(=C)C(=CC=C2CCC[C@@]3(C)[C@H]2CC[C@@H]3[C@H](C)CCC[C@@](O)(C)C)C1,,
1D8A:TCL:A:502,1d8a,TCL,A,502,P29132,4.0,60.0,109,11,2,7,1,0,0,1,0,17,289.5,5.14,1,2,2,2,2,0.829,0.0,0,6.0,c1c(Cl)ccc(Oc2c(Cl)cc(Cl)cc2)c1O,,Triclosan
4MXX:DB8:B:601,4mxx,DB8,B,601,P12931,4.0,60.0,18,11,2,6,0,1,0,0,2,36,530.5,5.19,1,8,9,4,3,0.379,0.385,0,14.0,COc1c(OCCCN2CCN(C)CC2)cc2ncc(C#N)c(Nc3c(Cl)cc(Cl)c(OC)c3)c2c1,,
1C14:TCL:A:502,1c14,TCL,A,502,P29132,4.0,60.0,109,10,2,6,1,0,0,1,0,17,289.5,5.14,1,2,2,2,2,0.829,0.0,0,6.0,c1c(Cl)ccc(Oc2c(Cl)cc(Cl)cc2)c1O,,Triclosan
1QG6:TCL:A:601,1qg6,TCL,A,601,P29132,4.0,60.0,109,10,2,6,1,0,0,1,0,17,289.5,5.14,1,2,2,2,2,0.829,0.0,0,6.0,c1c(Cl)ccc(Oc2c(Cl)cc(Cl)cc2)c1O,,Triclosan
1QG6:TCL:D:604,1qg6,TCL,D,604,P29132,4.0,60.0,109,10,2,6,1,0,0,1,0,17,289.5,5.14,1,2,2,2,2,0.829,0.0,0,6.0,c1c(Cl)ccc(Oc2c(Cl)cc(Cl)cc2)c1O,,Triclosan
1QSG:TCL:F:1317,1qsg,TCL,F,1317,P29132,4.0,60.0,109,10,2,7,0,0,0,1,0,17,289.5,5.14,1,2,2,2,2,0.829,0.0,0,9.0,c1c(Cl)ccc(Oc2c(Cl)cc(Cl)cc2)c1O,,Triclosan
1QG6:TCL:B:602,1qg6,TCL,B,602,P29132,4.0,60.0,109,9,1,6,1,0,0,1,0,17,289.5,5.14,1,2,2,2,2,0.829,0.0,0,6.0,c1c(Cl)ccc(Oc2c(Cl)cc(Cl)cc2)c1O,,Triclosan
1QG6:TCL:C:603,1qg6,TCL,C,603,P29132,4.0,60.0,109,9,1,6,1,0,0,1,0,17,289.5,5.14,1,2,2,2,2,0.829,0.0,0,6.0,c1c(Cl)ccc(Oc2c(Cl)cc(Cl)cc2)c1O,,Triclosan
1QSG:TCL:D:1311,1qsg,TCL,D,1311,P29132,4.0,60.0,109,9,2,6,0,0,0,1,0,17,289.5,5.14,1,2,2,2,2,0.829,0.0,0,9.0,c1c(Cl)ccc(Oc2c(Cl)cc(Cl)cc2)c1O,,Triclosan
1QSG:TCL:H:1323,1qsg,TCL,H,1323,P29132,4.0,60.0,109,9,2,6,0,0,0,1,0,17,289.5,5.14,1,2,2,2,2,0.829,0.0,0,9.0,c1c(Cl)ccc(Oc2c(Cl)cc(Cl)cc2)c1O,,Triclosan
4MXO:DB8:B:601,4mxo,DB8,B,601,P12931,4.0,60.0,18,9,2,5,0,0,0,0,2,36,530.5,5.19,1,8,9,4,3,0.379,0.385,0,17.0,COc1c(OCCCN2CCN(C)CC2)cc2ncc(C#N)c(Nc3c(Cl)cc(Cl)c(OC)c3)c2c1,,
4MXY:DB8:A:601,4mxy,DB8,A,601,P12931,4.0,60.0,18,9,2,6,0,0,0,1,0,36,530.5,5.19,1,8,9,4,3,0.379,0.385,0,17.0,COc1c(OCCCN2CCN(C)CC2)cc2ncc(C#N)c(Nc3c(Cl)cc(Cl)c(OC)c3)c2c1,,
4MXZ:DB8:A:601,4mxz,DB8,A,601,P12931,4.0,60.0,18,9,2,6,0,0,0,1,0,36,530.5,5.19,1,8,9,4,3,0.379,0.385,0,17.0,COc1c(OCCCN2CCN(C)CC2)cc2ncc(C#N)c(Nc3c(Cl)cc(Cl)c(OC)c3)c2c1,,
1QSG:TCL:B:1305,1qsg,TCL,B,1305,P29132,4.0,60.0,109,8,2,5,0,0,0,1,0,17,289.5,5.14,1,2,2,2,2,0.829,0.0,0,9.0,c1c(Cl)ccc(Oc2c(Cl)cc(Cl)cc2)c1O,,Triclosan
1QSG:TCL:C:1308,1qsg,TCL,C,1308,P29132,4.0,60.0,109,8,1,5,1,0,0,1,0,17,289.5,5.14,1,2,2,2,2,0.829,0.0,0,6.0,c1c(Cl)ccc(Oc2c(Cl)cc(Cl)cc2)c1O,,Triclosan
1C14:TCL:B:1502,1c14,TCL,B,1502,P29132,4.0,60.0,109,7,1,4,1,0,0,1,0,17,289.5,5.14,1,2,2,2,2,0.829,0.0,0,6.0,c1c(Cl)ccc(Oc2c(Cl)cc(Cl)cc2)c1O,,Triclosan
1QSG:TCL:A:1302,1qsg,TCL,A,1302,P29132,4.0,60.0,109,7,1,4,1,0,0,1,0,17,289.5,5.14,1,2,2,2,2,0.829,0.0,0,6.0,c1c(Cl)ccc(Oc2c(Cl)cc(Cl)cc2)c1O,,Triclosan
1QSG:TCL:E:1314,1qsg,TCL,E,1314,P29132,4.0,60.0,109,7,1,4,1,0,0,1,0,17,289.5,5.14,1,2,2,2,2,0.829,0.0,0,6.0,c1c(Cl)ccc(Oc2c(Cl)cc(Cl)cc2)c1O,,Triclosan
4MXY:DB8:B:601,4mxy,DB8,B,601,P12931,4.0,60.0,18,7,1,5,0,0,0,0,1,36,530.5,5.19,1,8,9,4,3,0.379,0.385,0,18.0,COc1c(OCCCN2CCN(C)CC2)cc2ncc(C#N)c(Nc3c(Cl)cc(Cl)c(OC)c3)c2c1,,
4MXZ:DB8:B:601,4mxz,DB8,B,601,P12931,4.0,60.0,18,7,1,5,0,0,0,0,1,36,530.5,5.19,1,8,9,4,3,0.379,0.385,0,18.0,COc1c(OCCCN2CCN(C)CC2)cc2ncc(C#N)c(Nc3c(Cl)cc(Cl)c(OC)c3)c2c1,,
1QSG:TCL:G:1320,1qsg,TCL,G,1320,P29132,4.0,60.0,109,6,1,3,1,0,0,1,0,17,289.5,5.14,1,2,2,2,2,0.829,0.0,0,6.0,c1c(Cl)ccc(Oc2c(Cl)cc(Cl)cc2)c1O,,Triclosan
4MXX:DB8:A:601,4mxx,DB8,A,601,P12931,4.0,60.0,18,6,1,5,0,0,0,0,0,36,530.5,5.19,1,8,9,4,3,0.379,0.385,0,18.0,COc1c(OCCCN2CCN(C)CC2)cc2ncc(C#N)c(Nc3c(Cl)cc(Cl)c(OC)c3)c2c1,,
1D8A:TCL:B:504,1d8a,TCL,B,504,P29132,4.0,60.0,109,5,1,3,0,0,0,1,0,17,289.5,5.14,1,2,2,2,2,0.829,0.0,0,9.0,c1c(Cl)ccc(Oc2c(Cl)cc(Cl)cc2)c1O,,Triclosan
4J24:EST:A:600,4j24,EST,A,600,Q92731,4.0,59.0,79,13,3,8,1,0,0,0,1,20,272.4,3.61,2,2,0,4,1,0.757,0.667,0,25.0,c1cc(O)cc2c1[C@@H]1[C@@H](CC2)[C@H]2[C@](C)(CC1)[C@@H](O)CC2,,Estradiol
4J24:EST:C:600,4j24,EST,C,600,Q92731,4.0,59.0,79,13,2,9,1,0,0,0,1,20,272.4,3.61,2,2,0,4,1,0.757,0.667,0,25.0,c1cc(O)cc2c1[C@@H]1[C@@H](CC2)[C@H]2[C@](C)(CC1)[C@@H](O)CC2,,Estradiol
4J24:EST:D:600,4j24,EST,D,600,Q92731,4.0,59.0,79,12,3,7,1,0,0,0,1,20,272.4,3.61,2,2,0,4,1,0.757,0.667,0,24.0,c1cc(O)cc2c1[C@@H]1[C@@H](CC2)[C@H]2[C@](C)(CC1)[C@@H](O)CC2,,Estradiol
4J26:EST:A:600,4j26,EST,A,600,Q92731,4.0,59.0,79,11,3,6,1,0,0,0,1,20,272.4,3.61,2,2,0,4,1,0.757,0.667,0,25.0,c1cc(O)cc2c1[C@@H]1[C@@H](CC2)[C@H]2[C@](C)(CC1)[C@@H](O)CC2,,Estradiol
3OLS:EST:A:600,3ols,EST,A,600,Q92731,4.0,59.0,79,10,2,6,1,0,0,0,1,20,272.4,3.61,2,2,0,4,1,0.757,0.667,0,27.0,c1cc(O)cc2c1[C@@H]1[C@@H](CC2)[C@H]2[C@](C)(CC1)[C@@H](O)CC2,,Estradiol
4J24:EST:B:600,4j24,EST,B,600,Q92731,4.0,59.0,79,10,2,6,1,0,0,0,1,20,272.4,3.61,2,2,0,4,1,0.757,0.667,0,26.0,c1cc(O)cc2c1[C@@H]1[C@@H](CC2)[C@H]2[C@](C)(CC1)[C@@H](O)CC2,,Estradiol
3OLS:EST:B:600,3ols,EST,B,600,Q92731,4.0,59.0,79,9,2,5,1,0,0,0,1,20,272.4,3.61,2,2,0,4,1,0.757,0.667,0,27.0,c1cc(O)cc2c1[C@@H]1[C@@H](CC2)[C@H]2[C@](C)(CC1)[C@@H](O)CC2,,Estradiol
3OLL:EST:A:600,3oll,EST,A,600,Q92731,4.0,59.0,79,8,3,3,1,0,0,0,1,20,272.4,3.61,2,2,0,4,1,0.757,0.667,0,27.0,c1cc(O)cc2c1[C@@H]1[C@@H](CC2)[C@H]2[C@](C)(CC1)[C@@H](O)CC2,,Estradiol
3BUR:TES:A:339,3bur,TES,A,339,P51857,4.0,57.0,29,18,5,13,0,0,0,0,0,21,290.4,3.96,1,2,0,4,0,0.733,0.947,0,19.0,C1CC(=O)C[C@@H]2CC[C@@H]3[C@@H]([C@@]12C)CC[C@@]1(C)[C@H]3CC[C@@H]1O,,Testosterone
3BUR:TES:B:340,3bur,TES,B,340,P51857,4.0,57.0,29,14,5,9,0,0,0,0,0,21,288.4,3.88,1,2,0,4,0,0.734,0.842,0,30.0,C1CC(=O)C=C2CC[C@@H]3[C@@H]([C@@]12C)CC[C@@]1(C)[C@H]3CC[C@@H]1O,,Testosterone
3COT:STR:B:1500,3cot,STR,B,1500,P51857,4.0,57.0,42,12,1,11,0,0,0,0,0,23,314.5,4.72,0,2,1,4,0,0.701,0.81,0,32.0,C1CC(=O)C=C2CC[C@@H]3[C@@H]([C@@]12C)CC[C@@]1(C)[C@H]3CC[C@@H]1C(=O)C,,Progesterone-ish steroid
3COT:STR:A:1501,3cot,STR,A,1501,P51857,4.0,57.0,42,11,2,9,0,0,0,0,0,23,314.5,4.72,0,2,1,4,0,0.701,0.81,0,34.0,C1CC(=O)C=C2CC[C@@H]3[C@@H]([C@@]12C)CC[C@@]1(C)[C@H]3CC[C@@H]1C(=O)C,,Progesterone-ish steroid
3UZZ:TES:A:501,3uzz,TES,A,501,P51857,4.0,57.0,29,9,1,8,0,0,0,0,0,21,288.4,3.88,1,2,0,4,0,0.734,0.842,0,31.0,C1CC(=O)C=C2CC[C@@H]3[C@@H]([C@@]12C)CC[C@@]1(C)[C@H]3CC[C@@H]1O,,Testosterone
1H60:STR:A:500,1h60,STR,A,500,P71278,4.0,57.0,42,7,1,5,0,0,0,0,1,23,316.5,5.29,1,2,1,4,0,0.714,0.857,0,28.0,C1CC(O)=CC2CC[C@@H]3[C@@H]([C@@]12C)CC[C@@]1(C)[C@H]3CC[C@@H]1C(=O)C,,Progesterone-ish steroid
4C8B:0LI:A:1000,4c8b,0LI,A,1000,O43353,4.0,56.0,21,14,3,9,0,0,1,1,0,39,532.6,4.46,1,5,4,5,4,0.394,0.276,0,17.0,n1c2cccnn2c(C#Cc2c(C)ccc(C(=O)Nc3cc([C@](F)(F)F)c(CN4CCN(C)CC4)cc3)c2)c1,,Vismodegib-ish (check)
4C8B:0LI:B:1000,4c8b,0LI,B,1000,O43353,4.0,56.0,21,14,3,9,0,0,1,1,0,39,532.6,4.46,1,5,4,5,4,0.394,0.276,0,17.0,n1c2cccnn2c(C#Cc2c(C)ccc(C(=O)Nc3cc([C@](F)(F)F)c(CN4CCN(C)CC4)cc3)c2)c1,,Vismodegib-ish (check)
3NRC:TCL:B:262,3nrc,TCL,B,262,Q5NGQ3,4.0,56.0,109,9,2,5,1,0,0,1,0,17,289.5,5.14,1,2,2,2,2,0.829,0.0,0,6.0,c1c(Cl)ccc(Oc2c(Cl)cc(Cl)cc2)c1O,,Triclosan
3NRC:TCL:A:262,3nrc,TCL,A,262,Q5NGQ3,4.0,56.0,109,8,1,5,1,0,0,1,0,17,289.5,5.14,1,2,2,2,2,0.829,0.0,0,6.0,c1c(Cl)ccc(Oc2c(Cl)cc(Cl)cc2)c1O,,Triclosan
5HS6:J3Z:A:302,5hs6,J3Z,A,302,Q9BPX1,4.0,56.0,6,7,1,5,0,1,0,0,0,19,256.3,3.43,1,2,0,4,1,0.772,0.588,0,24.0,[C@@H]12[C@H]([C@H]3[C@H](CC1)C(=O)CC3)CCc1c2ccc(O)c1,,
3WZE:BAX:A:1201,3wze,BAX,A,1201,P35968,4.0,55.0,10,15,5,9,0,0,0,1,0,32,464.8,5.55,3,4,5,3,3,0.461,0.095,0,17.0,c1c(NC(Nc2ccc(Oc3cc(C(NC)=O)ncc3)cc2)=O)ccc(Cl)c1[C@@](F)(F)F,,BIRB-796 / Doramapimod
3WZD:LEV:A:1201,3wzd,LEV,A,1201,P35968,4.0,55.0,3,14,4,7,0,0,0,0,3,30,426.9,4.07,3,5,6,4,3,0.549,0.19,0,13.0,COc1cc2nccc(Oc3cc(Cl)c(NC(=O)N[C@H]4CC4)cc3)c2cc1C(=O)N,,
4ASD:BAX:A:1500,4asd,BAX,A,1500,P35968,4.0,55.0,10,14,5,8,0,0,0,1,0,32,464.8,5.55,3,4,5,3,3,0.461,0.095,0,17.0,c1c(NC(Nc2ccc(Oc3cc(C(NC)=O)ncc3)cc2)=O)ccc(Cl)c1[C@](F)(F)F,,BIRB-796 / Doramapimod
3B2R:VDN:A:1,3b2r,VDN,A,1,O76074,4.0,55.0,8,12,1,7,2,0,0,0,2,34,488.6,2.07,1,7,8,4,3,0.516,0.522,0,12.0,CCOc1ccc([S@@](=O)(=O)N2CCN(CC)CC2)cc1-c1nc(=O)c2c(C)nc(CCC)n2[nH]1,PDE5A,
3B2R:VDN:B:1,3b2r,VDN,B,1,O76074,4.0,55.0,8,12,1,7,2,0,0,0,2,34,488.6,2.07,1,7,8,4,3,0.516,0.522,0,11.0,CCOc1ccc([S@@](=O)(=O)N2CCN(CC)CC2)cc1-c1nc(=O)c2c(C)nc(CCC)n2[nH]1,PDE5A,
3C7Q:XIN:A:1172,3c7q,XIN,A,1172,P35968,4.0,55.0,4,12,3,6,0,0,3,0,0,40,539.6,3.62,2,7,7,5,3,0.35,0.258,0,20.0,C1(=C(c2ccccc2)Nc2ccc(N(C(CN3CCN(C)CC3)=O)C)cc2)c2c(cc(C(OC)=O)cc2)NC1=O,,
4AG8:AXI:A:2000,4ag8,AXI,A,2000,P35968,4.0,55.0,6,12,3,7,1,0,0,0,1,28,386.5,4.27,1,5,5,4,2,0.834,0.091,0,8.0,O=C(NC)c1ccccc1SC1=CC=C2C(=NN=C2C=Cc2ncccc2)C1,,
4AGC:AXI:A:2000,4agc,AXI,A,2000,P35968,4.0,55.0,6,12,3,6,1,1,0,0,1,28,386.5,4.27,1,5,5,4,2,0.834,0.091,0,6.0,O=C(NC)c1ccccc1SC1=CC=C2C(=NN=C2C=Cc2ncccc2)C1,,
1TBF:VIA:A:501,1tbf,VIA,A,501,O76074,4.0,55.0,10,11,2,7,1,0,0,0,1,33,474.6,1.61,1,7,7,4,3,0.553,0.5,0,13.0,CCCc1nn(C)c2c1[nH]c(-c1cc([S@@](=O)(=O)N3CCN(C)CC3)ccc1OCC)nc2=O,PDE5A,
1UDU:CIA:A:1003,1udu,CIA,A,1003,O76074,4.0,55.0,3,11,1,10,0,0,0,0,0,29,389.4,2.12,0,5,1,6,1,0.738,0.318,0,25.0,C1=CC=C2C3=C(N=C2C1)[C@@H](c1ccc2c(c1)OCO2)N1C(=O)CN(C)C(=O)[C@H]1C3,PDE5A,
1UDU:CIA:B:2003,1udu,CIA,B,2003,O76074,4.0,55.0,3,11,1,10,0,0,0,0,0,29,389.4,2.12,0,5,1,6,1,0.738,0.318,0,26.0,C1=CC=C2C3=C(N=C2C1)[C@@H](c1ccc2c(c1)OCO2)N1C(=O)CN(C)C(=O)[C@H]1C3,PDE5A,
4AGD:B49:A:2000,4agd,B49,A,2000,P35968,4.0,55.0,20,11,2,5,1,0,0,1,2,29,398.5,2.98,2,4,7,3,1,0.694,0.409,0,11.0,CC1=NC(C=C2c3c(ccc(F)c3)NC2=O)=C(C)C1C(NCCN(CC)CC)=O,,CDK2 inhibitor
4ASE:AV9:A:3169,4ase,AV9,A,3169,P35968,4.0,55.0,1,11,4,4,0,0,0,1,2,32,454.9,5.64,2,7,6,4,4,0.388,0.136,0,15.0,c1(OC)cc2c(cc1OC)c(Oc1cc(Cl)c(NC(=O)Nc3noc(C)c3)cc1)ccn2,,
2H42:VIA:C:903,2h42,VIA,C,903,O76074,4.0,55.0,10,10,2,6,1,0,0,0,1,33,474.6,1.61,1,7,7,4,3,0.553,0.5,0,13.0,CCCc1nn(C)c2c1[nH]c(-c1cc([S@](=O)(=O)N3CCN(C)CC3)ccc1OCC)nc2=O,PDE5A,
1XOZ:CIA:A:501,1xoz,CIA,A,501,O76074,4.0,55.0,3,9,1,8,0,0,0,0,0,29,389.4,2.12,0,5,1,6,1,0.738,0.318,0,26.0,C1=CC=C2C3=C(N=C2C1)[C@@H](c1ccc2c(c1)OCO2)N1C(=O)CN(C)C(=O)[C@H]1C3,PDE5A,
1UDT:VIA:A:1000,1udt,VIA,A,1000,O76074,4.0,55.0,10,8,2,5,1,0,0,0,0,33,474.6,1.61,1,7,7,4,3,0.553,0.5,0,14.0,CCCc1nn(C)c2c1[nH]c(-c1cc([S@@](=O)(=O)N3CCN(C)CC3)ccc1OCC)nc2=O,PDE5A,
1UHO:VDN:A:1000,1uho,VDN,A,1000,O76074,4.0,55.0,8,8,2,5,1,0,0,0,0,34,488.6,2.07,1,7,8,4,3,0.516,0.522,0,14.0,CCOc1ccc([S@@](=O)(=O)N2CCN(CC)CC2)cc1-c1nc(=O)c2c(C)nc(CCC)n2[nH]1,PDE5A,
1XP0:VDN:A:201,1xp0,VDN,A,201,O76074,4.0,55.0,8,8,1,6,1,0,0,0,0,34,488.6,2.07,1,7,8,4,3,0.516,0.522,0,12.0,CCOc1ccc([S@@](=O)(=O)N2CCN(CC)CC2)cc1-c1nc(=O)c2c(C)nc(CCC)n2[nH]1,PDE5A,
2H42:VIA:A:901,2h42,VIA,A,901,O76074,4.0,55.0,10,8,1,5,1,0,0,0,1,33,474.6,1.61,1,7,7,4,3,0.553,0.5,0,13.0,CCCc1nn(C)c2c1[nH]c(-c1cc([S@](=O)(=O)N3CCN(C)CC3)ccc1OCC)nc2=O,PDE5A,
2H42:VIA:B:902,2h42,VIA,B,902,O76074,4.0,55.0,10,8,1,5,1,0,0,0,1,33,474.6,1.61,1,7,7,4,3,0.553,0.5,0,14.0,CCCc1nn(C)c2c1[nH]c(-c1cc([S@](=O)(=O)N3CCN(C)CC3)ccc1OCC)nc2=O,PDE5A,
3JWQ:VIA:D:901,3jwq,VIA,D,901,O76074,4.0,55.0,10,8,2,4,2,0,0,0,0,33,474.6,1.61,1,7,7,4,3,0.553,0.5,0,11.0,CCCc1nn(C)c2c1[nH]c(-c1cc([S@@](=O)(=O)N3CCN(C)CC3)ccc1OCC)nc2=O,PDE5A,
3JWQ:VIA:B:901,3jwq,VIA,B,901,O76074,4.0,55.0,10,6,1,3,2,0,0,0,0,33,474.6,1.61,1,7,7,4,3,0.553,0.5,0,11.0,CCCc1nn(C)c2c1[nH]c(-c1cc([S@@](=O)(=O)N3CCN(C)CC3)ccc1OCC)nc2=O,PDE5A,
3JWQ:VIA:A:901,3jwq,VIA,A,901,O76074,4.0,55.0,10,5,1,3,1,0,0,0,0,33,474.6,1.61,1,7,7,4,3,0.553,0.5,0,13.0,CCCc1nn(C)c2c1[nH]c(-c1cc([S@@](=O)(=O)N3CCN(C)CC3)ccc1OCC)nc2=O,PDE5A,
3JWQ:VIA:C:901,3jwq,VIA,C,901,O76074,4.0,55.0,10,5,1,3,1,0,0,0,0,33,474.6,1.61,1,7,7,4,3,0.553,0.5,0,13.0,CCCc1nn(C)c2c1[nH]c(-c1cc([S@@](=O)(=O)N3CCN(C)CC3)ccc1OCC)nc2=O,PDE5A,
5I9X:DB8:A:1001,5i9x,DB8,A,1001,P29317,4.0,54.0,18,9,2,3,0,0,1,0,3,36,530.5,5.19,1,8,9,4,3,0.379,0.385,0,17.0,COc1c(OCCCN2CCN(C)CC2)cc2ncc(C#N)c(Nc3c(Cl)cc(Cl)c(OC)c3)c2c1,,
5MIO:LOC:B:502,5mio,LOC,B,502,D0VWY9,4.0,53.0,5,6,1,5,0,0,0,0,0,29,399.4,2.87,1,6,5,3,2,0.833,0.364,0,20.0,O=C(C)N[C@@H]1c2cc(=O)c(OC)ccc2-c2c(cc(OC)c(OC)c2OC)CC1,,BRD4 ligand (check)
5FTO:YMX:A:2402,5fto,YMX,A,2402,Q9UM73,4.0,52.0,2,12,3,8,0,0,1,0,0,41,560.6,5.03,3,6,7,6,4,0.294,0.355,0,20.0,c1c2[nH]nc(NC(=O)c3ccc(N4CCN(C)CC4)cc3N[C@H]3CCOCC3)c2cc(Cc2cc(F)cc(F)c2)c1,,
3AOX:EMH:A:901,3aox,EMH,A,901,Q9UM73,4.0,52.0,2,11,1,9,0,0,0,0,1,36,482.6,4.37,0,6,3,6,1,0.64,0.5,0,16.0,C1=CC(C#N)=CC2=NC3=C(C12)C(=O)c1c(cc(N2CC[C@@H](N4CCOCC4)CC2)c(CC)c1)[C@@]3(C)C,,
4MKC:4MK:A:1503,4mkc,4MK,A,1503,Q9UM73,4.0,52.0,1,10,2,8,0,0,0,0,0,38,578.3,4.25,7,8,9,4,0,0.204,1.0,0,40.0,C[C@@H](C)OC1C[C@@H]([C@@H]2CCNCC2)C(C)CC1NC1NC[C@@H](Cl)C(N[C@@H]2CCCC[C@@H]2[S@@](O)(O)[C@@H](C)C)N1,,
5AAC:VGH:A:9000,5aac,VGH,A,9000,Q9UM73,4.0,52.0,9,9,2,4,0,0,0,2,1,30,450.3,5.04,2,5,5,4,3,0.533,0.333,0,20.0,Clc1ccc(F)c(Cl)c1[C@@H](C)Oc1cc(-c2cn([C@@H]3CCNCC3)nc2)cnc1N,,
5AAB:VGH:A:9000,5aab,VGH,A,9000,Q9UM73,4.0,52.0,9,8,2,5,0,0,0,1,0,30,450.3,5.04,2,5,5,4,3,0.533,0.333,0,19.0,Clc1ccc(F)c(Cl)c1[C@@H](C)Oc1cc(-c2cn([C@@H]3CCNCC3)nc2)cnc1N,,
5AAA:VGH:A:9000,5aaa,VGH,A,9000,Q9UM73,4.0,52.0,9,7,2,3,0,0,0,1,1,30,450.3,5.04,2,5,5,4,3,0.533,0.333,0,20.0,Clc1ccc(F)c(Cl)c1[C@@H](C)Oc1cc(-c2cn([C@@H]3CCNCC3)nc2)cnc1N,,
4ANQ:VGH:A:9000,4anq,VGH,A,9000,Q9UM73,4.0,52.0,9,6,2,3,0,0,0,0,1,30,450.3,5.04,2,5,5,4,3,0.533,0.333,0,20.0,Clc1ccc(F)c(Cl)c1[C@@H](C)Oc1cc(-c2cn([C@@H]3CCNCC3)nc2)cnc1N,,
2CML:ZMR:A:1477,2cml,ZMR,A,1477,Q6XV27,4.0,51.0,45,21,8,3,0,0,6,0,4,23,330.3,-3.58,6,7,6,1,0,0.21,0.5,0,28.0,C(=O)(O)C1=C[C@H](N=C(N)N)[C@@H](NC(=O)C)[C@H](C(=O)[C@H](O)CO)O1,,Zanamivir
2CML:ZMR:C:3477,2cml,ZMR,C,3477,Q6XV27,4.0,51.0,45,19,8,3,0,0,6,0,2,23,330.3,-3.58,6,7,6,1,0,0.21,0.5,0,28.0,C(=O)(O)C1=C[C@H](N=C(N)N)[C@@H](NC(=O)C)[C@H](C(=O)[C@H](O)CO)O1,,Zanamivir
2CML:ZMR:B:2477,2cml,ZMR,B,2477,Q6XV27,4.0,51.0,45,18,6,3,0,0,6,0,3,23,330.3,-3.58,6,7,6,1,0,0.21,0.5,0,28.0,C(=O)(O)C1=C[C@H](N=C(N)N)[C@@H](NC(=O)C)[C@H](C(=O)[C@H](O)CO)O1,,Zanamivir
2CML:ZMR:D:4477,2cml,ZMR,D,4477,Q6XV27,4.0,51.0,45,15,6,3,0,0,6,0,0,23,330.3,-3.58,6,7,6,1,0,0.21,0.5,0,29.0,C(=O)(O)C1=C[C@H](N=C(N)N)[C@@H](NC(=O)C)[C@H](C(=O)[C@H](O)CO)O1,,Zanamivir
4IFG:1E8:A:601,4ifg,1E8,A,601,Q9BJF5,4.0,51.0,12,15,4,10,0,0,0,0,1,33,442.5,4.44,1,6,5,5,4,0.49,0.28,0,17.0,n1cnc2c(c1N)c(-c1ccc(Oc3ccccc3)cc1)nn2[C@@H]1CCCN(C(=O)CC)C1,,
1IEP:STI:B:202,1iep,STI,B,202,P00520,4.0,50.0,44,20,4,13,2,0,1,0,0,37,519.8,1.33,6,8,8,5,0,0.268,1.0,0,9.0,C1CC(C2CCNC(NC3C(C)CCC(NC(C4CCC(CN5CCN(C)CC5)CC4)O)C3)N2)CNC1,c-Src / Abl (murine),Imatinib
1OPJ:STI:A:3,1opj,STI,A,3,P00520,4.0,50.0,44,18,4,13,1,0,0,0,0,37,519.8,1.33,6,8,8,5,0,0.268,1.0,0,11.0,C1CC(C2CCNC(NC3C(C)CCC(NC(C4CCC(CN5CCN(C)CC5)CC4)O)C3)N2)CNC1,c-Src / Abl (murine),Imatinib
3IK3:0LI:A:1,3ik3,0LI,A,1,P00520,4.0,50.0,21,17,3,11,1,1,0,1,0,39,532.6,4.46,1,5,4,5,4,0.394,0.276,0,17.0,n1c2cccnn2c(C#Cc2c(C)ccc(C(=O)Nc3cc([C@@](F)(F)F)c(CN4CCN(C)CC4)cc3)c2)c1,c-Src / Abl (murine),Vismodegib-ish (check)
3IK3:0LI:B:2,3ik3,0LI,B,2,P00520,4.0,50.0,21,17,3,11,1,1,0,1,0,39,532.6,4.46,1,5,4,5,4,0.394,0.276,0,17.0,n1c2cccnn2c(C#Cc2c(C)ccc(C(=O)Nc3cc([C@@](F)(F)F)c(CN4CCN(C)CC4)cc3)c2)c1,c-Src / Abl (murine),Vismodegib-ish (check)
3MS9:STI:A:1,3ms9,STI,A,1,P00520,4.0,50.0,44,17,4,11,1,1,0,0,0,37,519.8,1.33,6,8,8,5,0,0.268,1.0,0,20.0,C1CC(C2CCNC(N[C@@H]3C(C)CC[C@H](NC([C@@H]4CCC(CN5CCN(C)CC5)CC4)O)C3)N2)CNC1,c-Src / Abl (murine),Imatinib
3K5V:STI:B:2,3k5v,STI,B,2,P00520,4.0,50.0,44,16,4,11,1,0,0,0,0,37,519.8,1.33,6,8,8,5,0,0.268,1.0,0,16.0,C1CC(C2CCNC(NC3C(C)CC[C@H](NC([C@H]4CCC(CN5CCN(C)CC5)CC4)O)C3)N2)CNC1,c-Src / Abl (murine),Imatinib
3MSS:STI:C:1,3mss,STI,C,1,P00520,4.0,50.0,44,16,5,9,1,1,0,0,0,37,519.8,1.33,6,8,8,5,0,0.268,1.0,0,25.0,C1CC(C2CCN[C@@H](N[C@@H]3C(C)CC[C@H](N[C@@H]([C@H]4CC[C@H](CN5CCN(C)CC5)CC4)O)C3)N2)CNC1,c-Src / Abl (murine),Imatinib
3MSS:STI:D:1,3mss,STI,D,1,P00520,4.0,50.0,44,15,4,10,1,0,0,0,0,37,519.8,1.33,6,8,8,5,0,0.268,1.0,0,24.0,C1C[C@@H](C2CCNC(N[C@@H]3C(C)CC[C@H](N[C@H]([C@H]4CCC(CN5CCN(C)CC5)CC4)O)C3)N2)CNC1,c-Src / Abl (murine),Imatinib
1OPJ:STI:B:4,1opj,STI,B,4,P00520,4.0,50.0,44,14,4,9,1,0,0,0,0,37,519.8,1.33,6,8,8,5,0,0.268,1.0,0,10.0,C1CC(C2CCNC(NC3C(C)CCC(NC(C4CCC(CN5CCN(C)CC5)CC4)O)C3)N2)CNC1,c-Src / Abl (murine),Imatinib
3K5V:STI:A:2,3k5v,STI,A,2,P00520,4.0,50.0,44,14,4,9,1,0,0,0,0,37,519.8,1.33,6,8,8,5,0,0.268,1.0,0,20.0,C1CC(C2CCNC(NC3C(C)CC[C@H](N[C@@H]([C@H]4CCC(CN5CCN(C)CC5)CC4)O)C3)N2)CNC1,c-Src / Abl (murine),Imatinib
3MS9:STI:B:1,3ms9,STI,B,1,P00520,4.0,50.0,44,14,4,9,1,0,0,0,0,37,519.8,1.33,6,8,8,5,0,0.268,1.0,0,21.0,C1CC(C2CCN[C@@H](NC3C(C)CC[C@H](NC([C@H]4CC[C@H](CN5CCN(C)CC5)CC4)O)C3)N2)CNC1,c-Src / Abl (murine),Imatinib
3MSS:STI:A:1,3mss,STI,A,1,P00520,4.0,50.0,44,14,5,7,1,1,0,0,0,37,519.8,1.33,6,8,8,5,0,0.268,1.0,0,34.0,C1C[C@@H](C2CCNC(N[C@@H]3[C@@H](C)CC[C@H](N[C@@H](C4CC[C@H](CN5CCN(C)CC5)CC4)O)C3)N2)CNC1,c-Src / Abl (murine),Imatinib
3MSS:STI:B:1,3mss,STI,B,1,P00520,4.0,50.0,44,14,4,9,1,0,0,0,0,37,519.8,1.33,6,8,8,5,0,0.268,1.0,0,20.0,C1CC(C2CCNC(N[C@@H]3C(C)CC[C@H](NC([C@H]4CCC(CN5CCN(C)CC5)CC4)O)C3)N2)CNC1,c-Src / Abl (murine),Imatinib
1IEP:STI:A:201,1iep,STI,A,201,P00520,4.0,50.0,44,13,4,7,1,0,1,0,0,37,519.8,1.33,6,8,8,5,0,0.268,1.0,0,12.0,C1CC(C2CCNC(NC3C(C)CCC(NC(C4CCC(CN5CCN(C)CC5)CC4)O)C3)N2)CNC1,c-Src / Abl (murine),Imatinib
3OXZ:0LI:A:1,3oxz,0LI,A,1,P00520,4.0,50.0,21,12,3,7,1,0,0,1,0,39,532.6,4.46,1,5,4,5,4,0.394,0.276,0,17.0,n1c2cccnn2c(C#Cc2c(C)ccc(C(=O)Nc3cc([C@@](F)(F)F)c(CN4CCN(C)CC4)cc3)c2)c1,c-Src / Abl (murine),Vismodegib-ish (check)
4JPS:1LT:A:1102,4jps,1LT,A,1102,P42336,4.0,49.0,1,11,4,6,0,0,0,0,1,30,441.5,3.84,2,5,4,3,2,0.753,0.474,0,22.0,c1(C)c(-c2cc([C@@](C)(C)[C@@](F)(F)F)ncc2)sc(NC(=O)N2[C@H](C(=O)N)CCC2)n1,,
5KVT:YMX:A:801,5kvt,YMX,A,801,P04629,4.0,49.0,2,9,3,6,0,0,0,0,0,41,560.6,5.03,3,6,7,6,4,0.294,0.355,0,20.0,c1c2[nH]nc(NC(=O)c3ccc(N4CCN(C)CC4)cc3N[C@@H]3CCOCC3)c2cc(Cc2cc(F)cc(F)c2)c1,,
3LXN:MI1:A:1,3lxn,MI1,A,1,P29597,4.0,47.0,6,7,3,4,0,0,0,0,0,23,312.4,1.5,1,5,3,3,0,0.927,0.5,0,23.0,[C@H]1(N(C)c2c3ccnc-3[nH]cn2)CN(C(=O)CC#N)CC[C@H]1C,,
1FDT:EST:A:350,1fdt,EST,A,350,P14061,4.0,46.0,79,10,3,7,0,0,0,0,0,20,272.4,3.61,2,2,0,4,1,0.757,0.667,0,28.0,c1cc(O)cc2c1[C@@H]1[C@@H](CC2)[C@H]2[C@](C)(CC1)[C@@H](O)CC2,,Estradiol
1FDU:EST:A:351,1fdu,EST,A,351,P14061,4.0,46.0,79,10,3,7,0,0,0,0,0,20,272.4,3.61,2,2,0,4,1,0.757,0.667,0,26.0,c1cc(O)cc2c1[C@@H]1[C@@H](CC2)[C@H]2[C@](C)(CC1)[C@@H](O)CC2,,Estradiol
1A27:EST:A:350,1a27,EST,A,350,P14061,4.0,46.0,79,9,3,5,0,0,0,0,1,20,272.4,3.61,2,2,0,4,1,0.757,0.667,0,24.0,c1cc(O)cc2c1[C@@H]1[C@@H](CC2)[C@H]2[C@](C)(CC1)[C@@H](O)CC2,,Estradiol
1FDU:EST:B:354,1fdu,EST,B,354,P14061,4.0,46.0,79,9,3,6,0,0,0,0,0,20,272.4,3.61,2,2,0,4,1,0.757,0.667,0,25.0,c1cc(O)cc2c1[C@@H]1[C@@H](CC2)[C@H]2[C@](C)(CC1)[C@@H](O)CC2,,Estradiol
1FDU:EST:C:353,1fdu,EST,C,353,P14061,4.0,46.0,79,9,4,5,0,0,0,0,0,20,272.4,3.61,2,2,0,4,1,0.757,0.667,0,26.0,c1cc(O)cc2c1[C@@H]1[C@@H](CC2)[C@H]2[C@](C)(CC1)[C@@H](O)CC2,,Estradiol
1FDU:EST:D:352,1fdu,EST,D,352,P14061,4.0,46.0,79,8,3,5,0,0,0,0,0,20,272.4,3.61,2,2,0,4,1,0.757,0.667,0,29.0,c1cc(O)cc2c1[C@@H]1[C@@H](CC2)[C@H]2[C@](C)(CC1)[C@@H](O)CC2,,Estradiol
1JTV:TES:A:500,1jtv,TES,A,500,P14061,4.0,46.0,29,8,1,6,0,0,0,0,1,21,288.4,3.88,1,2,0,4,0,0.734,0.842,0,33.0,C1CC(=O)C=C2CC[C@@H]3[C@@H]([C@@]12C)CC[C@@]1(C)[C@H]3CC[C@@H]1O,,Testosterone
1FDW:EST:A:350,1fdw,EST,A,350,P14061,4.0,46.0,79,7,1,6,0,0,0,0,0,20,272.4,3.61,2,2,0,4,1,0.757,0.667,0,28.0,c1cc(O)cc2c1[C@@H]1[C@@H](CC2)[C@H]2[C@](C)(CC1)[C@@H](O)CC2,,Estradiol
1IOL:EST:A:400,1iol,EST,A,400,P14061,4.0,46.0,79,7,3,4,0,0,0,0,0,20,272.4,3.61,2,2,0,4,1,0.757,0.667,0,29.0,c1cc(O)cc2c1[C@@H]1[C@@H](CC2)[C@H]2[C@](C)(CC1)[C@@H](O)CC2,,Estradiol
1FDS:EST:A:350,1fds,EST,A,350,P14061,4.0,46.0,79,5,1,4,0,0,0,0,0,20,272.4,3.61,2,2,0,4,1,0.757,0.667,0,30.0,c1cc(O)cc2c1[C@@H]1[C@@H](CC2)[C@H]2[C@](C)(CC1)[C@@H](O)CC2,,Estradiol
1YA3:STR:C:3001,1ya3,STR,C,3001,P08235,4.0,45.0,42,16,3,12,0,0,0,0,1,23,316.5,4.52,1,2,1,4,0,0.772,0.857,0,32.0,C1CC(=O)C=C2CC[C@@H]3[C@@H]([C@@]12C)CC[C@@]1(C)[C@H]3CC[C@@H]1C(O)C,Mineralocorticoid receptor,Progesterone-ish steroid
2AB2:SNL:A:502,2ab2,SNL,A,502,P08235,4.0,45.0,9,15,3,11,0,0,0,0,1,29,416.6,4.85,0,5,1,5,0,0.572,0.792,0,39.0,C1C[C@@H]2[C@](C)(CC[C@@H]3[C@@]4(C)CCC(=O)C=C4C[C@@H](SC(C)=O)[C@@H]23)[C@]12CCC(=O)O2,Mineralocorticoid receptor,
2OAX:SNL:A:1001,2oax,SNL,A,1001,P08235,4.0,45.0,9,15,3,11,0,0,0,0,1,29,416.6,4.85,0,5,1,5,0,0.572,0.792,0,38.0,C1C[C@@H]2[C@](C)(CC[C@@H]3[C@@]4(C)CCC(=O)C=C4C[C@@H](SC(C)=O)[C@@H]23)[C@]12CCC(=O)O2,Mineralocorticoid receptor,
2OAX:SNL:E:5001,2oax,SNL,E,5001,P08235,4.0,45.0,9,15,3,11,0,0,0,0,1,29,416.6,4.85,0,5,1,5,0,0.572,0.792,0,38.0,C1C[C@@H]2[C@](C)(CC[C@@H]3[C@@]4(C)CCC(=O)C=C4C[C@@H](SC(C)=O)[C@@H]23)[C@]12CCC(=O)O2,Mineralocorticoid receptor,
2OAX:SNL:B:2001,2oax,SNL,B,2001,P08235,4.0,45.0,9,14,3,10,0,0,0,0,1,29,416.6,4.85,0,5,1,5,0,0.572,0.792,0,40.0,C1C[C@@H]2[C@](C)(CC[C@@H]3[C@@]4(C)CCC(=O)C=C4C[C@@H](SC(C)=O)[C@@H]23)[C@]12CCC(=O)O2,Mineralocorticoid receptor,
2OAX:SNL:D:4001,2oax,SNL,D,4001,P08235,4.0,45.0,9,14,3,10,0,0,0,0,1,29,416.6,4.85,0,5,1,5,0,0.572,0.792,0,39.0,C1C[C@@H]2[C@](C)(CC[C@@H]3[C@@]4(C)CCC(=O)C=C4C[C@@H](SC(C)=O)[C@@H]23)[C@]12CCC(=O)O2,Mineralocorticoid receptor,
1YA3:STR:B:2001,1ya3,STR,B,2001,P08235,4.0,45.0,42,13,3,9,0,0,0,0,1,23,314.5,4.72,0,2,1,4,0,0.701,0.81,0,32.0,C1CC(=O)C=C2CC[C@@H]3[C@@H]([C@@]12C)CC[C@@]1(C)[C@H]3CC[C@@H]1C(=O)C,Mineralocorticoid receptor,Progesterone-ish steroid
2AB2:SNL:B:503,2ab2,SNL,B,503,P08235,4.0,45.0,9,13,3,9,0,0,0,0,1,29,416.6,4.85,0,5,1,5,0,0.572,0.792,0,40.0,C1C[C@@H]2[C@](C)(CC[C@@H]3[C@@]4(C)CCC(=O)C=C4C[C@@H](SC(C)=O)[C@@H]23)[C@]12CCC(=O)O2,Mineralocorticoid receptor,
2OAX:SNL:C:3001,2oax,SNL,C,3001,P08235,4.0,45.0,9,13,3,9,0,0,0,0,1,29,416.6,4.85,0,5,1,5,0,0.572,0.792,0,39.0,C1C[C@@H]2[C@](C)(CC[C@@H]3[C@@]4(C)CCC(=O)C=C4C[C@@H](SC(C)=O)[C@@H]23)[C@]12CCC(=O)O2,Mineralocorticoid receptor,
3VHU:SNL:A:1001,3vhu,SNL,A,1001,P08235,4.0,45.0,9,13,3,9,0,0,0,0,1,29,416.6,4.85,0,5,1,5,0,0.572,0.792,0,40.0,C1C[C@@H]2[C@](C)(CC[C@@H]3[C@@]4(C)CCC(=O)C=C4C[C@@H](SC(C)=O)[C@@H]23)[C@]12CCC(=O)O2,Mineralocorticoid receptor,
1YA3:STR:A:1001,1ya3,STR,A,1001,P08235,4.0,45.0,42,12,4,8,0,0,0,0,0,23,314.5,4.72,0,2,1,4,0,0.701,0.81,0,32.0,C1CC(=O)C=C2CC[C@@H]3[C@@H]([C@@]12C)CC[C@@]1(C)[C@H]3CC[C@@H]1C(=O)C,Mineralocorticoid receptor,Progesterone-ish steroid
2OAX:SNL:F:6001,2oax,SNL,F,6001,P08235,4.0,45.0,9,12,3,8,0,0,0,0,1,29,416.6,4.85,0,5,1,5,0,0.572,0.792,0,39.0,C1C[C@@H]2[C@](C)(CC[C@@H]3[C@@]4(C)CCC(=O)C=C4C[C@@H](SC(C)=O)[C@@H]23)[C@]12CCC(=O)O2,Mineralocorticoid receptor,
3MIY:B49:A:1,3miy,B49,A,1,Q08881,4.0,45.0,20,12,2,8,0,0,0,1,1,29,398.5,2.98,2,4,7,3,1,0.694,0.409,0,13.0,CC1=NC(C=C2c3c(ccc(F)c3)NC2=O)=C(C)C1C(NCCN(CC)CC)=O,,CDK2 inhibitor
4UDA:DEX:A:1985,4uda,DEX,A,1985,P08235,4.0,45.0,11,11,5,5,0,0,0,0,1,28,392.5,1.9,3,5,2,4,0,0.667,0.727,0,42.0,C1=CC(=O)C=C2CC[C@@H]3[C@@](F)([C@@]12C)[C@@H](O)C[C@@]1(C)[C@H]3C[C@@H](C)[C@@]1(C(CO)=O)O,Mineralocorticoid receptor,
5MWY:YNU:A:1101,5mwy,YNU,A,1101,P08235,4.0,45.0,1,11,3,7,0,0,0,0,1,30,414.5,3.12,0,6,1,6,0,0.484,0.792,0,41.0,[C@]123[C@@H](C[C@@]4(C)[C@H]([C@@H]1[C@H](C(OC)=O)CC1=CC(=O)CC[C@]21C)CC[C@@]41CCC(=O)O1)O3,Mineralocorticoid receptor,
3MIY:B49:B:2,3miy,B49,B,2,Q08881,4.0,45.0,20,10,2,7,0,0,0,0,1,29,398.5,2.98,2,4,7,3,1,0.694,0.409,0,13.0,CC1=NC(C=C2c3c(ccc(F)c3)NC2=O)=C(C)C1C(NCCN(CC)CC)=O,,CDK2 inhibitor
2AA6:STR:A:401,2aa6,STR,A,401,P08235,4.0,45.0,42,9,2,6,0,0,0,0,1,23,314.5,4.72,0,2,1,4,0,0.701,0.81,0,34.0,C1CC(=O)C=C2CC[C@@H]3[C@@H]([C@@]12C)CC[C@@]1(C)[C@H]3CC[C@@H]1C(=O)C,Mineralocorticoid receptor,Progesterone-ish steroid
2AA6:STR:B:402,2aa6,STR,B,402,P08235,4.0,45.0,42,9,2,6,0,0,0,0,1,23,314.5,4.72,0,2,1,4,0,0.701,0.81,0,33.0,C1CC(=O)C=C2CC[C@@H]3[C@@H]([C@@]12C)CC[C@@]1(C)[C@H]3CC[C@@H]1C(=O)C,Mineralocorticoid receptor,Progesterone-ish steroid
4X1G:3WF:A:501,4x1g,3WF,A,501,O75469,4.0,45.0,2,9,2,7,0,0,0,0,0,22,296.4,3.61,2,2,0,4,1,0.718,0.6,0,28.0,C[C@]12CC[C@@H]3c4ccc(O)cc4CC[C@H]3[C@@H]1CC[C@@]2(O)C#C,,
2AA5:STR:A:301,2aa5,STR,A,301,P08235,4.0,45.0,42,8,2,5,0,0,0,0,1,23,314.5,4.72,0,2,1,4,0,0.701,0.81,0,34.0,C1CC(=O)C=C2CC[C@@H]3[C@@H]([C@@]12C)CC[C@@]1(C)[C@H]3CC[C@@H]1C(=O)C,Mineralocorticoid receptor,Progesterone-ish steroid
2AA5:STR:B:302,2aa5,STR,B,302,P08235,4.0,45.0,42,8,2,5,0,0,0,0,1,23,314.5,4.72,0,2,1,4,0,0.701,0.81,0,35.0,C1CC(=O)C=C2CC[C@@H]3[C@@H]([C@@]12C)CC[C@@]1(C)[C@H]3CC[C@@H]1C(=O)C,Mineralocorticoid receptor,Progesterone-ish steroid
4X1F:3WF:A:501,4x1f,3WF,A,501,O75469,4.0,45.0,2,8,2,6,0,0,0,0,0,22,296.4,3.61,2,2,0,4,1,0.718,0.6,0,28.0,C[C@]12CC[C@@H]3c4ccc(O)cc4CC[C@H]3[C@@H]1CC[C@@]2(O)C#C,,
4WNU:QDN:A:602,4wnu,QDN,A,602,P10635,4.0,44.0,4,11,3,7,0,0,1,0,0,24,324.4,3.17,1,4,4,5,2,0.878,0.45,0,19.0,O[C@H]([C@@H]1N2CC[C@H]([C@@H](C=C)C2)C1)c1ccnc2c1cc(OC)cc2,,
4WNV:QI9:B:602,4wnv,QI9,B,602,P10635,4.0,44.0,5,11,1,9,0,0,1,0,0,24,324.4,3.17,1,4,4,5,2,0.878,0.45,0,18.0,O[C@@H]([C@H]1N2CC[C@H]([C@@H](C=C)C2)C1)c1ccnc2c1cc(OC)cc2,,
3IB0:DIF:A:701,3ib0,DIF,A,701,P24627,4.0,44.0,24,9,4,3,0,0,0,0,2,19,296.2,4.36,2,2,4,2,2,0.881,0.071,0,8.0,c1c(Cl)c(Nc2c(CC(O)=O)cccc2)c(Cl)cc1,,Diclofenac
4WNU:QDN:B:602,4wnu,QDN,B,602,P10635,4.0,44.0,4,9,3,5,0,0,1,0,0,24,324.4,3.17,1,4,4,5,2,0.878,0.45,0,25.0,O[C@H]([C@@H]1N2CC[C@H]([C@@H](C=C)C2)C1)c1ccnc2c1cc(OC)cc2,,
4WNU:QDN:D:602,4wnu,QDN,D,602,P10635,4.0,44.0,4,9,3,4,0,0,2,0,0,24,324.4,3.17,1,4,4,5,2,0.878,0.45,0,25.0,O[C@H]([C@@H]1N2CC[C@H]([C@@H](C=C)C2)C1)c1ccnc2c1cc(OC)cc2,,
4WNU:QDN:C:602,4wnu,QDN,C,602,P10635,4.0,44.0,4,8,2,5,0,0,1,0,0,24,324.4,3.17,1,4,4,5,2,0.878,0.45,0,24.0,O[C@H]([C@@H]1N2CC[C@H]([C@@H](C=C)C2)C1)c1ccnc2c1cc(OC)cc2,,
4WNV:QI9:A:602,4wnv,QI9,A,602,P10635,4.0,44.0,5,8,1,6,0,0,1,0,0,24,324.4,3.17,1,4,4,5,2,0.878,0.45,0,23.0,O[C@@H]([C@H]1N2CC[C@H]([C@@H](C=C)C2)C1)c1ccnc2c1cc(OC)cc2,,
4WNV:QI9:D:602,4wnv,QI9,D,602,P10635,4.0,44.0,5,8,1,6,0,0,1,0,0,24,324.4,3.17,1,4,4,5,2,0.878,0.45,0,22.0,O[C@@H]([C@H]1N2CC[C@H]([C@@H](C=C)C2)C1)c1ccnc2c1cc(OC)cc2,,
4WNV:QI9:C:602,4wnv,QI9,C,602,P10635,4.0,44.0,5,7,1,5,0,0,1,0,0,24,324.4,3.17,1,4,4,5,2,0.878,0.45,0,24.0,O[C@@H]([C@H]1N2CC[C@H]([C@@H](C=C)C2)C1)c1ccnc2c1cc(OC)cc2,,
3M7R:VDX:A:425,3m7r,VDX,A,425,P11473,4.0,42.0,17,19,6,13,0,0,0,0,0,30,416.6,5.7,3,3,6,3,0,0.52,0.778,0,29.0,O[C@H]1C[C@H](O)C(=C)C(=CC=C2CCC[C@@]3(C)[C@H]2CC[C@@H]3[C@H](C)CCC[C@@](O)(C)C)C1,,
1DB1:VDX:A:428,1db1,VDX,A,428,P11473,4.0,42.0,17,15,5,10,0,0,0,0,0,30,416.6,5.7,3,3,6,3,0,0.52,0.778,0,34.0,O[C@H]1C[C@H](O)C(=C)C(=CC=C2CCC[C@@]3(C)[C@H]2CC[C@@H]3[C@H](C)CCC[C@@](O)(C)C)C1,,
3RGF:BAX:A:465,3rgf,BAX,A,465,P49336,4.0,42.0,10,15,5,8,1,0,0,1,0,32,464.8,5.55,3,4,5,3,3,0.461,0.095,0,15.0,c1c(NC(Nc2ccc(Oc3cc(C(NC)=O)ncc3)cc2)=O)ccc(Cl)c1[C@@](F)(F)F,,BIRB-796 / Doramapimod
1IE9:VDX:A:500,1ie9,VDX,A,500,P11473,4.0,42.0,17,12,4,8,0,0,0,0,0,30,414.6,5.48,3,3,5,3,0,0.522,0.704,0,37.0,O[C@H]1C[C@H](O)C(=C)C(=CC=C2CCC[C@@]3(C)[C@H]2CC[C@@H]3[C@@H](C)CC=C[C@@](O)(C)C)C1,,
1S19:MC9:A:500,1s19,MC9,A,500,P11473,4.0,42.0,1,12,4,8,0,0,0,0,0,30,414.6,5.17,3,3,5,4,0,0.544,0.778,0,40.0,O[C@H]1C[C@H](O)C(C)C(=CC=C2CCC[C@@]3(C)[C@H]2CC[C@@H]3[C@@H](C=C[C@H]([C@@H]2CC2)O)C)C1,,
1NHG:TCL:A:500,1nhg,TCL,A,500,Q9BH77,4.0,42.0,109,9,1,6,1,0,0,1,0,17,289.5,5.14,1,2,2,2,2,0.829,0.0,0,6.0,c1c(Cl)ccc(Oc2c(Cl)cc(Cl)cc2)c1O,,Triclosan
1SV9:DIF:A:701,1sv9,DIF,A,701,P59071,4.0,42.0,24,8,1,5,0,0,1,1,0,19,296.2,4.36,2,2,4,2,2,0.881,0.071,0,8.0,c1c(Cl)c(Nc2c(CC(O)=O)cccc2)c(Cl)cc1,,Diclofenac
2B17:DIF:A:701,2b17,DIF,A,701,P59071,4.0,42.0,24,8,2,5,0,0,1,0,0,19,296.2,4.36,2,2,4,2,2,0.881,0.071,0,8.0,c1c(Cl)c(Nc2c(CC(O)=O)cccc2)c(Cl)cc1,,Diclofenac
2O2Y:TCL:B:706,2o2y,TCL,B,706,Q9BH77,4.0,42.0,109,8,2,4,1,0,0,1,0,17,289.5,5.14,1,2,2,2,2,0.829,0.0,0,6.0,c1c(Cl)ccc(Oc2c(Cl)cc(Cl)cc2)c1O,,Triclosan
2O2Y:TCL:C:708,2o2y,TCL,C,708,Q9BH77,4.0,42.0,109,8,2,4,1,0,0,1,0,17,289.5,5.14,1,2,2,2,2,0.829,0.0,0,6.0,c1c(Cl)ccc(Oc2c(Cl)cc(Cl)cc2)c1O,,Triclosan
1NHG:TCL:B:600,1nhg,TCL,B,600,Q9BH77,4.0,42.0,109,7,1,4,1,0,0,1,0,17,289.5,5.14,1,2,2,2,2,0.829,0.0,0,6.0,c1c(Cl)ccc(Oc2c(Cl)cc(Cl)cc2)c1O,,Triclosan
5LUR:STR:A:201,5lur,STR,A,201,P02701,4.0,42.0,42,7,1,6,0,0,0,0,0,23,314.5,4.72,0,2,1,4,0,0.701,0.81,0,28.0,C1CC(=O)C=C2CC[C@@H]3[C@@H]([C@@]12C)CC[C@@]1(C)[C@H]3CC[C@@H]1C(=O)C,,Progesterone-ish steroid
2O2Y:TCL:A:705,2o2y,TCL,A,705,Q9BH77,4.0,42.0,109,6,1,3,1,0,0,1,0,17,289.5,5.14,1,2,2,2,2,0.829,0.0,0,6.0,c1c(Cl)ccc(Oc2c(Cl)cc(Cl)cc2)c1O,,Triclosan
2O2Y:TCL:D:707,2o2y,TCL,D,707,Q9BH77,4.0,42.0,109,6,1,3,1,0,0,1,0,17,289.5,5.14,1,2,2,2,2,0.829,0.0,0,6.0,c1c(Cl)ccc(Oc2c(Cl)cc(Cl)cc2)c1O,,Triclosan
5MAF:XIN:A:403,5maf,XIN,A,403,Q14680,4.0,41.0,4,15,3,9,0,0,3,0,0,40,539.6,3.62,2,7,7,5,3,0.35,0.258,0,19.0,C1(=C(c2ccccc2)Nc2ccc(N(C(CN3CCN(C)CC3)=O)C)cc2)c2c(cc(C(OC)=O)cc2)NC1=O,,
4URO:NOV:A:2000,4uro,NOV,A,2000,P0A0K8,4.0,41.0,16,14,5,3,0,3,2,0,1,44,612.6,3.63,5,11,8,4,3,0.184,0.387,0,31.0,CO[C@@H]1[C@@H](OC(N)=O)[C@@H](O)[C@H](Oc2c(C)c3c(cc2)c(O)c(NC(=O)c2cc(CC=C(C)C)c(O)cc2)c(=O)o3)O[C@@]1(C)C,,
4URO:NOV:B:2000,4uro,NOV,B,2000,P0A0K8,4.0,41.0,16,14,5,4,0,1,2,0,2,44,612.6,3.63,5,11,8,4,3,0.184,0.387,0,37.0,CO[C@@H]1[C@@H](OC(N)=O)[C@@H](O)[C@H](Oc2c(C)c3c(cc2)c(O)c(NC(=O)c2cc(CC=C(C)C)c(O)cc2)c(=O)o3)O[C@@]1(C)C,,
4URO:NOV:C:2000,4uro,NOV,C,2000,P0A0K8,4.0,41.0,16,11,4,4,0,1,2,0,0,44,612.6,3.63,5,11,8,4,3,0.184,0.387,0,38.0,CO[C@@H]1[C@@H](OC(N)=O)[C@@H](O)[C@H](Oc2c(C)c3c(cc2)c(O)c(NC(=O)c2cc(CC=C(C)C)c(O)cc2)c(=O)o3)O[C@@]1(C)C,,
4URO:NOV:D:2000,4uro,NOV,D,2000,P0A0K8,4.0,41.0,16,11,4,3,0,2,2,0,0,44,612.6,3.63,5,11,8,4,3,0.184,0.387,0,37.0,CO[C@@H]1[C@@H](OC(N)=O)[C@@H](O)[C@H](Oc2c(C)c3c(cc2)c(O)c(NC(=O)c2cc(CC=C(C)C)c(O)cc2)c(=O)o3)O[C@@]1(C)C,,
1NHZ:486:A:800,1nhz,486,A,800,P04150,4.0,39.0,12,13,3,8,0,0,0,0,2,32,429.6,5.41,1,3,2,5,1,0.64,0.552,0,36.0,O=C1CCC2=C3[C@@H](c4ccc(N(C)C)cc4)C[C@]4(C)[C@@](C#CC)(O)CC[C@H]4[C@@H]3CCC2=C1,Glucocorticoid receptor,
3CLD:GW6:A:1,3cld,GW6,A,1,P04150,4.0,39.0,1,12,3,8,0,0,0,0,1,37,538.6,4.93,1,7,4,5,1,0.544,0.593,0,52.0,C[C@@H]1C[C@H]2[C@@H]3C[C@H](F)C4=CC(=O)C=C[C@]4(C)[C@@]3(F)[C@@H](O)C[C@]2(C)[C@@]1(OC(=O)c1ccco1)C(=O)SCF,Glucocorticoid receptor,
4P6W:MOF:A:801,4p6w,MOF,A,801,P04150,4.0,39.0,5,11,4,6,0,0,0,0,1,35,523.5,4.66,2,6,4,5,1,0.44,0.63,0,46.0,O=C1C=C[C@@]2(C)C(=C1)CC[C@@H]1[C@]2(Cl)[C@@H](O)C[C@@]2(C)[C@H]1C[C@@H](C)[C@@]2(C(O)CCl)OC(=O)c1ccco1,Glucocorticoid receptor,
1M2Z:DEX:A:301,1m2z,DEX,A,301,P04150,4.0,39.0,11,10,5,5,0,0,0,0,0,28,400.5,1.78,5,5,2,4,0,0.486,1.0,0,42.0,C1CC(O)CC2CC[C@@H]3[C@@](F)([C@@]12C)[C@@H](O)C[C@@]1(C)[C@H]3C[C@@H](C)[C@@]1(C(CO)O)O,Glucocorticoid receptor,
3H52:486:B:1,3h52,486,B,1,P04150,4.0,39.0,12,10,2,8,0,0,0,0,0,32,429.6,5.41,1,3,2,5,1,0.64,0.552,0,36.0,O=C1CCC2=C3[C@@H](c4ccc(N(C)C)cc4)C[C@]4(C)[C@@](C#CC)(O)CC[C@H]4[C@@H]3CCC2=C1,Glucocorticoid receptor,
4P6X:HCY:G:900,4p6x,HCY,G,900,P04150,4.0,39.0,14,10,5,4,0,0,0,0,1,26,362.5,1.78,3,5,2,4,0,0.696,0.81,0,39.0,C1CC(=O)C=C2CC[C@@H]3[C@@H]([C@@]12C)[C@@H](O)C[C@@]1(C)[C@H]3CC[C@@]1(C(CO)=O)O,Glucocorticoid receptor,
3H52:486:D:2,3h52,486,D,2,P04150,4.0,39.0,12,9,2,7,0,0,0,0,0,32,429.6,5.41,1,3,2,5,1,0.64,0.552,0,36.0,O=C1CCC2=C3[C@@H](c4ccc(N(C)C)cc4)C[C@]4(C)[C@@](C#CC)(O)CC[C@H]4[C@@H]3CCC2=C1,Glucocorticoid receptor,
4P6X:HCY:E:900,4p6x,HCY,E,900,P04150,4.0,39.0,14,9,5,3,0,0,0,0,1,26,362.5,1.78,3,5,2,4,0,0.696,0.81,0,40.0,C1CC(=O)C=C2CC[C@@H]3[C@@H]([C@@]12C)[C@@H](O)C[C@@]1(C)[C@H]3CC[C@@]1(C(CO)=O)O,Glucocorticoid receptor,
4P6X:HCY:K:900,4p6x,HCY,K,900,P04150,4.0,39.0,14,9,4,4,0,0,0,0,1,26,362.5,1.78,3,5,2,4,0,0.696,0.81,0,39.0,C1CC(=O)C=C2CC[C@@H]3[C@@H]([C@@]12C)[C@@H](O)C[C@@]1(C)[C@H]3CC[C@@]1(C(CO)=O)O,Glucocorticoid receptor,
4UDC:DEX:A:1778,4udc,DEX,A,1778,P04150,4.0,39.0,11,9,3,5,0,0,0,0,1,28,392.5,1.9,3,5,2,4,0,0.667,0.727,0,44.0,C1=CC(=O)C=C2CC[C@@H]3[C@@](F)([C@@]12C)[C@@H](O)C[C@@]1(C)[C@H]3C[C@@H](C)[C@@]1(C(CO)=O)O,Glucocorticoid receptor,
1P93:DEX:C:3999,1p93,DEX,C,3999,P04150,4.0,39.0,11,8,5,3,0,0,0,0,0,28,392.5,1.9,3,5,2,4,0,0.667,0.727,0,45.0,C1=CC(=O)C=C2CC[C@@H]3[C@@](F)([C@@]12C)[C@@H](O)C[C@@]1(C)[C@H]3C[C@@H](C)[C@@]1(C(CO)=O)O,Glucocorticoid receptor,
4P6X:HCY:C:900,4p6x,HCY,C,900,P04150,4.0,39.0,14,8,4,3,0,0,0,0,1,26,362.5,1.78,3,5,2,4,0,0.696,0.81,0,39.0,C1CC(=O)C=C2CC[C@@H]3[C@@H]([C@@]12C)[C@@H](O)C[C@@]1(C)[C@H]3CC[C@@]1(C(CO)=O)O,Glucocorticoid receptor,
4P6X:HCY:I:900,4p6x,HCY,I,900,P04150,4.0,39.0,14,8,4,3,0,0,0,0,1,26,362.5,1.78,3,5,2,4,0,0.696,0.81,0,40.0,C1CC(=O)C=C2CC[C@@H]3[C@@H]([C@@]12C)[C@@H](O)C[C@@]1(C)[C@H]3CC[C@@]1(C(CO)=O)O,Glucocorticoid receptor,
4P6X:HCY:A:900,4p6x,HCY,A,900,P04150,4.0,39.0,14,7,3,3,0,0,0,0,1,26,362.5,1.78,3,5,2,4,0,0.696,0.81,0,40.0,C1CC(=O)C=C2CC[C@@H]3[C@@H]([C@@]12C)[C@@H](O)C[C@@]1(C)[C@H]3CC[C@@]1(C(CO)=O)O,Glucocorticoid receptor,
1P93:DEX:A:1999,1p93,DEX,A,1999,P04150,4.0,39.0,11,6,3,3,0,0,0,0,0,28,392.5,1.9,3,5,2,4,0,0.667,0.727,0,44.0,C1=CC(=O)C=C2CC[C@@H]3[C@@](F)([C@@]12C)[C@@H](O)C[C@@]1(C)[C@H]3C[C@@H](C)[C@@]1(C(CO)=O)O,Glucocorticoid receptor,
3H52:486:A:3,3h52,486,A,3,P04150,4.0,39.0,12,5,2,3,0,0,0,0,0,32,429.6,5.41,1,3,2,5,1,0.64,0.552,0,37.0,O=C1CCC2=C3[C@@H](c4ccc(N(C)C)cc4)C[C@]4(C)[C@@](C#CC)(O)CC[C@H]4[C@@H]3CCC2=C1,Glucocorticoid receptor,
3H52:486:C:4,3h52,486,C,4,P04150,4.0,39.0,12,5,2,3,0,0,0,0,0,32,429.6,5.41,1,3,2,5,1,0.64,0.552,0,37.0,O=C1CCC2=C3[C@@H](c4ccc(N(C)C)cc4)C[C@]4(C)[C@@](C#CC)(O)CC[C@H]4[C@@H]3CCC2=C1,Glucocorticoid receptor,
2HC4:VDX:A:525,2hc4,VDX,A,525,Q9PTN2,4.0,38.0,17,17,6,11,0,0,0,0,0,30,416.6,5.7,3,3,6,3,0,0.52,0.778,0,34.0,O[C@H]1C[C@H](O)C(=C)C(=CC=C2CCC[C@@]3(C)[C@H]2CC[C@@H]3[C@H](C)CCC[C@@](O)(C)C)C1,,
3UA1:08Y:A:600,3ua1,08Y,A,600,P08684,4.0,38.0,2,16,2,11,0,1,2,0,0,43,654.6,3.19,3,6,5,7,2,0.456,0.594,0,42.0,O=C([C@H]1CN(C)[C@H]2C(=C1)c1cccc3c1c(c(Br)[nH]3)C2)N[C@]1([C@H](C)C)O[C@]2(O)N(C1=O)[C@@H](C[C@H](C)C)C(=O)N1CCC[C@@H]21,,
2PL0:STI:A:200,2pl0,STI,A,200,P06239,4.0,38.0,44,14,3,8,1,0,1,0,1,37,519.8,1.33,6,8,8,5,0,0.268,1.0,0,13.0,C1CC(C2CCNC(NC3C(C)CCC(NC(C4CCC(CN5CCN(C)CC5)CC4)O)C3)N2)CNC1,,Imatinib
4RUJ:VDX:A:501,4ruj,VDX,A,501,Q9PTN2,4.0,38.0,17,12,7,5,0,0,0,0,0,30,416.6,5.7,3,3,6,3,0,0.52,0.778,0,38.0,O[C@H]1C[C@H](O)C(=C)C(=CC=C2CCC[C@@]3(C)[C@H]2CC[C@@H]3[C@H](C)CCC[C@](O)(C)C)C1,,
1W0F:STR:A:1499,1w0f,STR,A,1499,P08684,4.0,38.0,42,7,1,6,0,0,0,0,0,23,314.5,4.72,0,2,1,4,0,0.701,0.81,0,32.0,C1CC(=O)C=C2CC[C@@H]3[C@@H]([C@@]12C)CC[C@@]1(C)[C@H]3CC[C@@H]1C(=O)C,,Progesterone-ish steroid
5A1R:STR:A:600,5a1r,STR,A,600,P08684,4.0,38.0,42,6,1,5,0,0,0,0,0,23,314.5,4.72,0,2,1,4,0,0.701,0.81,0,32.0,C1CC(=O)C=C2CC[C@@H]3[C@@H]([C@@]12C)CC[C@@]1(C)[C@H]3CC[C@@H]1C(=O)C,,Progesterone-ish steroid
2V0M:KLN:C:1499,2v0m,KLN,C,1499,P08684,4.0,38.0,4,5,1,4,0,0,0,0,0,22,308.4,0.74,1,5,6,2,1,0.84,0.562,0,14.0,COC[C@H](O)COc1ccc(N2CCN(C(=O)C)CC2)cc1,,
3EKQ:ROC:A:100,3ekq,ROC,A,100,P03369,4.0,37.0,26,26,8,12,0,0,2,0,4,49,670.9,3.09,5,7,12,5,3,0.198,0.5,0,47.0,C(=O)(c1nc2ccccc2cc1)N[C@H](C(=O)N[C@H]([C@H](O)CN1[C@H](C(=O)N[C@@](C)(C)C)C[C@@H]2CCCC[C@@H]2C1)Cc1ccccc1)CC(=O)N,,Ritonavir
3EL0:1UN:A:201,3el0,1UN,A,201,P03369,4.0,37.0,5,23,7,12,0,0,2,0,2,40,567.8,4.75,4,6,9,4,2,0.327,0.562,0,38.0,[C@@H]12[C@@H](CCCC1)C[C@@H](C(N[C@](C)(C)C)=O)N(C[C@H]([C@@H](NC(=O)c1cccc(O)c1C)CSc1ccccc1)O)C2,,
3EL4:ROC:A:100,3el4,ROC,A,100,P03369,4.0,37.0,26,19,7,6,0,0,2,0,4,49,670.9,3.09,5,7,12,5,3,0.198,0.5,0,45.0,C(=O)(c1nc2ccccc2cc1)N[C@H](C(=O)N[C@H]([C@H](O)CN1[C@H](C(=O)N[C@@](C)(C)C)C[C@@H]2CCCC[C@@H]2C1)Cc1ccccc1)CC(=O)N,,Ritonavir
3KK6:CEL:B:1701,3kk6,CEL,B,1701,P05979,4.0,37.0,10,13,5,8,0,0,0,0,0,26,399.5,4.26,4,5,3,3,0,0.57,1.0,0,22.0,[S@]([C@@H]1CC[C@@H](N2C(C3CCC(C)CC3)CC([C@](F)(F)F)N2)CC1)(N)(O)O,COX-1 (PTGS1),Celecoxib
3KK6:CEL:A:701,3kk6,CEL,A,701,P05979,4.0,37.0,10,12,4,7,0,1,0,0,0,26,399.5,4.26,4,5,3,3,0,0.57,1.0,0,20.0,[S@@]([C@H]1CC[C@@H](N2C(C3CCC(C)CC3)CC([C@](F)(F)F)N2)CC1)(N)(O)O,COX-1 (PTGS1),Celecoxib
3N8Y:DIF:A:701,3n8y,DIF,A,701,P05979,4.0,37.0,24,10,1,9,0,0,0,0,0,19,296.2,4.36,2,2,4,2,2,0.881,0.071,0,8.0,c1c(Cl)c(Nc2c(CC(O)=O)cccc2)c(Cl)cc1,COX-1 (PTGS1),Diclofenac
4O1Z:MXM:B:807,4o1z,MXM,B,807,P05979,4.0,37.0,6,10,2,6,0,0,0,0,2,23,367.5,0.41,7,8,3,4,0,0.218,1.0,0,38.0,CC1S[C@H](N[C@@H](O)[C@]23[C@H](O)[C@H]4CCCC[C@@H]4[SH]2(O)(O)N3C)NC1,COX-1 (PTGS1),
3N8X:NIM:A:701,3n8x,NIM,A,701,P05979,4.0,37.0,6,8,1,5,0,0,0,0,2,21,323.4,2.7,4,7,5,2,0,0.576,1.0,-1,12.0,[O-]N(O)C1CCC(N[S@@](O)(O)C)C(OC2CCCCC2)C1,COX-1 (PTGS1),
4O1Z:MXM:A:807,4o1z,MXM,A,807,P05979,4.0,37.0,6,8,1,7,0,0,0,0,0,23,367.5,0.41,7,8,3,4,0,0.218,1.0,0,36.0,CC1SC(N[C@@H](O)[C@]23[C@H](O)[C@H]4CCCC[C@@H]4[SH]2(O)(O)N3C)NC1,COX-1 (PTGS1),
1EQG:IBP:A:701,1eqg,IBP,A,701,P05979,4.0,37.0,8,7,1,5,0,0,1,0,0,15,206.3,3.07,1,1,4,1,1,0.822,0.462,0,6.0,C([C@@H](C)c1ccc(C[C@H](C)C)cc1)(=O)O,COX-1 (PTGS1),
3N8X:NIM:B:1701,3n8x,NIM,B,1701,P05979,4.0,37.0,6,7,2,5,0,0,0,0,0,21,323.4,2.7,4,7,5,2,0,0.576,1.0,-1,12.0,[O-]N(O)C1CCC(N[S@@](O)(O)C)C(OC2CCCCC2)C1,COX-1 (PTGS1),
2QWE:ZMR:A:800,2qwe,ZMR,A,800,P03472,4.0,35.0,45,20,5,3,0,0,5,0,7,23,332.3,-3.79,7,7,6,1,0,0.188,0.583,0,31.0,C(=O)(O)C1=C[C@H](N=C(N)N)[C@@H](NC(=O)C)[C@H]([C@H](O)[C@H](O)CO)O1,,Zanamivir
1L7H:BCZ:A:801,1l7h,BCZ,A,801,P03472,4.0,35.0,24,19,3,4,0,0,6,0,6,23,328.4,-0.35,5,4,7,1,0,0.318,0.8,0,31.0,[C@H]1(N=C(N)N)[C@H]([C@H]([C@H](CC)CC)NC(C)=O)[C@H](O)[C@@H](C(=O)O)C1,,
1NNC:ZMR:A:479,1nnc,ZMR,A,479,P03472,4.0,35.0,45,19,5,3,0,0,6,0,5,23,332.3,-3.79,7,7,6,1,0,0.188,0.583,0,31.0,C(=O)(O)C1=C[C@H](N=C(N)N)[C@@H](NC(=O)C)[C@H]([C@H](O)[C@H](O)CO)O1,,Zanamivir
1L7F:BCZ:A:801,1l7f,BCZ,A,801,P03472,4.0,35.0,24,15,3,4,0,0,6,0,2,23,328.4,-0.35,5,4,7,1,0,0.318,0.8,0,32.0,[C@H]1(N=C(N)N)[C@H]([C@H]([C@H](CC)CC)NC(C)=O)[C@H](O)[C@@H](C(=O)O)C1,,
1L7G:BCZ:A:801,1l7g,BCZ,A,801,P03472,4.0,35.0,24,14,3,4,0,0,5,0,2,23,328.4,-0.35,5,4,7,1,0,0.318,0.8,0,32.0,[C@H]1(N=C(N)N)[C@H]([C@H]([C@H](CC)CC)NC(C)=O)[C@H](O)[C@@H](C(=O)O)C1,,
4QMZ:B49:A:401,4qmz,B49,A,401,Q9Y6E0,4.0,35.0,20,12,2,6,0,0,0,0,4,29,398.5,3.55,2,4,7,3,1,0.738,0.409,0,14.0,CC1=NC(CC2c3c(ccc(F)c3)NC2=O)=C(C)C1C(NC=CN(CC)CC)=O,,CDK2 inhibitor
2WEK:DIF:A:1373,2wek,DIF,A,1373,Q8N4Q0,4.0,35.0,24,9,3,3,1,0,0,0,2,19,296.2,4.36,2,2,4,2,2,0.881,0.071,0,7.0,c1c(Cl)c(Nc2c(CC(O)=O)cccc2)c(Cl)cc1,,Diclofenac
5FHZ:REA:A:602,5fhz,REA,A,602,P47895,4.0,35.0,22,9,3,6,0,0,0,0,0,22,304.5,5.76,1,1,6,1,0,0.5,0.65,0,19.0,[C@@]1(C)(C)CCC[C@@H](C)[C@H]1C=CC(=CCC=C(CC(O)=O)C)C,,Retinoic acid
5FHZ:REA:D:602,5fhz,REA,D,602,P47895,4.0,35.0,22,9,2,7,0,0,0,0,0,22,304.5,5.76,1,1,6,1,0,0.5,0.65,0,15.0,[C@@]1(C)(C)CCCC(C)[C@H]1C=CC(=CCC=C(CC(O)=O)C)C,,Retinoic acid
2WEK:DIF:A:1376,2wek,DIF,A,1376,Q8N4Q0,4.0,35.0,24,8,1,4,1,0,0,1,1,19,310.3,2.6,3,3,4,2,0,0.553,1.0,0,6.0,C1C(Cl)C(NC2C(CC(O)O)CCCC2)C(Cl)CC1,,Diclofenac
4ZJ8:SUV:A:2001,4zj8,SUV,A,2001,O43613,4.0,35.0,6,7,1,6,0,0,0,0,0,32,450.9,4.11,0,6,3,5,4,0.467,0.304,0,21.0,c1(N2CCN(C(=O)c3cc(C)ccc3-n3nccn3)[C@H](C)CC2)nc2c(o1)ccc(Cl)c2,,
5FHZ:REA:B:602,5fhz,REA,B,602,P47895,4.0,35.0,22,6,1,5,0,0,0,0,0,22,302.5,5.68,1,1,5,1,0,0.524,0.55,0,14.0,[C@@]1(C)(C)CCC[C@@H](C)C1=CC=C(CC=CC(=CC(=O)O)C)C,,Retinoic acid
2WEK:DIF:B:1374,2wek,DIF,B,1374,Q8N4Q0,4.0,35.0,24,5,1,3,1,0,0,0,0,19,296.2,4.36,2,2,4,2,2,0.881,0.071,0,7.0,c1c(Cl)c(Nc2c(CC(O)=O)cccc2)c(Cl)cc1,,Diclofenac
3K37:BCZ:A:468,3k37,BCZ,A,468,Q3S340,4.0,34.0,24,17,4,3,0,0,6,0,4,23,328.4,-0.35,5,4,7,1,0,0.318,0.8,0,31.0,[C@H]1(N=C(N)N)[C@H]([C@H]([C@H](CC)CC)NC(C)=O)[C@H](O)[C@@H](C(=O)O)C1,,
4QRC:0LI:A:802,4qrc,0LI,A,802,P22455,4.0,34.0,21,17,3,12,0,0,1,1,0,39,532.6,4.46,1,5,4,5,4,0.394,0.276,0,18.0,n1c2cccnn2c(C#Cc2c(C)ccc(C(=O)Nc3cc([C@](F)(F)F)c(CN4CCN(C)CC4)cc3)c2)c1,,Vismodegib-ish (check)
4BKJ:STI:A:1000,4bkj,STI,A,1000,Q08345,4.0,34.0,44,16,5,9,0,1,1,0,0,37,519.8,1.33,6,8,8,5,0,0.268,1.0,0,26.0,C1C[C@@H](C2CCNC(NC3C(C)CC[C@H](N[C@@H]([C@@H]4CCC(CN5CCN(C)CC5)CC4)O)C3)N2)CNC1,,Imatinib
4BKJ:STI:B:1000,4bkj,STI,B,1000,Q08345,4.0,34.0,44,15,4,10,0,1,0,0,0,37,519.8,1.33,6,8,8,5,0,0.268,1.0,0,18.0,C1CC(C2CCNC(NC3C(C)CC[C@H](NC([C@@H]4CCC(CN5CCN(C)CC5)CC4)O)C3)N2)CNC1,,Imatinib
4UXQ:0LI:A:1752,4uxq,0LI,A,1752,P22455,4.0,34.0,21,15,3,10,0,0,1,1,0,39,532.6,4.46,1,5,4,5,4,0.394,0.276,0,17.0,n1c2cccnn2c(C#Cc2c(C)ccc(C(=O)Nc3cc([C@@](F)(F)F)c(CN4CCN(C)CC4)cc3)c2)c1,,Vismodegib-ish (check)
3ZOS:0LI:A:1000,3zos,0LI,A,1000,Q08345,4.0,34.0,21,14,3,9,0,1,0,1,0,39,532.6,4.46,1,5,4,5,4,0.394,0.276,0,18.0,n1c2cccnn2c(C#Cc2c(C)ccc(C(=O)Nc3cc([C@](F)(F)F)c(CN4CCN(C)CC4)cc3)c2)c1,,Vismodegib-ish (check)
3ZOS:0LI:B:1000,3zos,0LI,B,1000,Q08345,4.0,34.0,21,14,3,9,0,1,0,1,0,39,532.6,4.46,1,5,4,5,4,0.394,0.276,0,18.0,n1c2cccnn2c(C#Cc2c(C)ccc(C(=O)Nc3cc([C@](F)(F)F)c(CN4CCN(C)CC4)cc3)c2)c1,,Vismodegib-ish (check)
4TYJ:0LI:A:801,4tyj,0LI,A,801,P22455,4.0,34.0,21,14,3,8,0,1,1,1,0,39,532.6,4.46,1,5,4,5,4,0.394,0.276,0,19.0,n1c2cccnn2c(C#Cc2c(C)ccc(C(=O)Nc3cc([C@@](F)(F)F)c(CN4CCN(C)CC4)cc3)c2)c1,,Vismodegib-ish (check)
1SQN:NDR:B:2001,1sqn,NDR,B,2001,P06401,4.0,33.0,3,13,2,9,0,0,0,0,2,22,300.4,3.57,1,2,0,4,0,0.694,0.85,0,32.0,O=C1CC[C@H]2[C@@H](C1)CC[C@@H]1[C@@H]2CC[C@@]2(C)[C@H]1CC[C@@]2(O)C#C,Progesterone receptor,
1SR7:MOF:B:302,1sr7,MOF,B,302,P06401,4.0,33.0,5,13,2,10,0,0,0,0,1,35,521.4,4.87,1,6,4,5,1,0.449,0.593,0,45.0,O=C1C=C[C@@]2(C)C(=C1)CC[C@@H]1[C@]2(Cl)[C@@H](O)C[C@@]2(C)[C@H]1C[C@@H](C)[C@@]2(C(=O)CCl)OC(=O)c1ccco1,Progesterone receptor,
1SQN:NDR:A:1001,1sqn,NDR,A,1001,P06401,4.0,33.0,3,12,2,8,0,0,0,0,2,22,298.4,3.49,1,2,0,4,0,0.695,0.75,0,33.0,O=C1CC[C@H]2C(=C1)CC[C@@H]1[C@@H]2CC[C@@]2(C)[C@H]1CC[C@@]2(O)C#C,Progesterone receptor,
2W8Y:486:A:1000,2w8y,486,A,1000,P06401,4.0,33.0,12,12,2,8,0,0,0,0,2,32,429.6,5.41,1,3,2,5,1,0.64,0.552,0,35.0,O=C1CCC2=C3[C@@H](c4ccc(N(C)C)cc4)C[C@]4(C)[C@@](C#CC)(O)CC[C@H]4[C@@H]3CCC2=C1,Progesterone receptor,
3D90:NOG:A:1001,3d90,NOG,A,1001,P06401,4.0,33.0,3,12,2,9,0,0,0,0,1,23,316.5,4.66,1,2,2,4,0,0.804,0.857,0,33.0,C1CC(=O)C=C2CC[C@@H]3[C@@H]([C@@H]12)CC[C@@]1(CC)[C@H]3CC[C@]1(CC)O,Progesterone receptor,
3D90:NOG:B:2001,3d90,NOG,B,2001,P06401,4.0,33.0,3,12,2,10,0,0,0,0,0,23,316.5,4.66,1,2,2,4,0,0.804,0.857,0,33.0,C1CC(=O)C=C2CC[C@@H]3[C@@H]([C@@H]12)CC[C@@]1(CC)[C@H]3CC[C@]1(CC)O,Progesterone receptor,
1A28:STR:A:1,1a28,STR,A,1,P06401,4.0,33.0,42,10,2,7,0,0,0,0,1,23,314.5,4.72,0,2,1,4,0,0.701,0.81,0,34.0,C1CC(=O)C=C2CC[C@@H]3[C@@H]([C@@]12C)CC[C@@]1(C)[C@H]3CC[C@@H]1C(=O)C,Progesterone receptor,Progesterone-ish steroid
1A28:STR:B:2,1a28,STR,B,2,P06401,4.0,33.0,42,10,3,6,0,0,0,0,1,23,314.5,4.72,0,2,1,4,0,0.701,0.81,0,33.0,C1CC(=O)C=C2CC[C@@H]3[C@@H]([C@@]12C)CC[C@@]1(C)[C@H]3CC[C@@H]1C(=O)C,Progesterone receptor,Progesterone-ish steroid
2W8Y:NDR:B:1000,2w8y,NDR,B,1000,P06401,4.0,33.0,3,10,2,7,0,0,0,0,1,22,298.4,3.49,1,2,0,4,0,0.695,0.75,0,34.0,O=C1CC[C@H]2C(=C1)CC[C@@H]1[C@@H]2CC[C@@]2(C)[C@H]1CC[C@@]2(O)C#C,Progesterone receptor,
4OAR:2S0:A:1001,4oar,2S0,A,1001,P06401,4.0,33.0,1,10,3,5,1,0,0,0,1,35,475.6,5.6,1,5,4,5,2,0.583,0.533,0,38.0,c1cc(O)cc2c1C1[C@@H](CC2)[C@H]2[C@](C)(C[C@@H]1c1ccc(N(C)C)cc1)[C@](C(C)=O)(OC(C)=O)CC2,Progesterone receptor,
1SR7:MOF:A:301,1sr7,MOF,A,301,P06401,4.0,33.0,5,9,2,6,0,0,0,0,1,35,521.4,4.87,1,6,4,5,1,0.449,0.593,0,47.0,O=C1C=C[C@@]2(C)C(=C1)CC[C@@H]1[C@]2(Cl)[C@@H](O)C[C@@]2(C)[C@H]1C[C@@H](C)[C@@]2(C(=O)CCl)OC(=O)c1ccco1,Progesterone receptor,
2D06:EST:B:305,2d06,EST,B,305,P50225,4.0,32.0,79,11,2,9,0,0,0,0,0,20,272.4,3.61,2,2,0,4,1,0.757,0.667,0,24.0,c1cc(O)cc2c1[C@@H]1[C@@H](CC2)[C@H]2[C@](C)(CC1)[C@@H](O)CC2,,Estradiol
3AM5:TCL:A:802,3am5,TCL,A,802,Q9BJJ9,4.0,32.0,109,10,1,7,1,0,0,1,0,17,289.5,5.14,1,2,2,2,2,0.829,0.0,0,6.0,c1c(Cl)ccc(Oc2c(Cl)cc(Cl)cc2)c1O,,Triclosan
3AM5:TCL:B:902,3am5,TCL,B,902,Q9BJJ9,4.0,32.0,109,10,1,7,1,0,0,1,0,17,289.5,5.14,1,2,2,2,2,0.829,0.0,0,6.0,c1c(Cl)ccc(Oc2c(Cl)cc(Cl)cc2)c1O,,Triclosan
2D06:EST:A:304,2d06,EST,A,304,P50225,4.0,32.0,79,8,1,6,1,0,0,0,0,20,272.4,3.61,2,2,0,4,1,0.757,0.667,0,27.0,c1cc(O)cc2c1[C@@H]1[C@@H](CC2)[C@H]2[C@](C)(CC1)[C@@H](O)CC2,,Estradiol
3AM3:TCL:A:802,3am3,TCL,A,802,Q9BJJ9,4.0,32.0,109,8,1,5,1,0,0,1,0,17,289.5,5.14,1,2,2,2,2,0.829,0.0,0,6.0,c1c(Cl)ccc(Oc2c(Cl)cc(Cl)cc2)c1O,,Triclosan
3AM3:TCL:B:902,3am3,TCL,B,902,Q9BJJ9,4.0,32.0,109,7,1,4,1,0,0,1,0,17,289.5,5.14,1,2,2,2,2,0.829,0.0,0,6.0,c1c(Cl)ccc(Oc2c(Cl)cc(Cl)cc2)c1O,,Triclosan
5D0R:B1T:A:501,5d0r,B1T,A,501,Q96PN6,4.0,31.0,3,9,2,5,1,0,0,1,0,19,356.1,5.86,2,3,2,2,2,0.708,0.0,0,10.0,Oc1c(Cl)cc(Cl)cc1Sc1cc(Cl)cc(Cl)c1O,,
5AJQ:DB8:A:800,5ajq,DB8,A,800,O94804,4.0,30.0,18,10,1,5,0,0,2,1,1,36,530.5,5.19,1,8,9,4,3,0.379,0.385,0,17.0,COc1c(OCCCN2CCN(C)CC2)cc2ncc(C#N)c(Nc3c(Cl)cc(Cl)c(OC)c3)c2c1,,
3UM5:CP6:B:709,3um5,CP6,B,709,A7UD81,4.0,30.0,24,8,2,3,1,0,1,1,0,17,248.7,2.52,2,4,2,2,2,0.856,0.167,0,4.0,n1c(N)nc(CC)c(-c2ccc(Cl)cc2)c1N,,
1DYR:TOP:A:407,1dyr,TOP,A,407,P16184,4.0,28.0,39,8,2,3,0,0,1,0,2,21,290.3,1.26,2,7,5,2,2,0.853,0.286,0,8.0,c1nc(N)nc(N)c1Cc1cc(OC)c(OC)c(OC)c1,,
1T46:STI:A:3,1t46,STI,A,3,P10721,4.0,26.0,44,23,4,12,1,2,2,0,2,37,519.8,1.33,6,8,8,5,0,0.268,1.0,0,9.0,C1CC(C2CCNC(NC3C(C)CC[C@H](NC(C4CCC(CN5CCN(C)CC5)CC4)O)C3)N2)CNC1,,Imatinib
4U0I:0LI:A:1001,4u0i,0LI,A,1001,P10721,4.0,26.0,21,15,3,8,0,1,0,1,2,39,532.6,4.46,1,5,4,5,4,0.394,0.276,0,19.0,n1c2cccnn2c(C#Cc2c(C)ccc(C(=O)Nc3cc([C@@](F)(F)F)c(CN4CCN(C)CC4)cc3)c2)c1,,Vismodegib-ish (check)
3G0E:B49:A:9000,3g0e,B49,A,9000,P10721,4.0,26.0,20,10,2,8,0,0,0,0,0,22,299.3,2.01,2,3,2,3,1,0.819,0.188,0,12.0,CC1=NC(C=C2c3c(ccc(F)c3)NC2=O)=C(C)C1C(N)=O,,CDK2 inhibitor
3G0F:B49:A:9001,3g0f,B49,A,9001,P10721,4.0,26.0,20,8,3,4,1,0,0,0,0,22,299.3,2.01,2,3,2,3,1,0.819,0.188,0,10.0,CC1=NC(C=C2c3c(ccc(F)c3)NC2=O)=C(C)C1C(N)=O,,CDK2 inhibitor
3G0F:B49:B:9001,3g0f,B49,B,9001,P10721,4.0,26.0,20,6,2,4,0,0,0,0,0,22,299.3,2.01,2,3,2,3,1,0.819,0.188,0,14.0,CC1=NC(C=C2c3c(ccc(F)c3)NC2=O)=C(C)C1C(N)=O,,CDK2 inhibitor
2IVU:ZD6:A:3015,2ivu,ZD6,A,3015,P07949,4.0,25.0,1,12,1,8,0,0,0,0,3,30,475.4,5.0,1,6,6,4,3,0.542,0.364,0,13.0,C1CN(C)CC[C@@H]1COc1cc2c(cc1OC)c(Nc1ccc(Br)cc1F)ncn2,,
4KM0:CP6:B:201,4km0,CP6,B,201,P0A546,4.0,25.0,24,10,2,6,0,0,1,0,1,17,248.7,2.52,2,4,2,2,2,0.856,0.167,0,5.0,n1c(N)nc(CC)c(-c2ccc(Cl)cc2)c1N,,
4KM0:CP6:A:201,4km0,CP6,A,201,P0A546,4.0,25.0,24,9,2,4,0,0,1,0,2,17,248.7,2.52,2,4,2,2,2,0.856,0.167,0,6.0,n1c(N)nc(CC)c(-c2ccc(Cl)cc2)c1N,,
3PJD:TCL:A:801,3pjd,TCL,A,801,P0AEK4,4.0,24.0,109,9,2,6,0,0,0,1,0,17,289.5,5.14,1,2,2,2,2,0.829,0.0,0,9.0,c1c(Cl)ccc(Oc2c(Cl)cc(Cl)cc2)c1O,,Triclosan
3PJD:TCL:B:802,3pjd,TCL,B,802,P0AEK4,4.0,24.0,109,8,1,5,1,0,0,1,0,17,289.5,5.14,1,2,2,2,2,0.829,0.0,0,6.0,c1c(Cl)ccc(Oc2c(Cl)cc(Cl)cc2)c1O,,Triclosan
3PJE:TCL:A:801,3pje,TCL,A,801,P0AEK4,4.0,24.0,109,8,2,4,1,0,0,1,0,17,289.5,5.14,1,2,2,2,2,0.829,0.0,0,6.0,c1c(Cl)ccc(Oc2c(Cl)cc(Cl)cc2)c1O,,Triclosan
3PJE:TCL:B:802,3pje,TCL,B,802,P0AEK4,4.0,24.0,109,7,1,4,1,0,0,1,0,17,289.5,5.14,1,2,2,2,2,0.829,0.0,0,6.0,c1c(Cl)ccc(Oc2c(Cl)cc(Cl)cc2)c1O,,Triclosan
3PJF:TCL:B:504,3pjf,TCL,B,504,P0AEK4,4.0,24.0,109,7,2,3,1,0,0,1,0,17,289.5,5.14,1,2,2,2,2,0.829,0.0,0,6.0,c1c(Cl)ccc(Oc2c(Cl)cc(Cl)cc2)c1O,,Triclosan
3PJF:TCL:A:502,3pjf,TCL,A,502,P0AEK4,4.0,24.0,109,6,1,3,1,0,0,1,0,17,289.5,5.14,1,2,2,2,2,0.829,0.0,0,6.0,c1c(Cl)ccc(Oc2c(Cl)cc(Cl)cc2)c1O,,Triclosan
3TIC:ZMR:D:1002,3tic,ZMR,D,1002,Q194T1,4.0,23.0,45,25,7,3,0,0,6,0,9,23,330.3,-3.31,7,7,6,1,0,0.192,0.417,0,23.0,C(=O)(O)[C@H]1C=C(N=C(N)N)C(NC(=O)C)=C([C@H](O)[C@H](O)CO)O1,,Zanamivir
3TIC:ZMR:A:1002,3tic,ZMR,A,1002,Q194T1,4.0,23.0,45,22,7,3,0,0,6,0,6,23,330.3,-3.31,7,7,6,1,0,0.192,0.417,0,23.0,C(=O)(O)[C@H]1C=C(N=C(N)N)C(NC(=O)C)=C([C@H](O)[C@H](O)CO)O1,,Zanamivir
2AOX:THA:B:401,2aox,THA,B,401,P50135,4.0,23.0,5,11,2,8,1,0,0,0,0,15,198.3,2.7,1,2,0,3,2,0.706,0.308,0,3.0,C1Cc2c(c(N)c3c(n2)cccc3)CC1,,
2AOX:THA:A:400,2aox,THA,A,400,P50135,4.0,23.0,5,10,2,6,2,0,0,0,0,15,198.3,2.7,1,2,0,3,2,0.706,0.308,0,4.0,C1Cc2c(c(N)c3c(n2)cccc3)CC1,,
2AOT:2PM:A:400,2aot,2PM,A,400,P50135,4.0,23.0,2,9,1,7,0,0,1,0,0,19,255.4,3.35,0,2,6,2,2,0.785,0.294,0,7.0,c1cccc([C@@H](c2ccccc2)OCCN(C)C)c1,,
2AOW:THA:B:401,2aow,THA,B,401,P50135,4.0,23.0,5,8,2,5,1,0,0,0,0,15,198.3,2.7,1,2,0,3,2,0.706,0.308,0,3.0,C1Cc2c(c(N)c3c(n2)cccc3)CC1,,
2AOW:THA:A:400,2aow,THA,A,400,P50135,4.0,23.0,5,7,2,3,2,0,0,0,0,15,198.3,2.7,1,2,0,3,2,0.706,0.308,0,5.0,C1Cc2c(c(N)c3c(n2)cccc3)CC1,,
4WBO:ANW:D:601,4wbo,ANW,D,601,P28327,4.0,22.0,5,10,2,5,0,0,1,0,2,22,298.3,2.75,2,5,2,3,3,0.704,0.188,0,10.0,n1c2c(cc(C(=O)O)c1N)c(=O)c1c(ccc([C@@H](C)C)c1)o2,,
4WBO:ANW:A:601,4wbo,ANW,A,601,P28327,4.0,22.0,5,9,3,4,0,0,0,0,2,22,298.3,2.75,2,5,2,3,3,0.704,0.188,0,11.0,n1c2c(cc(C(=O)O)c1N)c(=O)c1c(ccc([C@@H](C)C)c1)o2,,
4WBO:ANW:B:601,4wbo,ANW,B,601,P28327,4.0,22.0,5,7,2,3,0,0,1,0,1,22,298.3,2.75,2,5,2,3,3,0.704,0.188,0,11.0,n1c2c(cc(C(=O)O)c1N)c(=O)c1c(ccc([C@@H](C)C)c1)o2,,
4L9I:8PR:B:601,4l9i,8PR,B,601,P28327,4.0,22.0,5,6,2,3,0,0,0,0,1,24,329.4,3.33,1,4,4,4,2,0.934,0.368,0,18.0,Fc1ccc([C@@H]2CCNC[C@H]2COc2cc3c(cc2)OCO3)cc1,,
4WBO:ANW:C:601,4wbo,ANW,C,601,P28327,4.0,22.0,5,6,2,3,0,0,0,0,1,22,298.3,2.75,2,5,2,3,3,0.704,0.188,0,11.0,n1c2c(cc(C(=O)O)c1N)c(=O)c1c(ccc([C@@H](C)C)c1)o2,,
4L9I:8PR:A:601,4l9i,8PR,A,601,P28327,4.0,22.0,5,5,2,3,0,0,0,0,0,24,329.4,3.33,1,4,4,4,2,0.934,0.368,0,18.0,Fc1ccc([C@@H]2CCNC[C@H]2COc2cc3c(cc2)OCO3)cc1,,
4IB4:ERM:A:2001,4ib4,ERM,A,2001,P41595,4.0,21.0,6,14,1,9,1,0,1,0,2,43,583.7,1.53,2,7,4,8,1,0.556,0.515,0,43.0,C1=NC2C=CC=C3C2=C1C[C@H]1N(C)C[C@H](C(=O)N[C@@]2(C)C(=O)N4[C@@H](Cc5ccccc5)C(=O)N5CCC[C@H]5[C@]4(O)O2)C[C@@H]31,,
4NC3:ERM:A:1202,4nc3,ERM,A,1202,P41595,4.0,21.0,6,13,1,9,1,0,1,0,1,43,581.7,1.45,2,7,4,8,1,0.557,0.455,0,43.0,C1=NC2C=CC=C3C2=C1C[C@H]1N(C)C[C@H](C(=O)N[C@@]2(C)C(=O)N4[C@@H](Cc5ccccc5)C(=O)N5CCC[C@H]5[C@]4(O)O2)C=C31,,
5LG3:Z80:F:401,5lg3,Z80,F,401,E0SJQ4,4.0,21.0,16,13,1,7,1,0,3,1,0,21,316.9,5.02,0,3,3,3,2,0.785,0.176,0,6.0,c12c(cccc1)Sc1c(cc(Cl)cc1)N2C=CCN(C)C,,
5LG3:Z80:E:401,5lg3,Z80,E,401,E0SJQ4,4.0,21.0,16,12,1,7,1,0,3,0,0,21,318.9,4.89,0,3,4,3,2,0.792,0.294,0,6.0,c12c(cccc1)Sc1c(cc(Cl)cc1)N2CCCN(C)C,,
5LG3:Z80:C:401,5lg3,Z80,C,401,E0SJQ4,4.0,21.0,16,11,1,6,1,0,3,0,0,21,318.9,4.89,0,3,4,3,2,0.792,0.294,0,6.0,c12c(cccc1)Sc1c(cc(Cl)cc1)N2CCCN(C)C,,
5LG3:Z80:J:401,5lg3,Z80,J,401,E0SJQ4,4.0,21.0,16,11,1,6,1,0,3,0,0,21,318.9,4.89,0,3,4,3,2,0.792,0.294,0,6.0,c12c(cccc1)Sc1c(cc(Cl)cc1)N2CCCN(C)C,,
5LG3:Z80:G:401,5lg3,Z80,G,401,E0SJQ4,4.0,21.0,16,10,1,6,0,0,3,0,0,21,316.9,5.02,0,3,3,3,2,0.785,0.176,0,9.0,c12c(cccc1)Sc1c(cc(Cl)cc1)N2C=CCN(C)C,,
1Z11:8MO:A:501,1z11,8MO,A,501,P11509,4.0,21.0,4,9,1,7,1,0,0,0,0,16,216.2,2.55,0,4,1,3,3,0.586,0.083,0,3.0,c12c(c(OC)c3c(c1)cco3)oc(=O)cc2,,
1Z11:8MO:B:501,1z11,8MO,B,501,P11509,4.0,21.0,4,8,1,5,2,0,0,0,0,16,216.2,2.55,0,4,1,3,3,0.586,0.083,0,3.0,c12c(c(OC)c3c(c1)cco3)oc(=O)cc2,,
1Z11:8MO:C:501,1z11,8MO,C,501,P11509,4.0,21.0,4,6,1,4,1,0,0,0,0,16,216.2,2.55,0,4,1,3,3,0.586,0.083,0,3.0,c12c(c(OC)c3c(c1)cco3)oc(=O)cc2,,
1Z11:8MO:D:501,1z11,8MO,D,501,P11509,4.0,21.0,4,6,1,4,1,0,0,0,0,16,216.2,2.55,0,4,1,3,3,0.586,0.083,0,3.0,c12c(c(OC)c3c(c1)cco3)oc(=O)cc2,,
1FML:RTL:B:501,1fml,RTL,B,501,Q26490,4.0,20.0,15,11,2,8,0,0,0,0,1,21,286.5,5.51,1,1,6,1,0,0.504,0.5,0,10.0,[C@@]1(C)(C)C=CCC(C)=C1C=CC(=CCC=C(CCO)C)C,,
3RLB:VIB:A:191,3rlb,VIB,A,191,D8KFM5,4.0,20.0,11,11,3,5,3,0,0,0,0,18,266.4,1.49,2,6,4,2,1,0.86,0.5,0,2.0,Cc1ncc(CN2CSC(CCO)=C2C)c(N)n1,,Vitamin/flavin-like (check)
1FML:RTL:A:401,1fml,RTL,A,401,Q26490,4.0,20.0,15,10,2,8,0,0,0,0,0,21,286.5,5.51,1,1,6,1,0,0.504,0.5,0,10.0,[C@@]1(C)(C)CC=CC(C)=C1C=CC(=CCC=C(CCO)C)C,,
1FMJ:RTL:B:501,1fmj,RTL,B,501,Q26490,4.0,20.0,15,9,2,7,0,0,0,0,0,21,286.5,5.51,1,1,6,1,0,0.504,0.5,0,10.0,[C@@]1(C)(C)CC=CC(C)=C1C=CC(=CCC=C(CCO)C)C,,
3RLB:VIB:B:187,3rlb,VIB,B,187,D8KFM5,4.0,20.0,11,9,2,4,2,0,0,0,1,18,266.4,1.49,2,6,4,2,1,0.86,0.5,0,2.0,Cc1ncc(CN2CSC(CCO)=C2C)c(N)n1,,Vitamin/flavin-like (check)
1FMJ:RTL:A:401,1fmj,RTL,A,401,Q26490,4.0,20.0,15,7,2,5,0,0,0,0,0,21,286.5,5.51,1,1,6,1,0,0.504,0.5,0,12.0,[C@@]1(C)(C)CC=CC(C)=C1C=CC(=CCC=C(CCO)C)C,,
3KP2:PNN:A:5001,3kp2,PNN,A,5001,Q5HLN6,4.0,20.0,8,6,2,3,0,0,1,0,0,23,334.4,0.86,2,4,4,3,1,0.798,0.438,0,25.0,O=C1N2[C@@H](C(=O)O)[C@](C)(C)S[C@@H]2[C@@H]1NC(=O)Cc1ccccc1,,
3D1Y:ROC:A:201,3d1y,ROC,A,201,P04587,4.0,19.0,26,22,8,8,0,0,2,0,4,49,670.9,3.09,5,7,12,5,3,0.198,0.5,0,41.0,C(=O)(c1nc2ccccc2cc1)N[C@H](C(=O)N[C@H]([C@H](O)CN1[C@H](C(=O)N[C@](C)(C)C)C[C@@H]2CCCC[C@@H]2C1)Cc1ccccc1)CC(=O)N,,Ritonavir
3D1X:ROC:A:201,3d1x,ROC,A,201,P04587,4.0,19.0,26,21,6,10,0,0,2,0,3,49,695.0,2.44,10,11,15,5,0,0.114,1.0,0,47.0,C(O)(C1NC2CCCCC2CC1)N[C@H](C(O)N[C@H]([C@H](O)CN1[C@H](C(O)N[C@](C)(C)C)C[C@@H]2CCCC[C@@H]2C1)CC1CCCCC1)C[C@@H](O)N,,Ritonavir
2NNP:ROC:A:401,2nnp,ROC,A,401,P04587,4.0,19.0,26,20,5,9,0,0,2,0,4,49,670.9,3.09,5,7,12,5,3,0.198,0.5,0,40.0,C(=O)(c1nc2ccccc2cc1)N[C@H](C(=O)N[C@H]([C@H](O)CN1[C@H](C(=O)N[C@](C)(C)C)C[C@@H]2CCCC[C@@H]2C1)Cc1ccccc1)CC(=O)N,,Ritonavir
2NNK:ROC:A:401,2nnk,ROC,A,401,P04587,4.0,19.0,26,19,6,8,0,0,2,0,3,49,695.0,2.44,10,11,15,5,0,0.114,1.0,0,50.0,[C@H](O)(C1NC2CCCC[C@@H]2CC1)N[C@H](C(O)N[C@H]([C@H](O)CN1[C@H](C(O)N[C@](C)(C)C)C[C@@H]2CCCC[C@@H]2C1)CC1CCCCC1)CC(O)N,,Ritonavir
1Q23:FUA:A:702,1q23,FUA,A,702,P62577,4.0,19.0,10,18,3,13,0,0,0,0,2,37,512.7,5.36,3,5,5,4,0,0.26,0.677,0,51.0,C1C[C@@H](O)[C@@H](C)[C@@H]2C=C[C@@]3(C)[C@H]([C@@]12C)[C@H](O)C=C1[C@]3(C)C[C@H](OC(C)=O)C1=C(CCC=C(C)C)C(=O)O,,
1Q23:FUA:B:703,1q23,FUA,B,703,P62577,4.0,19.0,10,18,2,16,0,0,0,0,0,37,512.7,5.22,3,5,5,4,0,0.265,0.677,0,56.0,C1=C[C@@H](O)[C@H](C)[C@@H]2C=C[C@@]3(C)[C@H]([C@@]12C)[C@H](O)C[C@H]1[C@]3(C)C[C@H](OC(C)=O)C1=C(CCC=C(C)C)C(=O)O,,
1Q23:FUA:J:711,1q23,FUA,J,711,P62577,4.0,19.0,10,18,2,15,0,0,0,0,1,37,512.7,5.22,3,5,5,4,0,0.265,0.677,0,57.0,C1=C[C@@H](O)[C@@H](C)[C@@H]2C=C[C@@]3(C)[C@H]([C@@]12C)[C@H](O)C[C@H]1[C@]3(C)C[C@H](OC(C)=O)C1=C(CCC=C(C)C)C(=O)O,,
3CYX:ROC:A:201,3cyx,ROC,A,201,P04587,4.0,19.0,26,18,6,7,0,0,2,0,3,49,695.0,2.44,10,11,15,5,0,0.114,1.0,0,48.0,C(O)(C1NC2CCCC[C@@H]2CC1)N[C@H](C(O)N[C@H]([C@H](O)CN1[C@H](C(O)N[C@](C)(C)C)C[C@@H]2CCCC[C@@H]2C1)CC1CCCCC1)CC(O)N,,Ritonavir
1Q23:FUA:D:705,1q23,FUA,D,705,P62577,4.0,19.0,10,16,3,11,0,0,0,0,2,37,514.7,5.44,3,5,5,4,0,0.256,0.742,0,56.0,C1C[C@@H](O)[C@@H](C)[C@@H]2C=C[C@@]3(C)[C@H]([C@@]12C)[C@H](O)C[C@H]1[C@]3(C)C[C@H](OC(C)=O)C1=C(CCC=C(C)C)C(=O)O,,
1Q23:FUA:E:706,1q23,FUA,E,706,P62577,4.0,19.0,10,16,1,15,0,0,0,0,0,37,512.7,5.22,3,5,5,4,0,0.265,0.677,0,58.0,C1=C[C@@H](O)[C@H](C)[C@@H]2C=C[C@@]3(C)[C@H]([C@@]12C)[C@H](O)C[C@H]1[C@]3(C)C[C@H](OC(C)=O)C1=C(CCC=C(C)C)C(=O)O,,
1Q23:FUA:H:709,1q23,FUA,H,709,P62577,4.0,19.0,10,16,1,14,0,0,0,0,1,37,512.7,5.51,3,5,5,4,0,0.255,0.677,0,49.0,C1C[C@@H](O)[C@@H](C)C2=CC[C@@]3(C)[C@H]([C@@]12C)[C@H](O)C=C1[C@]3(C)C[C@H](OC(C)=O)C1=C(CCC=C(C)C)C(=O)O,,
1Q23:FUA:G:708,1q23,FUA,G,708,P62577,4.0,19.0,10,15,1,13,0,0,0,0,1,37,514.7,5.44,3,5,5,4,0,0.256,0.742,0,53.0,C1C[C@@H](O)C(C)[C@@H]2C=C[C@@]3(C)[C@H]([C@@]12C)[C@H](O)C[C@H]1[C@]3(C)C[C@H](OC(C)=O)C1=C(CCC=C(C)C)C(=O)O,,
1Q23:FUA:K:712,1q23,FUA,K,712,P62577,4.0,19.0,10,15,2,12,0,0,0,0,1,37,512.7,5.22,3,5,5,4,0,0.265,0.677,0,58.0,C1=C[C@@H](O)[C@@H](C)[C@@H]2C=C[C@@]3(C)[C@H]([C@@]12C)[C@H](O)C[C@H]1[C@]3(C)C[C@H](OC(C)=O)C1=C(CCC=C(C)C)C(=O)O,,
2NMY:ROC:A:401,2nmy,ROC,A,401,P04587,4.0,19.0,26,14,6,6,0,0,2,0,0,49,695.0,2.44,10,11,15,5,0,0.114,1.0,0,62.0,[C@H](O)(C1NC2CCCCC2CC1)N[C@H]([C@@H](O)N[C@H]([C@H](O)CN1[C@H]([C@H](O)N[C@](C)(C)C)C[C@@H]2CCCC[C@@H]2C1)CC1CCCCC1)CC(O)N,,Ritonavir
4NKX:STR:D:601,4nkx,STR,D,601,P05093,4.0,17.0,42,11,1,9,0,0,0,0,1,23,320.5,4.39,2,2,1,4,0,0.752,1.0,0,33.0,C1CC(O)C[C@@H]2CC[C@@H]3[C@@H]([C@@]12C)CC[C@@]1(C)[C@H]3CC[C@@H]1C(O)C,,Progesterone-ish steroid
4NKX:STR:B:601,4nkx,STR,B,601,P05093,4.0,17.0,42,10,1,9,0,0,0,0,0,23,320.5,4.39,2,2,1,4,0,0.752,1.0,0,28.0,C1CC(O)CC2CC[C@@H]3[C@@H]([C@@]12C)CC[C@@]1(C)[C@H]3CC[C@@H]1C(O)C,,Progesterone-ish steroid
2W98:P1Z:A:1353,2w98,P1Z,A,1353,Q8N8N7,4.0,17.0,3,9,1,8,0,0,0,0,0,23,308.4,3.79,0,2,5,3,2,0.789,0.263,0,10.0,c1cc(N2C(=O)[C@H](CCCC)C(=O)N2c2ccccc2)ccc1,,
3V5W:8PR:A:701,3v5w,8PR,A,701,P25098,4.0,17.0,5,8,3,5,0,0,0,0,0,24,329.4,3.33,1,4,4,4,2,0.934,0.368,0,19.0,Fc1ccc([C@@H]2CCNC[C@H]2COc2cc3c(cc2)OCO3)cc1,,
5L7I:VIS:A:1202,5l7i,VIS,A,1202,Q99835,4.0,17.0,2,7,2,4,0,1,0,0,0,27,421.3,4.71,1,4,4,3,3,0.662,0.053,0,14.0,Clc1ccc(NC(=O)c2ccc([S@@](=O)(=O)C)cc2Cl)cc1-c1ncccc1,,
2W98:P1Z:A:1352,2w98,P1Z,A,1352,Q8N8N7,4.0,17.0,3,6,1,4,1,0,0,0,0,23,308.4,3.79,0,2,5,3,2,0.789,0.263,0,8.0,c1cc(N2C(=O)[C@H](CCCC)C(=O)N2c2ccccc2)ccc1,,
4R7I:STI:A:1001,4r7i,STI,A,1001,P07333,4.0,16.0,44,15,4,9,1,1,0,0,0,37,519.8,1.33,6,8,8,5,0,0.268,1.0,0,8.0,C1CC(C2CCNC(NC3C(C)CCC(NC(C4CCC(CN5CCN(C)CC5)CC4)O)C3)N2)CNC1,,Imatinib
4JVL:EST:A:702,4jvl,EST,A,702,P49888,4.0,16.0,79,11,2,6,1,0,0,0,2,20,272.4,3.61,2,2,0,4,1,0.757,0.667,0,26.0,c1cc(O)cc2c1[C@@H]1[C@@H](CC2)[C@H]2[C@](C)(CC1)[C@@H](O)CC2,,Estradiol
4R7H:P31:A:1001,4r7h,P31,A,1001,P07333,4.0,16.0,2,10,3,4,2,0,0,0,1,29,417.8,4.91,1,5,5,4,2,0.751,0.2,0,14.0,C1(Cl)=CN=C2C(=C(Cc3cnc(NCc4cnc([C@@](F)(F)F)cc4)cc3)C=N2)C1,,
4YVP:GBM:A:402,4yvp,GBM,A,402,Q04828,4.0,16.0,20,10,1,7,2,0,0,0,0,33,494.0,3.64,3,5,8,3,2,0.519,0.391,0,14.0,O=C(N[C@@H]1CCCCC1)N[S@@](=O)(=O)c1ccc(CCNC(=O)c2c(OC)ccc(Cl)c2)cc1,,
4YVP:GBM:B:402,4yvp,GBM,B,402,Q04828,4.0,16.0,20,10,1,7,2,0,0,0,0,33,494.0,3.64,3,5,8,3,2,0.519,0.391,0,14.0,O=C(N[C@@H]1CCCCC1)N[S@@](=O)(=O)c1ccc(CCNC(=O)c2c(OC)ccc(Cl)c2)cc1,,
2PD3:TCL:B:3414,2pd3,TCL,B,3414,O24990,4.0,16.0,109,9,2,5,1,0,0,1,0,17,289.5,5.14,1,2,2,2,2,0.829,0.0,0,6.0,c1c(Cl)ccc(Oc2c(Cl)cc(Cl)cc2)c1O,,Triclosan
2PD3:TCL:D:5414,2pd3,TCL,D,5414,O24990,4.0,16.0,109,9,2,5,1,0,0,1,0,17,289.5,5.14,1,2,2,2,2,0.829,0.0,0,6.0,c1c(Cl)ccc(Oc2c(Cl)cc(Cl)cc2)c1O,,Triclosan
4JVL:EST:B:302,4jvl,EST,B,302,P49888,4.0,16.0,79,8,2,4,1,0,0,0,1,20,272.4,3.61,2,2,0,4,1,0.757,0.667,0,27.0,c1cc(O)cc2c1[C@@H]1[C@@H](CC2)[C@H]2[C@](C)(CC1)[C@@H](O)CC2,,Estradiol
2PD3:TCL:C:4414,2pd3,TCL,C,4414,O24990,4.0,16.0,109,7,1,4,1,0,0,1,0,17,289.5,5.14,1,2,2,2,2,0.829,0.0,0,6.0,c1c(Cl)ccc(Oc2c(Cl)cc(Cl)cc2)c1O,,Triclosan
2PD3:TCL:A:2414,2pd3,TCL,A,2414,O24990,4.0,16.0,109,6,1,4,0,0,0,1,0,17,289.5,5.14,1,2,2,2,2,0.829,0.0,0,9.0,c1c(Cl)ccc(Oc2c(Cl)cc(Cl)cc2)c1O,,Triclosan
4V01:0LI:B:1770,4v01,0LI,B,1770,D3DSX2,4.0,15.0,21,17,3,10,0,1,2,1,0,39,532.6,4.46,1,5,4,5,4,0.394,0.276,0,19.0,n1c2cccnn2c(C#Cc2c(C)ccc(C(=O)Nc3cc([C@@](F)(F)F)c(CN4CCN(C)CC4)cc3)c2)c1,,Vismodegib-ish (check)
4V04:0LI:A:1772,4v04,0LI,A,1772,D3DSX2,4.0,15.0,21,16,3,11,0,0,2,0,0,39,558.8,3.22,4,7,8,5,0,0.341,1.0,0,28.0,N1C2CCCNN2[C@@H](CC[C@@H]2C(C)CCC(C(O)NC3CCC(CN4CCN(C)CC4)C([C@](F)(F)F)C3)C2)C1,,Vismodegib-ish (check)
4V04:0LI:B:1771,4v04,0LI,B,1771,D3DSX2,4.0,15.0,21,15,3,8,0,1,2,1,0,39,558.8,3.22,4,7,8,5,0,0.341,1.0,0,24.0,N1C2CCCNN2C(CC[C@@H]2C(C)CCC(C(O)NC3CCC(CN4CCN(C)CC4)C([C@](F)(F)F)C3)C2)C1,,Vismodegib-ish (check)
4V01:0LI:A:1776,4v01,0LI,A,1776,D3DSX2,4.0,15.0,21,14,3,9,0,0,1,1,0,39,532.6,4.46,1,5,4,5,4,0.394,0.276,0,19.0,n1c2cccnn2c(C#Cc2c(C)ccc(C(=O)Nc3cc([C@@](F)(F)F)c(CN4CCN(C)CC4)cc3)c2)c1,,Vismodegib-ish (check)
5IKQ:JMS:A:602,5ikq,JMS,A,602,P35354,4.0,15.0,6,11,3,8,0,0,0,0,0,19,310.3,2.46,3,3,3,2,0,0.554,1.0,0,8.0,OC(O)C1CCCCC1NC1C(Cl)C(C)CCC1Cl,,
5IKR:ID8:B:602,5ikr,ID8,B,602,P35354,4.0,15.0,6,11,2,9,0,0,0,0,0,18,255.4,2.27,3,3,3,2,0,0.678,1.0,0,10.0,OC(O)C1CCCCC1N[C@@H]1C(C)C(C)CCC1,,AKR1C3 inhibitor
5IKT:TLF:A:601,5ikt,TLF,A,601,P35354,4.0,15.0,5,11,2,9,0,0,0,0,0,18,275.8,2.24,3,3,3,2,0,0.547,1.0,0,6.0,C1CC(NC2CCCCC2C(O)O)C(C)C(Cl)C1,,
5IKT:TLF:B:601,5ikt,TLF,B,601,P35354,4.0,15.0,5,11,2,9,0,0,0,0,0,18,275.8,2.24,3,3,3,2,0,0.547,1.0,0,6.0,C1CC(NC2CCCCC2C(O)O)C(C)C(Cl)C1,,
5IKV:FLF:B:601,5ikv,FLF,B,601,P35354,4.0,15.0,9,10,3,7,0,0,0,0,0,20,295.3,2.57,3,3,3,2,0,0.701,1.0,0,8.0,C1([C@H](O)O)CCCCC1NC1CC([C@@](F)(F)F)CCC1,,Flufenamic acid
5IKR:ID8:A:601,5ikr,ID8,A,601,P35354,4.0,15.0,6,9,2,7,0,0,0,0,0,18,255.4,2.27,3,3,3,2,0,0.678,1.0,0,15.0,O[C@@H](O)C1CCCC[C@@H]1N[C@@H]1C(C)C(C)CCC1,,AKR1C3 inhibitor
5IKV:FLF:A:601,5ikv,FLF,A,601,P35354,4.0,15.0,9,9,3,6,0,0,0,0,0,20,295.3,2.57,3,3,3,2,0,0.701,1.0,0,9.0,C1(C(O)O)CCCCC1NC1CC([C@@](F)(F)F)CCC1,,Flufenamic acid
5IKQ:JMS:B:602,5ikq,JMS,B,602,P35354,4.0,15.0,6,7,1,6,0,0,0,0,0,19,310.3,2.46,3,3,3,2,0,0.554,1.0,0,10.0,OC(O)C1CCCCC1NC1C(Cl)C(C)CCC1Cl,,
3K2H:LYA:A:513,3k2h,LYA,A,513,A7ASX7,4.0,14.0,8,21,3,6,1,0,2,0,9,31,427.4,-1.18,5,7,9,3,2,0.33,0.3,0,13.0,c1(CCC2=c3c([nH]c(N)nc3=O)=NC2)ccc(C(=O)N[C@@H](CCC(O)=O)C(=O)O)cc1,,
3K2H:LYA:B:513,3k2h,LYA,B,513,A7ASX7,4.0,14.0,8,21,3,3,2,0,2,0,11,31,427.4,0.02,5,7,9,3,1,0.365,0.3,0,13.0,c1(CCC2=CN=C3C2C(=O)N=C(N)N3)ccc(C(=O)N[C@@H](CCC(O)=O)C(=O)O)cc1,,
3NRR:D16:A:530,3nrr,D16,A,530,A7ASX7,4.0,14.0,4,17,4,5,0,0,1,0,7,32,458.5,1.98,4,7,9,3,3,0.38,0.286,0,20.0,n1c(C)[nH]c(=O)c2c1ccc(CN(c1ccc(C(=O)N[C@@H](CCC(O)=O)C(=O)O)s1)C)c2,,
3K2H:LYA:B:514,3k2h,LYA,B,514,A7ASX7,4.0,14.0,8,16,4,8,0,0,4,0,0,31,427.4,0.02,5,7,9,3,1,0.365,0.3,0,17.0,c1(CCC2=CN=C3C2C(=O)N=C(N)N3)ccc(C(=O)N[C@@H](CCC(O)=O)C(=O)O)cc1,,
3K2H:LYA:A:514,3k2h,LYA,A,514,A7ASX7,4.0,14.0,8,15,3,7,0,0,3,0,2,31,427.4,0.02,5,7,9,3,1,0.365,0.3,0,19.0,c1(CCC2=CN=C3C2C(=O)N=C(N)N3)ccc(C(=O)N[C@@H](CCC(O)=O)C(=O)O)cc1,,
3NRR:D16:B:530,3nrr,D16,B,530,A7ASX7,4.0,14.0,4,15,4,5,0,0,1,0,5,32,458.5,1.98,4,7,9,3,3,0.38,0.286,0,20.0,n1c(C)[nH]c(=O)c2c1ccc(CN(c1ccc(C(=O)N[C@@H](CCC(O)=O)C(=O)O)s1)C)c2,,
3NRR:D16:A:520,3nrr,D16,A,520,A7ASX7,4.0,14.0,4,11,3,3,0,0,1,0,4,32,458.5,1.98,4,7,9,3,3,0.38,0.286,0,21.0,n1c(C)[nH]c(=O)c2c1ccc(CN(c1ccc(C(=O)N[C@@H](CCC(O)=O)C(=O)O)s1)C)c2,,
3NRR:D16:B:520,3nrr,D16,B,520,A7ASX7,4.0,14.0,4,9,3,5,0,0,1,0,0,32,458.5,1.98,4,7,9,3,3,0.38,0.286,0,22.0,n1c(C)[nH]c(=O)c2c1ccc(CN(c1ccc(C(=O)N[C@@H](CCC(O)=O)C(=O)O)s1)C)c2,,
2O2S:TCL:A:705,2o2s,TCL,A,705,Q6UCJ9,4.0,14.0,109,8,2,5,0,0,0,1,0,17,289.5,5.14,1,2,2,2,2,0.829,0.0,0,9.0,c1c(Cl)ccc(Oc2c(Cl)cc(Cl)cc2)c1O,,Triclosan
2O2S:TCL:B:706,2o2s,TCL,B,706,Q6UCJ9,4.0,14.0,109,8,2,5,0,0,0,1,0,17,289.5,5.14,1,2,2,2,2,0.829,0.0,0,9.0,c1c(Cl)ccc(Oc2c(Cl)cc(Cl)cc2)c1O,,Triclosan
4DM8:REA:B:1501,4dm8,REA,B,1501,P10826,4.0,13.0,22,18,2,14,0,0,1,0,1,22,302.5,5.83,1,1,6,1,0,0.495,0.55,0,7.0,[C@@]1(C)(C)CCCC(C)=C1C=CC(=CCC=C(CC(O)=O)C)C,,Retinoic acid
2HTU:BCZ:A:801,2htu,BCZ,A,801,Q07599,4.0,13.0,24,13,3,4,0,0,6,0,0,23,328.4,-0.35,5,4,7,1,0,0.318,0.8,0,32.0,[C@H]1(N=C(N)N)[C@H]([C@H]([C@H](CC)CC)NC(C)=O)[C@H](O)[C@@H](C(=O)O)C1,,
4DM8:REA:A:501,4dm8,REA,A,501,P10826,4.0,13.0,22,13,2,8,0,0,2,0,1,22,302.5,5.83,1,1,6,1,0,0.495,0.55,0,10.0,[C@@]1(C)(C)CCCC(C)=C1C=CC(=CCC=C(CC(O)=O)C)C,,Retinoic acid
4QKN:JMS:A:602,4qkn,JMS,A,602,Q9C0B1,4.0,13.0,6,5,1,3,0,0,0,0,1,19,296.2,4.74,2,2,3,2,2,0.859,0.071,0,9.0,OC(=O)c1ccccc1Nc1c(Cl)c(C)ccc1Cl,,
4B7Q:ZMR:D:601,4b7q,ZMR,D,601,C7FH46,4.0,12.0,45,20,7,3,0,0,6,0,4,23,334.3,-3.91,7,7,6,1,0,0.187,0.75,0,34.0,C(=O)(O)[C@@H]1C[C@H](N=C(N)N)[C@@H](NC(=O)C)[C@H]([C@H](O)[C@H](O)CO)O1,,Zanamivir
4QGI:ROC:A:101,4qgi,ROC,A,101,P0C6F2,4.0,11.0,26,25,8,11,0,0,2,0,4,49,676.9,3.82,5,7,12,5,2,0.228,0.658,0,47.0,C(=O)(c1nc2ccccc2cc1)N[C@H](C(=O)N[C@H]([C@H](O)CN1[C@H](C(=O)N[C@](C)(C)C)C[C@@H]2CCCC[C@@H]2C1)C[C@@H]1CCCCC1)CC(=O)N,,Ritonavir
4U16:3C0:A:1202,4u16,3C0,A,1202,P08483,4.0,11.0,5,13,3,6,0,3,1,0,0,23,326.5,1.27,2,4,5,4,0,0.454,1.0,1,37.0,C([C@@H](C(O[C@@H]1C[C@H]2[N@@+](C)(C)[C@H]([C@H]3[C@@H]2O3)C1)O)C1CCCCC1)O,,
5JKW:TES:A:601,5jkw,TES,A,601,P11511,4.0,11.0,29,10,2,8,0,0,0,0,0,21,288.4,3.88,1,2,0,4,0,0.734,0.842,0,32.0,C1CC(=O)C=C2CC[C@@H]3[C@@H]([C@@]12C)CC[C@@]1(C)[C@H]3CC[C@@H]1O,,Testosterone
4U16:3C0:B:1203,4u16,3C0,B,1203,P08483,4.0,11.0,5,9,3,4,0,1,1,0,0,23,326.5,1.27,2,4,5,4,0,0.454,1.0,1,37.0,C([C@@H](C(O[C@@H]1C[C@H]2[N@@+](C)(C)[C@H]([C@H]3[C@@H]2O3)C1)O)C1CCCCC1)O,,
3S7S:EXM:A:601,3s7s,EXM,A,601,P11511,4.0,11.0,1,7,2,5,0,0,0,0,0,22,296.4,4.03,0,2,0,4,0,0.676,0.6,0,32.0,C=C1C2=CC(=O)C=C[C@]2(C)[C@@H]2[C@@H](C1)[C@H]1[C@](C)(CC2)C(=O)CC1,,
3GVU:STI:A:1001,3gvu,STI,A,1001,P42684,4.0,10.0,44,16,4,10,1,0,1,0,0,37,519.8,1.33,6,8,8,5,0,0.268,1.0,0,20.0,C1CC(C2CCNC(N[C@@H]3C(C)CC[C@H](NC(C4CCC(CN5CCN(C)CC5)CC4)O)C3)N2)CNC1,,Imatinib
3VW7:VPX:A:2001,3vw7,VPX,A,2001,P25116,4.0,10.0,1,15,3,10,1,0,0,0,1,36,494.6,5.55,1,5,6,5,2,0.533,0.552,0,39.0,CCOC(=O)N[C@H]1C[C@@H]2[C@@H](CC1)[C@H](CCc1ccc(-c3cc(F)ccc3)cn1)[C@H]1[C@@H](C2)C(=O)O[C@@H]1C,,
3GVU:STI:A:1002,3gvu,STI,A,1002,P42684,4.0,10.0,44,13,1,7,0,0,1,0,4,37,519.8,1.33,6,8,8,5,0,0.268,1.0,0,29.0,C1C[C@H](C2CCNC(N[C@H]3C(C)CC[C@@H](NC(C4CCC(CN5CCN(C)CC5)CC4)O)C3)N2)CNC1,,Imatinib
1KT5:RTL:A:176,1kt5,RTL,A,176,P18902,4.0,10.0,15,12,2,10,0,0,0,0,0,21,290.5,5.67,1,1,6,1,0,0.493,0.7,0,18.0,[C@@]1(C)(C)CCC[C@H](C)[C@H]1C=CC(=CCC=C(CCO)C)C,,
1KT4:RTL:A:184,1kt4,RTL,A,184,P18902,4.0,10.0,15,11,1,9,0,0,0,0,1,21,286.5,5.51,1,1,5,1,0,0.661,0.5,0,10.0,[C@@]1(C)(C)CCCC(C)=C1C=CC(=CC=CC(=CCO)C)C,,
1KT7:RTL:A:184,1kt7,RTL,A,184,P18902,4.0,10.0,15,11,1,9,0,0,0,0,1,21,286.5,5.51,1,1,5,1,0,0.661,0.5,0,8.0,[C@@]1(C)(C)CCCC(C)=C1C=CC(=CC=CC(=CCO)C)C,,
4J6C:STR:A:501,4j6c,STR,A,501,Q5YNS8,4.0,10.0,42,11,2,8,0,0,0,0,1,23,314.5,4.72,0,2,1,4,0,0.701,0.81,0,32.0,C1CC(=O)C=C2CC[C@@H]3[C@@H]([C@@]12C)CC[C@@]1(C)[C@H]3CC[C@@H]1C(=O)C,,Progesterone-ish steroid
4J6D:TES:B:502,4j6d,TES,B,502,Q5YNS8,4.0,10.0,29,11,2,9,0,0,0,0,0,21,288.4,3.88,1,2,0,4,0,0.734,0.842,0,26.0,C1CC(=O)C=C2CC[C@@H]3[C@@H]([C@@]12C)CC[C@@]1(C)[C@H]3CC[C@@H]1O,,Testosterone
4J6D:TES:A:503,4j6d,TES,A,503,Q5YNS8,4.0,10.0,29,10,2,8,0,0,0,0,0,21,288.4,3.88,1,2,0,4,0,0.734,0.842,0,32.0,C1CC(=O)C=C2CC[C@@H]3[C@@H]([C@@]12C)CC[C@@]1(C)[C@H]3CC[C@@H]1O,,Testosterone
1KT6:RTL:A:184,1kt6,RTL,A,184,P18902,4.0,10.0,15,9,1,7,0,0,0,0,1,21,286.5,5.51,1,1,5,1,0,0.661,0.5,0,9.0,[C@@]1(C)(C)CCCC(C)=C1C=CC(=CC=CC(=CCO)C)C,,
2FUM:MIX:B:1539,2fum,MIX,B,1539,P0A5S4,4.0,10.0,6,9,6,3,0,0,0,0,0,32,444.5,-0.14,8,10,12,3,2,0.139,0.364,0,15.0,OCCNCCNc1ccc(NCCNCCO)c2c1C(=O)c1c(O)ccc(O)c1C2=O,,
4J6C:STR:B:503,4j6c,STR,B,503,Q5YNS8,4.0,10.0,42,9,2,7,0,0,0,0,0,23,314.5,4.72,0,2,1,4,0,0.701,0.81,0,33.0,C1CC(=O)C=C2CC[C@@H]3[C@@H]([C@@]12C)CC[C@@]1(C)[C@H]3CC[C@@H]1C(=O)C,,Progesterone-ish steroid
2FUM:MIX:C:2539,2fum,MIX,C,2539,P0A5S4,4.0,10.0,6,8,5,3,0,0,0,0,0,32,444.5,-0.14,8,10,12,3,2,0.139,0.364,0,16.0,OCCNCCNc1ccc(NCCNCCO)c2c1C(=O)c1c(O)ccc(O)c1C2=O,,
2FZD:TOL:A:317,2fzd,TOL,A,317,Q5U031,4.0,10.0,8,8,1,5,0,0,2,0,0,24,357.4,3.56,1,3,4,2,2,0.848,0.25,0,14.0,[C@@](F)(F)(F)c1c(OC)ccc2c1cccc2C(=S)N(C)CC(=O)O,,
1FEM:REA:A:184,1fem,REA,A,184,P18902,4.0,10.0,22,7,1,6,0,0,0,0,0,22,306.5,5.68,1,1,8,2,0,0.586,0.85,0,25.0,[C@@]12(C)[C@@H](CC[C@@H](C)C1CC=C(CCC[C@H](CC(=O)O)C)C)C2,,Retinoic acid
1KT3:RTL:A:184,1kt3,RTL,A,184,P18902,4.0,10.0,15,7,1,5,0,0,0,0,1,21,288.5,5.59,1,1,6,1,0,0.632,0.6,0,14.0,[C@@]1(C)(C)CCCC(C)=C1C=C[C@H](CC=CC(=CCO)C)C,,
2FUM:MIX:A:539,2fum,MIX,A,539,P0A5S4,4.0,10.0,6,7,4,3,0,0,0,0,0,32,444.5,-0.14,8,10,12,3,2,0.139,0.364,0,15.0,OCCNCCNc1ccc(NCCNCCO)c2c1C(=O)c1c(O)ccc(O)c1C2=O,,
2FZB:TOL:A:600,2fzb,TOL,A,600,Q5U031,4.0,10.0,8,7,1,4,1,0,1,0,0,24,357.4,3.56,1,3,4,2,2,0.848,0.25,0,10.0,[C@@](F)(F)(F)c1c(OC)ccc2c1cccc2C(=S)N(C)CC(=O)O,,
5MXW:ML1:A:218,5mxw,ML1,A,218,Q9LLQ2,4.0,10.0,10,7,1,4,0,0,0,0,2,17,232.3,1.57,1,3,4,2,0,0.799,0.385,0,8.0,C(CC1=CN=C2C1C=C(OC)C=C2)NC(C)=O,,
3S56:ROC:A:201,3s56,ROC,A,201,Q7SSI0,4.0,9.0,26,18,5,8,0,0,2,0,3,49,670.9,3.09,5,7,12,5,3,0.198,0.5,0,49.0,C(=O)(c1nc2ccccc2cc1)N[C@H](C(=O)N[C@H]([C@H](O)CN1[C@H](C(=O)N[C@](C)(C)C)C[C@@H]2CCCC[C@@H]2C1)Cc1ccccc1)CC(=O)N,,Ritonavir
3NDU:ROC:A:101,3ndu,ROC,A,101,Q7SSI0,4.0,9.0,26,16,4,10,0,0,2,0,0,49,695.0,2.44,10,11,15,5,0,0.114,1.0,0,62.0,[C@H](O)([C@H]1NC2CCCCC2CC1)N[C@H](C(O)N[C@H]([C@H](O)CN1[C@H]([C@@H](O)N[C@@](C)(C)C)C[C@@H]2CCCC[C@@H]2C1)CC1CCCCC1)CC(O)N,,Ritonavir
3OXC:ROC:A:401,3oxc,ROC,A,401,Q7SSI0,4.0,9.0,26,14,4,7,0,0,2,0,1,49,695.0,2.44,10,11,15,5,0,0.114,1.0,0,58.0,[C@H](O)(C1NC2CCCCC2CC1)N[C@H](C(O)N[C@H]([C@H](O)CN1[C@H]([C@H](O)N[C@](C)(C)C)C[C@@H]2CCCC[C@@H]2C1)CC1CCCCC1)CC(O)N,,Ritonavir
1BRP:RTL:A:183,1brp,RTL,A,183,P02753,4.0,9.0,15,9,1,8,0,0,0,0,0,21,296.5,6.05,1,1,9,1,0,0.549,1.0,0,22.0,[C@@]1(C)(C)CCC[C@H](C)[C@H]1CC[C@@H](CCC[C@@H](CCO)C)C,,
3TI5:ZMR:A:1002,3ti5,ZMR,A,1002,C3W5S3,4.0,8.0,45,24,8,3,0,0,6,0,7,23,330.3,-3.31,7,7,6,1,0,0.192,0.417,0,24.0,C(=O)(O)[C@H]1C=C(N=C(N)N)C(NC(=O)C)=C([C@H](O)[C@H](O)CO)O1,,Zanamivir
3TI5:ZMR:B:1002,3ti5,ZMR,B,1002,C3W5S3,4.0,8.0,45,23,7,3,0,0,6,0,7,23,330.3,-3.31,7,7,6,1,0,0.192,0.417,0,24.0,C(=O)(O)[C@H]1C=C(N=C(N)N)C(NC(=O)C)=C([C@H](O)[C@H](O)CO)O1,,Zanamivir
3LMY:CP6:A:562,3lmy,CP6,A,562,P07686,4.0,8.0,24,15,4,4,2,2,3,0,0,17,248.7,2.52,2,4,2,2,2,0.856,0.167,0,2.0,n1c(N)nc(CC)c(-c2ccc(Cl)cc2)c1N,,
3LMY:CP6:B:563,3lmy,CP6,B,563,P07686,4.0,8.0,24,15,4,5,2,1,3,0,0,17,248.7,2.52,2,4,2,2,2,0.856,0.167,0,1.0,n1c(N)nc(CC)c(-c2ccc(Cl)cc2)c1N,,
1S14:NOV:A:1300,1s14,NOV,A,1300,P20083,4.0,8.0,16,14,3,3,0,2,2,0,4,44,612.6,3.63,5,11,8,4,3,0.184,0.387,0,36.0,CO[C@@H]1[C@@H](OC(N)=O)[C@@H](O)[C@H](Oc2c(C)c3c(cc2)c(O)c(NC(=O)c2cc(CC=C(C)C)c(O)cc2)c(=O)o3)O[C@@]1(C)C,,
1S14:NOV:B:2300,1s14,NOV,B,2300,P20083,4.0,8.0,16,13,3,3,0,2,2,0,3,44,612.6,3.63,5,11,8,4,3,0.184,0.387,0,37.0,CO[C@@H]1[C@@H](OC(N)=O)[C@@H](O)[C@H](Oc2c(C)c3c(cc2)c(O)c(NC(=O)c2cc(CC=C(C)C)c(O)cc2)c(=O)o3)O[C@@]1(C)C,,
3F4B:TCL:A:400,3f4b,TCL,A,400,Q6TEI5,4.0,8.0,109,10,2,6,1,0,0,1,0,17,289.5,5.14,1,2,2,2,2,0.829,0.0,0,6.0,c1c(Cl)ccc(Oc2c(Cl)cc(Cl)cc2)c1O,,Triclosan
4NR0:TCL:C:302,4nr0,TCL,C,302,Q9ZFE4,4.0,8.0,109,9,2,5,1,0,0,1,0,17,289.5,5.14,1,2,2,2,2,0.829,0.0,0,6.0,c1c(Cl)ccc(Oc2c(Cl)cc(Cl)cc2)c1O,,Triclosan
2QIO:TCL:C:603,2qio,TCL,C,603,Q81JF8,4.0,8.0,109,8,2,4,1,0,0,1,0,17,289.5,5.14,1,2,2,2,2,0.829,0.0,0,6.0,c1c(Cl)ccc(Oc2c(Cl)cc(Cl)cc2)c1O,,Triclosan
3F4B:TCL:D:500,3f4b,TCL,D,500,Q6TEI5,4.0,8.0,109,8,2,4,1,0,0,1,0,17,289.5,5.14,1,2,2,2,2,0.829,0.0,0,6.0,c1c(Cl)ccc(Oc2c(Cl)cc(Cl)cc2)c1O,,Triclosan
4NR0:TCL:A:302,4nr0,TCL,A,302,Q9ZFE4,4.0,8.0,109,8,1,5,1,0,0,1,0,17,289.5,5.14,1,2,2,2,2,0.829,0.0,0,6.0,c1c(Cl)ccc(Oc2c(Cl)cc(Cl)cc2)c1O,,Triclosan
4NR0:TCL:B:302,4nr0,TCL,B,302,Q9ZFE4,4.0,8.0,109,8,1,5,1,0,0,1,0,17,289.5,5.14,1,2,2,2,2,0.829,0.0,0,6.0,c1c(Cl)ccc(Oc2c(Cl)cc(Cl)cc2)c1O,,Triclosan
4NR0:TCL:D:302,4nr0,TCL,D,302,Q9ZFE4,4.0,8.0,109,8,2,4,1,0,0,1,0,17,289.5,5.14,1,2,2,2,2,0.829,0.0,0,6.0,c1c(Cl)ccc(Oc2c(Cl)cc(Cl)cc2)c1O,,Triclosan
2QIO:TCL:A:601,2qio,TCL,A,601,Q81JF8,4.0,8.0,109,7,1,4,1,0,0,1,0,17,289.5,5.14,1,2,2,2,2,0.829,0.0,0,6.0,c1c(Cl)ccc(Oc2c(Cl)cc(Cl)cc2)c1O,,Triclosan
2QIO:TCL:B:602,2qio,TCL,B,602,Q81JF8,4.0,8.0,109,7,2,3,1,0,0,1,0,17,289.5,5.14,1,2,2,2,2,0.829,0.0,0,6.0,c1c(Cl)ccc(Oc2c(Cl)cc(Cl)cc2)c1O,,Triclosan
2QIO:TCL:D:604,2qio,TCL,D,604,Q81JF8,4.0,8.0,109,7,1,4,1,0,0,1,0,17,289.5,5.14,1,2,2,2,2,0.829,0.0,0,6.0,c1c(Cl)ccc(Oc2c(Cl)cc(Cl)cc2)c1O,,Triclosan
3OID:TCL:B:603,3oid,TCL,B,603,P71079,4.0,8.0,109,7,2,4,0,0,0,1,0,17,289.5,5.14,1,2,2,2,2,0.829,0.0,0,9.0,c1c(Cl)ccc(Oc2c(Cl)cc(Cl)cc2)c1O,,Triclosan
3OID:TCL:C:604,3oid,TCL,C,604,P71079,4.0,8.0,109,7,2,4,0,0,0,1,0,17,289.5,5.14,1,2,2,2,2,0.829,0.0,0,9.0,c1c(Cl)ccc(Oc2c(Cl)cc(Cl)cc2)c1O,,Triclosan
3OID:TCL:D:602,3oid,TCL,D,602,P71079,4.0,8.0,109,7,2,4,0,0,0,1,0,17,289.5,5.14,1,2,2,2,2,0.829,0.0,0,9.0,c1c(Cl)ccc(Oc2c(Cl)cc(Cl)cc2)c1O,,Triclosan
4UBS:DIF:A:502,4ubs,DIF,A,502,Q825I8,4.0,8.0,24,7,1,4,0,0,1,1,0,19,296.2,4.36,2,2,4,2,2,0.881,0.071,0,8.0,c1c(Cl)c(Nc2c(CC(O)=O)cccc2)c(Cl)cc1,,Diclofenac
1QVU:PRL:A:196,1qvu,PRL,A,196,P0A0N4,4.0,8.0,4,6,2,3,1,0,0,0,0,16,209.3,2.55,2,3,0,3,3,0.441,0.0,0,4.0,c1cc(N)cc2nc3cc(N)ccc3cc12,,
3F4B:TCL:C:400,3f4b,TCL,C,400,Q6TEI5,4.0,8.0,109,6,1,3,1,0,0,1,0,17,289.5,5.14,1,2,2,2,2,0.829,0.0,0,6.0,c1c(Cl)ccc(Oc2c(Cl)cc(Cl)cc2)c1O,,Triclosan
3OID:TCL:A:601,3oid,TCL,A,601,P71079,4.0,8.0,109,6,1,4,0,0,0,1,0,17,289.5,5.14,1,2,2,2,2,0.829,0.0,0,9.0,c1c(Cl)ccc(Oc2c(Cl)cc(Cl)cc2)c1O,,Triclosan
4UBS:DIF:A:503,4ubs,DIF,A,503,Q825I8,4.0,8.0,24,5,1,3,0,0,1,0,0,19,296.2,4.36,2,2,4,2,2,0.881,0.071,0,8.0,c1c(Cl)c(Nc2c(CC(O)=O)cccc2)c(Cl)cc1,,Diclofenac
2NNI:MTK:A:501,2nni,MTK,A,501,P10632,4.0,7.0,1,19,5,14,0,0,0,0,0,41,586.2,8.95,2,4,12,5,4,0.174,0.314,0,22.0,c1cc2ccc(Cl)cc2nc1C=Cc1cc([C@H](SC[C@@]2(CC(O)=O)CC2)CCc2ccccc2[C@@](C)(C)O)ccc1,,
4CPN:ZMR:A:700,4cpn,ZMR,A,700,C0LT34,4.0,7.0,45,19,8,3,0,0,6,0,2,23,334.3,-3.91,7,7,6,1,0,0.187,0.75,0,34.0,C(=O)(O)[C@@H]1C[C@H](N=C(N)N)[C@@H](NC(=O)C)[C@@H]([C@H](O)[C@H](O)CO)O1,,Zanamivir
2NNH:9CR:A:501,2nnh,9CR,A,501,P10632,4.0,7.0,34,13,4,8,0,0,0,0,1,22,302.5,5.83,1,1,6,1,0,0.381,0.55,0,8.0,[C@@]1(C)(C)CCCC(C)=C1CC=C(CC=CC(=CC(=O)O)C)C,,9-cis retinoic acid
2NNH:9CR:B:502,2nnh,9CR,B,502,P10632,4.0,7.0,34,12,1,10,0,0,1,0,0,22,300.4,5.6,1,1,5,1,0,0.53,0.45,0,9.0,[C@@]1(C)(C)CCCC(C)=C1C=CC(=CC=CC(=CC(=O)O)C)C,,9-cis retinoic acid
2NNH:9CR:A:502,2nnh,9CR,A,502,P10632,4.0,7.0,34,11,1,9,0,0,1,0,0,22,300.4,5.6,1,1,5,1,0,0.53,0.45,0,10.0,[C@@]1(C)(C)CCCC(C)=C1C=CC(=CC=CC(=CC(=O)O)C)C,,9-cis retinoic acid
2NNH:9CR:B:501,2nnh,9CR,B,501,P10632,4.0,7.0,34,11,4,7,0,0,0,0,0,22,302.5,5.83,1,1,6,1,0,0.381,0.55,0,10.0,[C@@]1(C)(C)CCCC(C)=C1CC=C(CC=CC(=CC(=O)O)C)C,,9-cis retinoic acid
3A9E:REA:B:1,3a9e,REA,B,1,P10276,4.0,7.0,22,11,1,9,0,0,1,0,0,22,306.5,6.13,1,1,8,1,0,0.432,0.75,0,8.0,[C@@]1(C)(C)CCCC(C)=C1CCC(CCCC(=CC(=O)O)C)C,,Retinoic acid
1AH3:TOL:A:320,1ah3,TOL,A,320,P80276,4.0,7.0,8,9,2,6,0,0,1,0,0,24,357.4,3.56,1,3,4,2,2,0.848,0.25,0,13.0,[C@@](F)(F)(F)c1c(OC)ccc2c1cccc2C(=S)N(C)CC(=O)O,,
3SAN:ZMR:A:901,3san,ZMR,A,901,A1ILL9,4.0,6.0,45,22,8,3,0,0,6,0,5,23,332.3,-3.79,7,7,6,1,0,0.188,0.583,0,31.0,C(=O)(O)C1=C[C@H](N=C(N)N)[C@@H](NC(=O)C)[C@H]([C@H](O)[C@H](O)CO)O1,,Zanamivir
5M24:9CR:A:501,5m24,9CR,A,501,P13631,4.0,6.0,34,19,1,15,0,0,1,0,2,22,302.5,5.83,1,1,6,1,0,0.495,0.55,0,7.0,[C@@]1(C)(C)CCCC(C)=C1C=CC(=CCC=C(CC(O)=O)C)C,,9-cis retinoic acid
1X8V:ESL:A:471,1x8v,ESL,A,471,P0A512,4.0,6.0,4,14,4,7,0,0,0,0,3,21,288.4,2.58,3,3,0,4,1,0.687,0.667,0,33.0,[C@H]12CC[C@]3(C)[C@@H](O)[C@H](O)C[C@H]3[C@@H]1CCc1cc(O)ccc12,,
4Y8W:STR:C:603,4y8w,STR,C,603,Q16874,4.0,6.0,42,13,1,12,0,0,0,0,0,23,314.5,4.72,0,2,1,4,0,0.701,0.81,0,28.0,C1CC(=O)C=C2CC[C@@H]3[C@@H]([C@@]12C)CC[C@@]1(C)[C@H]3CC[C@@H]1C(=O)C,,Progesterone-ish steroid
2Y05:RAL:A:801,2y05,RAL,A,801,Q14914,4.0,6.0,11,12,2,9,0,0,0,0,1,34,473.6,6.08,2,6,7,5,4,0.319,0.25,0,13.0,c1cc(O)cc2c1c(C(=O)c1ccc(OCCN3CCCCC3)cc1)c(-c1ccc(O)cc1)s2,,Raloxifene
4M89:TCL:B:302,4m89,TCL,B,302,A1KVU8,4.0,6.0,109,11,2,7,1,0,0,1,0,17,289.5,5.14,1,2,2,2,2,0.829,0.0,0,6.0,c1c(Cl)ccc(Oc2c(Cl)cc(Cl)cc2)c1O,,Triclosan
4Y8W:STR:B:603,4y8w,STR,B,603,Q16874,4.0,6.0,42,11,1,10,0,0,0,0,0,23,314.5,4.72,0,2,1,4,0,0.701,0.81,0,28.0,C1CC(=O)C=C2CC[C@@H]3[C@@H]([C@@]12C)CC[C@@]1(C)[C@H]3CC[C@@H]1C(=O)C,,Progesterone-ish steroid
4M89:TCL:A:302,4m89,TCL,A,302,A1KVU8,4.0,6.0,109,10,2,7,0,0,0,1,0,17,289.5,5.14,1,2,2,2,2,0.829,0.0,0,9.0,c1c(Cl)ccc(Oc2c(Cl)cc(Cl)cc2)c1O,,Triclosan
1AFS:TES:B:325,1afs,TES,B,325,P23457,4.0,6.0,29,9,1,8,0,0,0,0,0,21,288.4,3.88,1,2,0,4,0,0.734,0.842,0,30.0,C1CC(=O)C=C2CC[C@@H]3[C@@H]([C@@]12C)CC[C@@]1(C)[C@H]3CC[C@@H]1O,,Testosterone
1HDC:CBO:A:301,1hdc,CBO,A,301,P19992,4.0,6.0,6,9,4,5,0,0,0,0,0,41,570.8,6.83,2,5,5,5,0,0.348,0.824,0,54.0,C1C[C@H](OC(CCC(=O)O)=O)[C@@](C)(C)[C@@H]2CC[C@]3(C)[C@@H]([C@@]12C)C(=O)C=C1[C@@]3(C)CC[C@]2(C)[C@H]1C[C@](C(=O)O)(C)CC2,,
1UH5:TCL:A:502,1uh5,TCL,A,502,Q6LFB9,4.0,6.0,109,9,1,6,1,0,0,1,0,17,289.5,5.14,1,2,2,2,2,0.829,0.0,0,6.0,c1c(Cl)ccc(Oc2c(Cl)cc(Cl)cc2)c1O,,Triclosan
3NT1:NPS:A:5,3nt1,NPS,A,5,Q543K3,4.0,6.0,6,9,2,6,0,0,1,0,0,17,230.3,3.04,1,2,3,2,2,0.881,0.214,0,6.0,c1(OC)ccc2c(c1)ccc([C@H](C)C(=O)O)c2,,
4Y8W:STR:A:604,4y8w,STR,A,604,Q16874,4.0,6.0,42,9,1,8,0,0,0,0,0,23,314.5,4.72,0,2,1,4,0,0.701,0.81,0,29.0,C1CC(=O)C=C2CC[C@@H]3[C@@H]([C@@]12C)CC[C@@]1(C)[C@H]3CC[C@@H]1C(=O)C,,Progesterone-ish steroid
3NT1:NPS:B:4,3nt1,NPS,B,4,Q543K3,4.0,6.0,6,8,1,6,0,0,1,0,0,17,230.3,3.04,1,2,3,2,2,0.881,0.214,0,6.0,c1(OC)ccc2c(c1)ccc([C@H](C)C(=O)O)c2,,
1UH5:TCL:B:602,1uh5,TCL,B,602,Q6LFB9,4.0,6.0,109,7,1,4,1,0,0,1,0,17,289.5,5.14,1,2,2,2,2,0.829,0.0,0,6.0,c1c(Cl)ccc(Oc2c(Cl)cc(Cl)cc2)c1O,,Triclosan
2BLA:CP6:A:302,2bla,CP6,A,302,Q5U9H1,4.0,6.0,24,7,2,3,0,0,1,1,0,17,248.7,2.52,2,4,2,2,2,0.856,0.167,0,7.0,n1c(N)nc(CC)c(-c2ccc(Cl)cc2)c1N,,
3OIF:TCL:A:502,3oif,TCL,A,502,P54616,4.0,6.0,109,6,1,3,1,0,0,1,0,17,289.5,5.14,1,2,2,2,2,0.829,0.0,0,6.0,c1c(Cl)ccc(Oc2c(Cl)cc(Cl)cc2)c1O,,Triclosan
1HDC:CBO:C:301,1hdc,CBO,C,301,P19992,4.0,6.0,6,5,2,3,0,0,0,0,0,41,572.8,6.91,2,5,5,5,0,0.344,0.882,0,59.0,C1C[C@H](OC(CCC(=O)O)=O)[C@@](C)(C)[C@@H]2CC[C@]3(C)[C@@H]([C@@]12C)C(=O)C[C@H]1[C@@]3(C)CC[C@]2(C)[C@H]1C[C@](C(=O)O)(C)CC2,,
2Y05:RAL:A:802,2y05,RAL,A,802,Q14914,4.0,6.0,11,5,2,3,0,0,0,0,0,34,473.6,6.08,2,6,7,5,4,0.319,0.25,0,14.0,c1cc(O)cc2c1c(C(=O)c1ccc(OCCN3CCCCC3)cc1)c(-c1ccc(O)cc1)s2,,Raloxifene
4MBS:MRV:B:1101,4mbs,MRV,B,1101,P51681,4.0,5.0,2,20,2,12,4,0,1,1,0,37,513.7,5.95,1,4,8,5,2,0.474,0.69,0,31.0,F[C@]1(F)CC[C@H](C(=O)N[C@@H](CCN2[C@H]3C[C@@H](n4c([C@H](C)C)nnc4C)C[C@@H]2CC3)c2ccccc2)CC1,,
3GP0:NIL:A:1,3gp0,NIL,A,1,Q15759,4.0,5.0,6,15,4,10,1,0,0,0,0,39,559.8,1.87,7,8,7,5,0,0.238,1.0,0,28.0,OC(N[C@@H]1C[C@H](N2CC(C)NC2)CC([C@@](F)(F)F)C1)[C@H]1CCC(C)C(NC2NCCC(C3CCCNC3)N2)C1,,
4MBS:MRV:A:1101,4mbs,MRV,A,1101,P51681,4.0,5.0,2,15,2,7,4,0,1,1,0,37,513.7,5.95,1,4,8,5,2,0.474,0.69,0,33.0,F[C@]1(F)CC[C@H](C(=O)N[C@@H](CCN2[C@H]3C[C@@H](n4c([C@H](C)C)nnc4C)C[C@@H]2CC3)c2ccccc2)CC1,,
5HES:032:A:401,5hes,032,A,401,Q9NYL2,4.0,5.0,5,15,6,8,1,0,0,0,0,33,489.9,5.18,1,5,7,4,2,0.544,0.174,0,17.0,c1(Cl)ccc(C2=CN=C3N=CC(C(c4c(F)ccc(N[S@](=O)(=O)CCC)c4F)=O)=C3C2)cc1,,BRAF inhibitor (check)
4LNX:T3:A:502,4lnx,T3,A,502,P10827,4.0,5.0,10,14,1,4,0,0,1,2,6,23,651.0,3.95,3,4,5,2,2,0.427,0.133,0,18.0,c1(C[C@@H](C(O)=O)N)cc(I)c(Oc2cc(I)c(O)cc2)c(I)c1,,
4XUF:P30:A:1001,4xuf,P30,A,1001,P36888,4.0,5.0,2,14,4,9,1,0,0,0,0,40,560.7,5.86,2,8,7,6,5,0.257,0.345,0,14.0,N(C(=O)Nc1ccc(-c2cn3c(n2)sc2c3ccc(OCCN3CCOCC3)c2)cc1)c1noc([C@@](C)(C)C)c1,,
5HES:032:B:401,5hes,032,B,401,Q9NYL2,4.0,5.0,5,14,6,6,1,0,0,0,1,33,489.9,5.18,1,5,7,4,2,0.544,0.174,0,15.0,c1(Cl)ccc(C2=CN=C3N=CC(C(c4c(F)ccc(N[S@](=O)(=O)CCC)c4F)=O)=C3C2)cc1,,BRAF inhibitor (check)
1QKN:RAL:A:600,1qkn,RAL,A,600,Q62986,4.0,5.0,11,13,2,7,2,0,1,0,1,34,473.6,6.08,2,6,7,5,4,0.319,0.25,0,11.0,c1cc(O)cc2c1c(C(=O)c1ccc(OCCN3CCCCC3)cc1)c(-c1ccc(O)cc1)s2,,Raloxifene
4URN:NOV:A:2000,4urn,NOV,A,2000,X5EN43,4.0,5.0,16,13,6,3,0,1,2,0,1,44,612.6,3.63,5,11,8,4,3,0.184,0.387,0,37.0,CO[C@@H]1[C@@H](OC(N)=O)[C@@H](O)[C@H](Oc2c(C)c3c(cc2)c(O)c(NC(=O)c2cc(CC=C(C)C)c(O)cc2)c(=O)o3)O[C@@]1(C)C,,
2DM6:IMN:A:1401,2dm6,IMN,A,1401,Q9EQZ5,4.0,5.0,29,12,1,9,1,0,1,0,0,25,357.8,3.93,1,3,4,3,3,0.768,0.158,0,10.0,c12ccc(OC)cc1c(CC(=O)O)c(C)n2C(c1ccc(Cl)cc1)=O,,Indomethacin
2J7X:EST:A:1454,2j7x,EST,A,1454,Q62986,4.0,5.0,79,11,3,6,1,0,0,0,1,20,272.4,3.61,2,2,0,4,1,0.757,0.667,0,26.0,c1cc(O)cc2c1[C@@H]1[C@@H](CC2)[C@H]2[C@](C)(CC1)[C@@H](O)CC2,,Estradiol
4LNW:T3:A:501,4lnw,T3,A,501,P10827,4.0,5.0,10,10,1,3,0,0,1,2,3,23,651.0,3.95,3,4,5,2,2,0.427,0.133,0,19.0,c1(C[C@@H](C(O)=O)N)cc(I)c(Oc2cc(I)c(O)cc2)c(I)c1,,
3RF4:FUN:A:201,3rf4,FUN,A,201,A4GRE3,4.0,5.0,5,9,2,4,1,0,1,0,1,21,330.7,1.89,3,5,5,2,2,0.769,0.083,0,9.0,N[S@](=O)(=O)c1c(Cl)cc(NCc2ccco2)c(C(O)=O)c1,,
4XUF:P30:B:1001,4xuf,P30,B,1001,P36888,4.0,5.0,2,9,3,5,1,0,0,0,0,40,560.7,5.86,2,8,7,6,5,0.257,0.345,0,15.0,N(C(=O)Nc1ccc(-c2cn3c(n2)sc2c3ccc(OCCN3CCOCC3)c2)cc1)c1noc([C@@](C)(C)C)c1,,
3RF4:FUN:B:202,3rf4,FUN,B,202,A4GRE3,4.0,5.0,5,8,1,4,0,0,1,0,2,21,330.7,1.89,3,5,5,2,2,0.769,0.083,0,9.0,N[S@](=O)(=O)c1c(Cl)cc(NCc2ccco2)c(C(O)=O)c1,,
4I00:ZMR:A:509,4i00,ZMR,A,509,A9YN63,4.0,4.0,45,23,7,3,0,0,6,0,7,23,332.3,-4.08,8,8,6,1,0,0.135,0.5,0,24.0,[C@@H](O)(O)[C@@H]1C=C(N=C(N)N)C(NC(=O)C)=C([C@H](O)[C@H](O)CO)O1,,Zanamivir
1S9P:DES:B:459,1s9p,DES,B,459,P62509,4.0,4.0,10,17,4,10,2,0,0,0,1,20,268.4,4.83,2,2,4,2,2,0.78,0.222,0,2.0,CCC(c1ccc(O)cc1)=C(c1ccc(O)cc1)CC,,Diethylstilbestrol
1S9P:DES:A:459,1s9p,DES,A,459,P62509,4.0,4.0,10,15,3,9,2,0,0,0,1,20,268.4,4.83,2,2,4,2,2,0.78,0.222,0,2.0,CCC(c1ccc(O)cc1)=C(c1ccc(O)cc1)CC,,Diethylstilbestrol
1S9P:DES:D:600,1s9p,DES,D,600,P62509,4.0,4.0,10,15,4,8,2,0,0,0,1,20,268.4,4.83,2,2,4,2,2,0.78,0.222,0,2.0,CCC(c1ccc(O)cc1)=C(c1ccc(O)cc1)CC,,Diethylstilbestrol
1S9P:DES:C:500,1s9p,DES,C,500,P62509,4.0,4.0,10,13,3,8,1,0,0,0,1,20,268.4,4.83,2,2,4,2,2,0.78,0.222,0,5.0,CCC(c1ccc(O)cc1)=C(c1ccc(O)cc1)CC,,Diethylstilbestrol
4IAR:ERM:A:2001,4iar,ERM,A,2001,P28222,4.0,4.0,6,12,1,8,2,0,1,0,0,43,581.7,1.45,2,7,4,8,1,0.557,0.455,0,42.0,C1=NC2C=CC=C3C2=C1C[C@H]1N(C)C[C@H](C(=O)N[C@@]2(C)C(=O)N4[C@@H](Cc5ccccc5)C(=O)N5CCC[C@H]5[C@]4(O)O2)C=C31,,
2Y7J:B49:A:1294,2y7j,B49,A,1294,P15735,4.0,4.0,20,11,3,6,0,0,0,0,2,29,398.5,2.98,2,4,7,3,1,0.694,0.409,0,14.0,CC1=NC(C=C2c3c(ccc(F)c3)NC2=O)=C(C)C1C(NCCN(CC)CC)=O,,CDK2 inhibitor
2Y7J:B49:C:1294,2y7j,B49,C,1294,P15735,4.0,4.0,20,11,3,7,0,0,0,0,1,29,398.5,2.98,2,4,7,3,1,0.694,0.409,0,13.0,CC1=NC(C=C2c3c(ccc(F)c3)NC2=O)=C(C)C1C(NCCN(CC)CC)=O,,CDK2 inhibitor
2Y7J:B49:D:1294,2y7j,B49,D,1294,P15735,4.0,4.0,20,11,2,9,0,0,0,0,0,29,398.5,2.98,2,4,7,3,1,0.694,0.409,0,13.0,CC1=NC(C=C2c3c(ccc(F)c3)NC2=O)=C(C)[C@H]1C(NCCN(CC)CC)=O,,CDK2 inhibitor
2Y7J:B49:B:1294,2y7j,B49,B,1294,P15735,4.0,4.0,20,10,3,7,0,0,0,0,0,29,398.5,2.98,2,4,7,3,1,0.694,0.409,0,14.0,CC1=NC(C=C2c3c(ccc(F)c3)NC2=O)=C(C)[C@H]1C(NCCN(CC)CC)=O,,CDK2 inhibitor
4KYS:VIB:B:501,4kys,VIB,B,501,A7FS27,4.0,4.0,11,10,3,6,1,0,0,0,0,18,266.4,1.49,2,6,4,2,1,0.86,0.5,0,5.0,Cc1ncc(CN2CSC(CCO)=C2C)c(N)n1,,Vitamin/flavin-like (check)
4KYS:VIB:A:501,4kys,VIB,A,501,A7FS27,4.0,4.0,11,8,2,5,1,0,0,0,0,18,266.4,1.49,2,6,4,2,1,0.86,0.5,0,5.0,Cc1ncc(CN2CSC(CCO)=C2C)c(N)n1,,Vitamin/flavin-like (check)
3TVX:PNX:A:902,3tvx,PNX,A,902,P27815,4.0,4.0,2,7,1,4,2,0,0,0,0,20,278.3,0.19,0,4,5,2,2,0.731,0.538,0,6.0,CC(=O)CCCCn1c(=O)c2c(ncn2C)n(C)c1=O,,
3TVX:PNX:B:902,3tvx,PNX,B,902,P27815,4.0,4.0,2,6,1,4,1,0,0,0,0,20,278.3,0.19,0,4,5,2,2,0.731,0.538,0,7.0,CC(=O)CCCCn1c(=O)c2c(ncn2C)n(C)c1=O,,
4S0V:SUV:A:2001,4s0v,SUV,A,2001,O43614,4.0,4.0,6,6,2,4,0,0,0,0,0,32,450.9,4.11,0,6,3,5,4,0.467,0.304,0,22.0,c1(N2CCN(C(=O)c3cc(C)ccc3-n3nccn3)[C@H](C)CC2)nc2c(o1)ccc(Cl)c2,,
5L17:ZMR:A:512,5l17,ZMR,A,512,R4NFR6,4.0,3.0,45,19,7,3,0,0,6,0,3,23,332.3,-3.79,7,7,6,1,0,0.188,0.583,0,31.0,C(=O)(O)C1=C[C@H](N=C(N)N)[C@@H](NC(=O)C)[C@H]([C@H](O)[C@H](O)CO)O1,,Zanamivir
1XDK:9CR:E:1500,1xdk,9CR,E,1500,P28700,4.0,3.0,34,17,2,13,0,0,1,0,1,22,300.4,5.6,1,1,5,1,0,0.53,0.45,0,7.0,[C@@]1(C)(C)CCCC(C)=C1C=CC(=CC=CC(=CC(=O)O)C)C,,9-cis retinoic acid
1FB7:ROC:A:100,1fb7,ROC,A,100,Q72874,4.0,3.0,26,16,8,5,0,0,1,0,2,49,670.9,3.09,5,7,12,5,3,0.198,0.5,0,47.0,C(=O)(c1nc2ccccc2cc1)N[C@H](C(=O)N[C@H]([C@H](O)CN1[C@H](C(=O)N[C@](C)(C)C)C[C@@H]2CCCC[C@@H]2C1)Cc1ccccc1)CC(=O)N,,Ritonavir
1XDK:9CR:A:500,1xdk,9CR,A,500,P28700,4.0,3.0,34,16,1,13,0,0,1,0,1,22,300.4,5.6,1,1,5,1,0,0.53,0.45,0,8.0,[C@@]1(C)(C)CCCC(C)=C1C=CC(=CC=CC(=CC(=O)O)C)C,,9-cis retinoic acid
3LBD:9CR:A:424,3lbd,9CR,A,424,P22932,4.0,3.0,34,15,1,12,0,0,1,0,1,22,300.4,5.6,1,1,5,1,0,0.53,0.45,0,9.0,[C@@]1(C)(C)CCCC(C)=C1C=CC(=CC=CC(=CC(=O)O)C)C,,9-cis retinoic acid
2LBD:REA:A:500,2lbd,REA,A,500,P22932,4.0,3.0,22,14,2,10,0,0,1,0,1,22,300.4,5.6,1,1,5,1,0,0.53,0.45,0,8.0,[C@@]1(C)(C)CCCC(C)=C1C=CC(=CC=CC(=CC(=O)O)C)C,,Retinoic acid
2ZBZ:VDX:A:501,2zbz,VDX,A,501,P18326,4.0,3.0,17,14,3,8,0,0,0,0,3,30,416.6,5.7,3,3,6,3,0,0.52,0.778,0,36.0,O[C@H]1C[C@H](O)C(=C)C(=CC=C2CCC[C@@]3(C)[C@H]2CC[C@@H]3[C@H](C)CCC[C@@](O)(C)C)C1,,
1AJ6:NOV:A:1,1aj6,NOV,A,1,P06982,4.0,3.0,16,13,3,4,0,2,1,0,3,44,612.6,3.63,5,11,8,4,3,0.184,0.387,0,35.0,CO[C@@H]1[C@@H](OC(N)=O)[C@@H](O)[C@H](Oc2c(C)c3c(cc2)c(O)c(NC(=O)c2cc(CC=C(C)C)c(O)cc2)c(=O)o3)O[C@@]1(C)C,,
2H79:T3:A:1,2h79,T3,A,1,Q6FH41,4.0,3.0,10,13,1,3,0,0,1,2,6,23,651.0,3.95,3,4,5,2,2,0.427,0.133,0,18.0,c1(C[C@@H](C(O)=O)N)cc(I)c(Oc2cc(I)c(O)cc2)c(I)c1,,
3CV9:VDX:A:501,3cv9,VDX,A,501,P18326,4.0,3.0,17,13,4,7,0,0,0,0,2,30,416.6,5.7,3,3,6,3,0,0.52,0.778,0,38.0,O[C@H]1C[C@H](O)C(=C)C(=CC=C2CCC[C@@]3(C)[C@H]2CC[C@@H]3[C@H](C)CCC[C@@](O)(C)C)C1,,
3MNO:DEX:A:784,3mno,DEX,A,784,P06537,4.0,3.0,11,13,4,8,0,0,0,0,1,28,392.5,1.9,3,5,2,4,0,0.667,0.727,0,43.0,C1=CC(=O)C=C2CC[C@@H]3[C@@](F)([C@@]12C)[C@@H](O)C[C@@]1(C)[C@H]3C[C@@H](C)[C@@]1(C(CO)=O)O,,
3MNP:DEX:A:784,3mnp,DEX,A,784,P06537,4.0,3.0,11,12,4,7,0,0,0,0,1,28,392.5,1.9,3,5,2,4,0,0.667,0.727,0,44.0,C1=CC(=O)C=C2CC[C@@H]3[C@@](F)([C@@]12C)[C@@H](O)C[C@@]1(C)[C@H]3C[C@@H](C)[C@@]1(C(CO)=O)O,,
2H77:T3:A:1,2h77,T3,A,1,Q6FH41,4.0,3.0,10,11,2,4,0,0,1,2,2,23,651.0,3.95,3,4,5,2,2,0.427,0.133,0,18.0,c1(C[C@@H](C(O)=O)N)cc(I)c(Oc2cc(I)c(O)cc2)c(I)c1,,
3MNE:DEX:A:784,3mne,DEX,A,784,P06537,4.0,3.0,11,11,4,6,0,0,0,0,1,28,392.5,1.9,3,5,2,4,0,0.667,0.727,0,43.0,C1=CC(=O)C=C2CC[C@@H]3[C@@](F)([C@@]12C)[C@@H](O)C[C@@]1(C)[C@H]3C[C@@H](C)[C@@]1(C(CO)=O)O,,
1IWH:PEM:A:501,1iwh,PEM,A,501,P01958,4.0,3.0,5,9,1,5,0,0,0,0,3,25,361.8,3.55,2,3,7,2,2,0.79,0.263,0,11.0,c1(C(=O)NCCc2ccc(O[C@@](C)(C)C(=O)O)cc2)ccc(Cl)cc1,,
4OTI:MI1:A:1001,4oti,MI1,A,1001,Q16512,4.0,3.0,6,7,3,3,0,0,0,0,1,23,314.4,0.36,1,6,3,3,0,0.815,0.625,0,20.0,[C@H]1(N(C)C2C3=CCN=C3NC=N2)CN(C(=O)CC#N)CC[C@H]1C,,
3B7E:ZMR:A:1001,3b7e,ZMR,A,1001,Q9IGQ6,4.0,2.0,45,24,8,3,0,0,6,0,7,23,332.3,-3.79,7,7,6,1,0,0.188,0.583,0,31.0,C(=O)(O)C1=C[C@H](N=C(N)N)[C@@H](NC(=O)C)[C@H]([C@H](O)[C@H](O)CO)O1,,Zanamivir
3B7E:ZMR:B:1002,3b7e,ZMR,B,1002,Q9IGQ6,4.0,2.0,45,23,7,3,0,0,6,0,7,23,332.3,-3.79,7,7,6,1,0,0.188,0.583,0,31.0,C(=O)(O)C1=C[C@H](N=C(N)N)[C@@H](NC(=O)C)[C@H]([C@H](O)[C@H](O)CO)O1,,Zanamivir
5KQX:ROC:A:101,5kqx,ROC,A,101,C8BD48,4.0,2.0,26,21,8,10,0,0,0,0,3,49,670.9,3.09,5,7,12,5,3,0.198,0.5,0,46.0,C(=O)(c1nc2ccccc2cc1)N[C@H](C(=O)N[C@H]([C@H](O)CN1[C@H](C(=O)N[C@@](C)(C)C)C[C@@H]2CCCC[C@@H]2C1)Cc1ccccc1)CC(=O)N,,Ritonavir
5KR2:ROC:A:101,5kr2,ROC,A,101,V5YAB1,4.0,2.0,26,19,7,10,0,0,0,0,2,49,670.9,3.09,5,7,12,5,3,0.198,0.5,0,46.0,C(=O)(c1nc2ccccc2cc1)N[C@H](C(=O)N[C@H]([C@H](O)CN1[C@H](C(=O)N[C@@](C)(C)C)C[C@@H]2CCCC[C@@H]2C1)Cc1ccccc1)CC(=O)N,,Ritonavir
5KR2:ROC:C:101,5kr2,ROC,C,101,V5YAB1,4.0,2.0,26,19,8,9,0,0,0,0,2,49,670.9,3.09,5,7,12,5,3,0.198,0.5,0,47.0,C(=O)(c1nc2ccccc2cc1)N[C@H](C(=O)N[C@H]([C@H](O)CN1[C@H](C(=O)N[C@@](C)(C)C)C[C@@H]2CCCC[C@@H]2C1)Cc1ccccc1)CC(=O)N,,Ritonavir
1XDK:9CR:B:600,1xdk,9CR,B,600,P22605,4.0,2.0,34,14,1,12,0,0,1,0,0,22,300.4,5.6,1,1,5,1,0,0.53,0.45,0,9.0,[C@@]1(C)(C)CCCC(C)=C1C=CC(=CC=CC(=CC(=O)O)C)C,,9-cis retinoic acid
1XDK:9CR:F:1600,1xdk,9CR,F,1600,P22605,4.0,2.0,34,14,1,12,0,0,1,0,0,22,300.4,5.6,1,1,5,1,0,0.53,0.45,0,9.0,[C@@]1(C)(C)CCCC(C)=C1C=CC(=CC=CC(=CC(=O)O)C)C,,9-cis retinoic acid
2VE3:REA:A:1445,2ve3,REA,A,1445,Q59990,4.0,2.0,22,14,1,13,0,0,0,0,0,22,304.5,5.91,1,1,7,1,0,0.594,0.65,0,7.0,[C@]1(C)(C)CCCC(C)=C1C=CC(CCC=C(CC(O)=O)C)C,,Retinoic acid
2VE3:REA:B:1445,2ve3,REA,B,1445,Q59990,4.0,2.0,22,14,1,13,0,0,0,0,0,22,304.5,6.05,1,1,7,1,0,0.581,0.65,0,7.0,[C@]1(C)(C)CCCC(C)=C1CC=C(CCC=C(CC(O)=O)C)C,,Retinoic acid
1N4H:REA:A:500,1n4h,REA,A,500,P45446,4.0,2.0,22,13,2,6,0,0,2,0,3,22,300.4,5.6,1,1,5,1,0,0.53,0.45,0,10.0,[C@@]1(C)(C)CCCC(C)=C1C=CC(=CC=CC(=CC(=O)O)C)C,,Retinoic acid
4NMY:VIB:A:401,4nmy,VIB,A,401,Q187U0,4.0,2.0,11,13,3,4,4,0,0,0,2,18,266.4,1.49,2,6,4,2,1,0.86,0.5,0,2.0,Cc1ncc(CN2CSC(CCO)=C2C)c(N)n1,,Vitamin/flavin-like (check)
1LHU:EST:A:301,1lhu,EST,A,301,P04278,4.0,2.0,79,12,5,7,0,0,0,0,0,20,272.4,3.61,2,2,0,4,1,0.757,0.667,0,24.0,c1cc(O)cc2c1[C@@H]1[C@@H](CC2)[C@H]2[C@](C)(CC1)[C@@H](O)CC2,,Estradiol
1NR6:DIF:A:501,1nr6,DIF,A,501,P00179,4.0,2.0,24,12,1,8,1,0,0,0,2,19,296.2,4.36,2,2,4,2,2,0.881,0.071,0,8.0,c1c(Cl)c(Nc2c(CC(O)=O)cccc2)c(Cl)cc1,,Diclofenac
3MYU:VIB:A:500,3myu,VIB,A,500,Q49410,4.0,2.0,11,11,2,3,2,0,0,0,4,18,266.4,1.49,2,6,4,2,1,0.86,0.5,0,5.0,Cc1ncc(CN2CSC(CCO)=C2C)c(N)n1,,Vitamin/flavin-like (check)
3MYU:VIB:B:500,3myu,VIB,B,500,Q49410,4.0,2.0,11,8,3,3,2,0,0,0,0,18,266.4,1.49,2,6,4,2,1,0.86,0.5,0,3.0,Cc1ncc(CN2CSC(CCO)=C2C)c(N)n1,,Vitamin/flavin-like (check)
4KS8:B49:A:701,4ks8,B49,A,701,Q9NQU5,4.0,2.0,20,8,2,5,0,0,0,0,1,29,398.5,2.98,2,4,7,3,1,0.694,0.409,0,16.0,CC1=NC(C=C2c3c(ccc(F)c3)NC2=O)=C(C)C1C(NCCN(CC)CC)=O,,CDK2 inhibitor
2BL9:CP6:A:1240,2bl9,CP6,A,1240,Q9U0E8,4.0,2.0,24,7,2,3,0,0,1,1,0,17,248.7,2.52,2,4,2,2,2,0.856,0.167,0,7.0,n1c(N)nc(CC)c(-c2ccc(Cl)cc2)c1N,,
2V57:PRL:A:1188,2v57,PRL,A,1188,Q58L87,4.0,2.0,4,7,1,4,2,0,0,0,0,16,209.3,2.55,2,3,0,3,3,0.441,0.0,0,3.0,c1cc(N)cc2nc3cc(N)ccc3cc12,,
2V57:PRL:C:1187,2v57,PRL,C,1187,Q58L87,4.0,2.0,4,7,1,4,2,0,0,0,0,16,209.3,2.55,2,3,0,3,3,0.441,0.0,0,3.0,c1cc(N)cc2nc3cc(N)ccc3cc12,,
3P9T:TCL:A:221,3p9t,TCL,A,221,Q8KLP4,4.0,2.0,109,7,2,3,1,0,0,1,0,17,289.5,5.14,1,2,2,2,2,0.829,0.0,0,7.0,c1c(Cl)ccc(Oc2c(Cl)cc(Cl)cc2)c1O,,Triclosan
4R21:STR:B:601,4r21,STR,B,601,A7U483,4.0,2.0,42,7,1,6,0,0,0,0,0,23,314.5,4.72,0,2,1,4,0,0.701,0.81,0,28.0,C1CC(=O)C=C2CC[C@@H]3[C@@H]([C@@]12C)CC[C@@]1(C)[C@H]3CC[C@@H]1C(=O)C,,Progesterone-ish steroid
2XP2:VGH:A:9000,2xp2,VGH,A,9000,B6EXY4,4.0,2.0,9,6,2,3,0,0,0,1,0,30,450.3,5.04,2,5,5,4,3,0.533,0.333,0,19.0,Clc1ccc(F)c(Cl)c1[C@@H](C)Oc1cc(-c2cn([C@@H]3CCNCC3)nc2)cnc1N,,
3EYG:MI1:A:1,3eyg,MI1,A,1,Q59GQ2,4.0,2.0,6,6,3,3,0,0,0,0,0,23,312.4,1.5,1,5,3,3,0,0.927,0.5,0,20.0,[C@H]1(N(C)c2c3ccnc-3[nH]cn2)CN(C(=O)CC#N)CC[C@H]1C,,
4R21:STR:A:601,4r21,STR,A,601,A7U483,4.0,2.0,42,6,1,5,0,0,0,0,0,23,314.5,4.72,0,2,1,4,0,0.701,0.81,0,33.0,C1CC(=O)C=C2CC[C@@H]3[C@@H]([C@@]12C)CC[C@@]1(C)[C@H]3CC[C@@H]1C(=O)C,,Progesterone-ish steroid
1SBR:VIB:A:501,1sbr,VIB,A,501,O34911,4.0,2.0,11,5,2,3,0,0,0,0,0,18,266.4,1.49,2,6,4,2,1,0.86,0.5,0,7.0,Cc1ncc(CN2CSC(CCO)=C2C)c(N)n1,,Vitamin/flavin-like (check)
3P9T:TCL:A:222,3p9t,TCL,A,222,Q8KLP4,4.0,2.0,109,5,1,3,1,0,0,0,0,17,289.5,5.14,1,2,2,2,2,0.829,0.0,0,7.0,c1c(Cl)ccc(Oc2c(Cl)cc(Cl)cc2)c1O,,Triclosan
1KIJ:NOV:A:400,1kij,NOV,A,400,Q9LCX5,4.0,1.0,16,24,6,6,0,2,3,0,7,44,612.6,3.63,5,11,8,4,3,0.184,0.387,0,33.0,CO[C@@H]1[C@@H](OC(N)=O)[C@@H](O)[C@H](Oc2c(C)c3c(cc2)c(O)c(NC(=O)c2cc(CC=C(C)C)c(O)cc2)c(=O)o3)O[C@@]1(C)C,,
1OHR:1UN:A:201,1ohr,1UN,A,201,Q9Q288,4.0,1.0,5,22,6,11,0,0,2,0,3,40,583.9,4.07,6,8,11,4,0,0.202,1.0,0,46.0,[C@H]12[C@@H](CCCC1)C[C@@H]([C@@H](N[C@](C)(C)C)O)N(C[C@H]([C@@H](NC(O)C1CCC[C@H](O)[C@@H]1C)CSC1CCCCC1)O)C2,,
3OG7:032:A:1,3og7,032,A,1,Q5IBP5,4.0,1.0,5,14,5,7,0,1,0,0,1,33,489.9,5.18,1,5,7,4,2,0.544,0.174,0,15.0,c1(Cl)ccc(C2=CN=C3N=CC(C(c4c(F)ccc(N[S@](=O)(=O)CCC)c4F)=O)=C3C2)cc1,,BRAF inhibitor (check)
3UVV:T3:A:501,3uvv,T3,A,501,P04625,4.0,1.0,10,10,2,3,0,0,1,2,2,23,651.0,3.95,3,4,5,2,2,0.427,0.133,0,17.0,c1(C[C@@H](C(O)=O)N)cc(I)c(Oc2cc(I)c(O)cc2)c(I)c1,,
1IIU:RTL:A:176,1iiu,RTL,A,176,P41263,4.0,1.0,15,9,2,7,0,0,0,0,0,21,288.5,6.07,1,1,6,1,0,0.464,0.6,0,23.0,[C@@]1(C)(C)C=CC[C@H](C)[C@H]1C=C[C@H](C=CCC(C=CO)C)C,,
3O02:JN3:B:1,3o02,JN3,B,1,Q56026,4.0,1.0,2,9,1,7,0,0,1,0,0,28,390.6,4.54,3,3,3,4,0,0.618,0.875,0,45.0,C1C[C@@H](O)C[C@H]2C[C@@H](O)[C@@H]3[C@@H]([C@@]12C)CC[C@@]1(C)[C@H]3CCC1=C(C)CCC(=O)O,,
1AQB:RTL:A:185,1aqb,RTL,A,185,P27485,4.0,1.0,15,8,1,6,0,0,0,0,1,21,292.5,5.89,1,1,8,1,0,0.591,0.8,0,19.0,[C@@]1(C)(C)CCCC(C)=C1C=C[C@H](CCC[C@H](CCO)C)C,,
3ZBF:VGH:A:3000,3zbf,VGH,A,3000,P08922,4.0,1.0,9,7,2,3,0,0,0,1,1,30,450.3,5.04,2,5,5,4,3,0.533,0.333,0,19.0,Clc1ccc(F)c(Cl)c1[C@@H](C)Oc1cc(-c2cn([C@@H]3CCNCC3)nc2)cnc1N,,
2LH8:VIB:A:1,2lh8,VIB,A,1,P04273,4.0,1.0,11,5,1,3,0,0,1,0,0,18,274.4,-0.43,4,6,4,2,0,0.558,1.0,0,23.0,CC1NC(N)[C@H](CN2CS[C@@H](CCO)[C@@H]2C)CN1,,Vitamin/flavin-like (check)
5HU1:66F:B:501,5hu1,66F,B,501,P56817,3.0,687.0,4,11,2,5,0,0,2,0,2,28,409.4,1.42,2,6,3,3,2,0.795,0.235,0,16.0,c1([C@]2(C)C[S@](=O)(=O)N(C)C(N)=N2)cc(NC(c2ccc(F)cn2)=O)ccc1F,BACE-1,
4O71:CPB:B:201,4o71,CPB,B,201,O60885,3.0,558.0,6,14,1,6,0,0,1,0,6,28,418.0,0.97,4,6,2,4,0,0.5,1.0,0,26.0,CN1CC[C@H](C2C3OC([C@H]4[C@H](Cl)CCCC4)CC(O)C3C(O)CC2O)[C@H](O)C1,BRD4 bromodomain,
4MR3:1K0:A:202,4mr3,1K0,A,202,O60885,3.0,558.0,6,13,1,7,1,0,0,0,4,24,326.4,2.93,2,5,3,3,3,0.773,0.222,0,8.0,O(C)c1cc(OC)c2c(=O)nc(-c3cc(C)c(O)c(C)c3)[nH]c2c1,BRD4 bromodomain,
5HLS:62G:A:201,5hls,62G,A,201,O60885,3.0,558.0,1,13,2,10,0,0,0,0,1,26,365.8,4.07,1,4,3,4,3,0.759,0.15,0,12.0,n1c(C)c2c(o1)[C@H](CC(N)=O)N=C(c1ccc(Cl)cc1)c1ccccc1-2,BRD4 bromodomain,
4O71:CPB:A:201,4o71,CPB,A,201,O60885,3.0,558.0,6,10,1,6,0,0,1,0,2,28,418.0,0.97,4,6,2,4,0,0.5,1.0,0,23.0,CN1CC[C@H](C2C3OC(C4C(Cl)CCCC4)CC(O)C3C(O)CC2O)[C@H](O)C1,BRD4 bromodomain,
4J3I:1K0:A:201,4j3i,1K0,A,201,O60885,3.0,558.0,6,9,1,6,0,0,0,0,2,27,386.5,0.69,4,7,6,3,0,0.534,1.0,0,31.0,O(C)C1C[C@H](OC)C2[C@@H](O)NC([C@@H]3C[C@@H](C)C(OCCO)[C@H](C)C3)NC2C1,BRD4 bromodomain,
4MR4:1K0:A:204,4mr4,1K0,A,204,O60885,3.0,558.0,6,9,1,5,0,0,0,0,3,27,370.4,2.6,2,6,6,3,3,0.693,0.3,0,17.0,O(C)c1cc(OC)c2c(=O)nc(-c3cc(C)c(OCCO)c(C)c3)[nH]c2c1,BRD4 bromodomain,
2JF9:OHT:A:600,2jf9,OHT,A,600,P03372,3.0,557.0,24,16,2,11,1,0,1,0,1,29,387.5,5.7,1,3,8,3,3,0.503,0.231,0,10.0,CCC(c1ccccc1)=C(c1ccc(O)cc1)c1ccc(OCCN(C)C)cc1,Estrogen receptor alpha,4-Hydroxytamoxifen
4Q50:OHT:B:601,4q50,OHT,B,601,P03372,3.0,557.0,24,16,2,12,1,0,1,0,0,29,387.5,5.7,1,3,8,3,3,0.503,0.231,0,9.0,CCC(c1ccccc1)=C(c1ccc(O)cc1)c1ccc(OCCN(C)C)cc1,Estrogen receptor alpha,4-Hydroxytamoxifen
2BJ4:OHT:A:1529,2bj4,OHT,A,1529,P03372,3.0,557.0,24,15,2,10,1,0,1,0,1,29,387.5,5.7,1,3,8,3,3,0.503,0.231,0,9.0,CCC(c1ccccc1)=C(c1ccc(O)cc1)c1ccc(OCCN(C)C)cc1,Estrogen receptor alpha,4-Hydroxytamoxifen
3ERT:OHT:A:600,3ert,OHT,A,600,P03372,3.0,557.0,24,15,2,10,0,0,1,0,2,29,389.5,5.66,1,3,9,3,3,0.513,0.308,0,12.0,CCC(c1ccccc1)C(c1ccc(O)cc1)c1ccc(OCCN(C)C)cc1,Estrogen receptor alpha,4-Hydroxytamoxifen
4Q50:OHT:A:1000,4q50,OHT,A,1000,P03372,3.0,557.0,24,15,2,11,1,0,1,0,0,29,387.5,5.7,1,3,8,3,3,0.503,0.231,0,9.0,CCC(c1ccccc1)=C(c1ccc(O)cc1)c1ccc(OCCN(C)C)cc1,Estrogen receptor alpha,4-Hydroxytamoxifen
2BJ4:OHT:B:1530,2bj4,OHT,B,1530,P03372,3.0,557.0,24,14,2,9,1,0,1,0,1,29,387.5,5.7,1,3,8,3,3,0.503,0.231,0,10.0,CCC(c1ccccc1)=C(c1ccc(O)cc1)c1ccc(OCCN(C)C)cc1,Estrogen receptor alpha,4-Hydroxytamoxifen
2JF9:OHT:B:600,2jf9,OHT,B,600,P03372,3.0,557.0,24,14,2,10,0,0,1,0,1,29,387.5,5.7,1,3,8,3,3,0.503,0.231,0,12.0,CCC(c1ccccc1)=C(c1ccc(O)cc1)c1ccc(OCCN(C)C)cc1,Estrogen receptor alpha,4-Hydroxytamoxifen
4Q50:OHT:D:1000,4q50,OHT,D,1000,P03372,3.0,557.0,24,14,2,10,1,0,1,0,0,29,387.5,5.7,1,3,8,3,3,0.503,0.231,0,10.0,CCC(c1ccccc1)=C(c1ccc(O)cc1)c1ccc(OCCN(C)C)cc1,Estrogen receptor alpha,4-Hydroxytamoxifen
4Q50:OHT:H:601,4q50,OHT,H,601,P03372,3.0,557.0,24,14,2,10,1,0,1,0,0,29,387.5,5.7,1,3,8,3,3,0.503,0.231,0,10.0,CCC(c1ccccc1)=C(c1ccc(O)cc1)c1ccc(OCCN(C)C)cc1,Estrogen receptor alpha,4-Hydroxytamoxifen
4Q50:OHT:C:1000,4q50,OHT,C,1000,P03372,3.0,557.0,24,13,2,9,1,0,1,0,0,29,387.5,5.7,1,3,8,3,3,0.503,0.231,0,10.0,CCC(c1ccccc1)=C(c1ccc(O)cc1)c1ccc(OCCN(C)C)cc1,Estrogen receptor alpha,4-Hydroxytamoxifen
4Q50:OHT:G:1000,4q50,OHT,G,1000,P03372,3.0,557.0,24,12,2,8,1,0,1,0,0,29,387.5,5.7,1,3,8,3,3,0.503,0.231,0,10.0,CCC(c1ccccc1)=C(c1ccc(O)cc1)c1ccc(OCCN(C)C)cc1,Estrogen receptor alpha,4-Hydroxytamoxifen
4Q50:OHT:F:1000,4q50,OHT,F,1000,P03372,3.0,557.0,24,11,2,7,1,0,1,0,0,29,387.5,5.7,1,3,8,3,3,0.503,0.231,0,10.0,CCC(c1ccccc1)=C(c1ccc(O)cc1)c1ccc(OCCN(C)C)cc1,Estrogen receptor alpha,4-Hydroxytamoxifen
4Q50:OHT:E:1000,4q50,OHT,E,1000,P03372,3.0,557.0,24,10,1,7,1,0,1,0,0,29,387.5,5.7,1,3,8,3,3,0.503,0.231,0,9.0,CCC(c1ccccc1)=C(c1ccc(O)cc1)c1ccc(OCCN(C)C)cc1,Estrogen receptor alpha,4-Hydroxytamoxifen
4MRA:QUE:A:901,4mra,QUE,A,901,P00489,3.0,457.0,29,14,5,4,0,3,0,0,2,22,302.2,1.99,5,7,1,3,3,0.434,0.0,0,1.0,c1c(O)c2c(cc1O)oc(-c1ccc(O)c(O)c1)c(O)c2=O,,Quercetin
1E1Y:CPB:A:940,1e1y,CPB,A,940,P00489,3.0,457.0,6,12,1,5,3,0,0,0,3,28,401.8,3.3,3,6,2,4,3,0.61,0.286,0,17.0,CN1CC[C@H](c2c3oc(-c4c(Cl)cccc4)cc(=O)c3c(O)cc2O)[C@H](O)C1,,
1C8K:CPB:A:940,1c8k,CPB,A,940,P00489,3.0,457.0,6,10,1,4,3,0,0,0,2,28,401.8,3.3,3,6,2,4,3,0.61,0.286,0,18.0,CN1CC[C@H](c2c3oc(-c4c(Cl)cccc4)cc(=O)c3c(O)cc2O)[C@H](O)C1,,
3EBP:CPB:A:940,3ebp,CPB,A,940,P00489,3.0,457.0,6,10,1,4,3,0,0,0,2,28,401.8,3.3,3,6,2,4,3,0.61,0.286,0,18.0,CN1CC[C@H](c2c3oc(-c4c(Cl)cccc4)cc(=O)c3c(O)cc2O)[C@H](O)C1,,
1I7I:AZ2:B:478,1i7i,AZ2,B,478,P37231,3.0,314.0,3,12,1,8,0,0,3,0,0,28,410.5,4.01,3,6,11,2,2,0.514,0.35,0,14.0,c1(C[C@H](OCC)C(=O)O)ccc(OCCc2ccc(O[S@@](C)(O)O)cc2)cc1,PPAR-gamma,
4JAZ:STL:A:501,4jaz,STL,A,501,P37231,3.0,314.0,31,11,3,6,0,1,0,0,1,17,228.2,2.97,3,3,2,2,2,0.692,0.0,0,5.0,c1(O)cc(O)cc(C=Cc2ccc(O)cc2)c1,PPAR-gamma,Resveratrol / stilbene
3G9E:RO7:A:1,3g9e,RO7,A,1,P37231,3.0,314.0,2,9,3,3,0,0,2,0,1,31,437.5,5.13,1,6,9,4,4,0.391,0.25,0,16.0,Cc1c(CCOc2ccc(C[C@H](OC)C(=O)O)c3c2ccs3)nc(-c2ccccc2)o1,PPAR-gamma,
1I7I:AZ2:A:101,1i7i,AZ2,A,101,P37231,3.0,314.0,3,7,2,3,0,0,2,0,0,28,410.5,4.01,3,6,11,2,2,0.514,0.35,0,17.0,c1(C[C@H](OCC)C(=O)O)ccc(OCCc2ccc(O[S@@](C)(O)O)cc2)cc1,PPAR-gamma,
1XOM:CIO:A:603,1xom,CIO,A,603,Q08499,3.0,291.0,4,8,1,3,0,0,0,0,4,25,355.5,2.58,3,5,6,3,0,0.638,1.0,0,17.0,OC(O)[C@H]1CC[C@](CN)(C2CCC(OC)C(O[C@H]3CCCC3)C2)CC1,,
1XOM:CIO:B:601,1xom,CIO,B,601,Q08499,3.0,291.0,4,6,1,4,0,0,0,0,1,25,355.5,2.58,3,5,6,3,0,0.638,1.0,0,18.0,OC(O)[C@H]1CC[C@](CN)(C2CCC(OC)C(O[C@H]3CCCC3)C2)CC1,,
3TUH:TUH:A:1,3tuh,TUH,A,1,P07900,3.0,274.0,3,12,3,3,0,1,0,0,5,27,364.4,3.25,3,4,3,4,4,0.52,0.2,0,10.0,c1(-c2n[nH]c(=O)n2-c2cc3c(cc2)n(C)cc3)c(O)cc(O)c([C@H](C)C)c1,,
4LMU:QUE:A:401,4lmu,QUE,A,401,P11309,3.0,169.0,29,15,5,7,0,0,0,0,3,22,302.2,1.99,5,7,1,3,3,0.434,0.0,0,11.0,c1c(O)c2c(cc1O)oc(-c1ccc(O)c(O)c1)c(O)c2=O,,Quercetin
2O3P:QUE:A:501,2o3p,QUE,A,501,P11309,3.0,169.0,29,10,2,7,0,0,0,0,1,22,318.4,-1.87,6,7,1,3,0,0.334,1.0,0,13.0,C1C(O)C2C(CC1O)OC(C1CCC(O)C(O)C1)C(O)C2O,,Quercetin
4MR6:1K0:A:505,4mr6,1K0,A,505,P25440,3.0,161.0,6,8,1,5,0,1,0,0,1,27,370.4,2.6,2,6,6,3,3,0.693,0.3,0,14.0,O(C)c1cc(OC)c2c(=O)nc(-c3cc(C)c(OCCO)c(C)c3)[nH]c2c1,,
4MR5:1K0:A:506,4mr5,1K0,A,506,P25440,3.0,161.0,6,7,1,4,1,0,0,0,1,24,326.4,2.93,2,5,3,3,3,0.773,0.222,0,12.0,O(C)c1cc(OC)c2c(=O)nc(-c3cc(C)c(O)c(C)c3)[nH]c2c1,,
4QOJ:STL:A:302,4qoj,STL,A,302,P16083,3.0,147.0,31,13,4,5,1,0,0,0,3,17,242.4,1.84,3,3,3,2,0,0.707,1.0,0,4.0,C1(O)C[C@H](O)CC(CCC2CC[C@@H](O)CC2)C1,,Resveratrol / stilbene
5LBY:6T2:A:303,5lby,6T2,A,303,P16083,3.0,147.0,4,12,1,4,1,0,0,0,6,33,443.6,3.92,1,6,5,6,4,0.504,0.385,0,11.0,c1nc2c(n1-c1ccc3c(n1)c(N1CC[C@H](N)CC1)ccc3)ccc(OC[C@]1(C)COC1)c2,,
1SG0:STL:A:501,1sg0,STL,A,501,P16083,3.0,147.0,31,11,4,6,1,0,0,0,0,17,228.2,2.97,3,3,2,2,2,0.692,0.0,0,3.0,c1(O)cc(O)cc(C=Cc2ccc(O)cc2)c1,,Resveratrol / stilbene
4QOH:STL:A:302,4qoh,STL,A,302,P16083,3.0,147.0,31,9,2,6,1,0,0,0,0,17,228.2,2.97,3,3,2,2,2,0.692,0.0,0,4.0,c1(O)cc(O)cc(C=Cc2ccc(O)cc2)c1,,Resveratrol / stilbene
5LBW:V0L:A:303,5lbw,V0L,A,303,P16083,3.0,147.0,2,5,1,3,1,0,0,0,0,26,347.4,1.49,1,7,3,5,3,0.777,0.235,0,17.0,[C@@H](c1cn2c(ncc2)cc1)(C)N1C2=NC(c3cn(C)nc3)C=NC2=NN1,,
1UU3:LY4:A:1374,1uu3,LY4,A,1374,O15530,3.0,129.0,1,9,2,7,0,0,0,0,0,35,468.6,3.51,1,4,2,6,4,0.457,0.286,0,20.0,C1Cn2cc(c3c2cccc3)C2=C(C(=O)NC2=O)c2cn(c3c2cccc3)CCO[C@@H]1CN(C)C,,
5LCP:M77:A:401,5lcp,M77,A,401,P25321,3.0,113.0,20,10,2,5,0,0,1,0,2,20,292.4,0.19,1,3,2,3,2,0.859,0.357,1,6.0,O=[S@@](=O)(N1CC[NH2+]CCC1)c1cccc2c1ccnc2,,
3RR3:FLR:C:700,3rr3,FLR,C,700,Q05769,3.0,107.0,5,9,1,7,0,0,1,0,0,18,244.3,3.68,1,1,3,2,2,0.894,0.133,0,13.0,c1ccccc1-c1c(F)cc([C@@H](C)C(O)=O)cc1,COX-2 (PTGS2),
2GNI:M77:A:601,2gni,M77,A,601,P00517,3.0,99.0,20,11,2,7,0,0,0,0,2,20,291.4,1.22,1,4,2,3,2,0.903,0.357,0,8.0,O=[S@@](=O)(N1CCNCCC1)c1cccc2c1ccnc2,,
1Q8W:M77:A:960,1q8w,M77,A,960,P00517,3.0,99.0,20,6,2,3,0,0,1,0,0,20,291.4,1.22,1,4,2,3,2,0.903,0.357,0,7.0,O=[S@@](=O)(N1CCNCCC1)c1cccc2c1ccnc2,,
3RLJ:RLJ:A:1,3rlj,RLJ,A,1,P10275,3.0,98.0,1,16,4,9,0,0,0,1,2,28,389.3,3.22,2,5,5,2,2,0.817,0.211,0,16.0,c1cc(C#N)c([C@@](F)(F)F)cc1NC(=O)[C@](O)(C)COc1ccc(C#N)cc1,Androgen receptor,
3G8I:RO7:A:1,3g8i,RO7,A,1,Q07869,3.0,96.0,2,10,1,8,0,0,1,0,0,31,437.5,5.13,1,6,9,4,4,0.391,0.25,0,15.0,Cc1c(CCOc2ccc(C[C@H](OC)C(=O)O)c3c2ccs3)nc(-c2ccccc2)o1,,
1I7G:AZ2:A:469,1i7g,AZ2,A,469,Q07869,3.0,96.0,3,6,2,3,0,0,1,0,0,28,410.5,4.01,3,6,11,2,2,0.514,0.35,0,17.0,c1(C[C@H](OCC)C(=O)O)ccc(OCCc2ccc(O[S@@](C)(O)O)cc2)cc1,,
1XLX:CIO:B:102,1xlx,CIO,B,102,Q07343,3.0,85.0,4,11,1,5,1,0,1,0,3,25,343.4,4.05,1,4,5,3,1,0.872,0.6,0,16.0,O=C(O)[C@H]1CC[C@](C#N)(c2ccc(OC)c(O[C@H]3CCCC3)c2)CC1,,
1XLX:CIO:A:101,1xlx,CIO,A,101,Q07343,3.0,85.0,4,9,1,5,0,0,1,0,2,25,343.4,4.05,1,4,5,3,1,0.872,0.6,0,18.0,O=C(O)[C@H]1CC[C@](C#N)(c2ccc(OC)c(O[C@H]3CCCC3)c2)CC1,,
4PUZ:CG9:A:701,4puz,CG9,A,701,P43405,3.0,76.0,2,6,2,3,0,0,0,0,1,31,411.5,3.46,1,7,4,6,3,0.711,0.217,0,15.0,C1CN(c2ccc(Nc3nc(C4=CC=C5C=NN=C5C4)cn4ccnc34)cc2)CCO1,SYK kinase,
4PUZ:CG9:B:701,4puz,CG9,B,701,P43405,3.0,76.0,2,6,2,3,0,0,0,0,1,31,411.5,3.46,1,7,4,6,3,0.711,0.217,0,15.0,C1CN(c2ccc(Nc3nc(C4=CC=C5C=NN=C5C4)cn4ccnc34)cc2)CCO1,SYK kinase,
2ESM:M77:B:416,2esm,M77,B,416,Q13464,3.0,64.0,20,9,3,6,0,0,0,0,0,20,291.4,1.22,1,4,2,3,2,0.903,0.357,0,8.0,O=[S@@](=O)(N1CCNCCC1)c1cccc2c1ccnc2,,
2ESM:M77:A:416,2esm,M77,A,416,Q13464,3.0,64.0,20,7,2,5,0,0,0,0,0,20,289.4,1.34,1,4,2,3,2,0.906,0.214,0,9.0,O=[S@@](=O)(N1CCNCC=C1)c1cccc2c1ccnc2,,
5CQJ:53Q:A:301,5cqj,53Q,A,301,P60472,3.0,62.0,5,7,1,6,0,0,0,0,0,23,320.8,5.85,0,1,4,3,3,0.548,0.048,0,9.0,COc1ccc(C(=C(c2ccccc2)Cl)c2ccccc2)cc1,,
2H8H:H8H:A:534,2h8h,H8H,A,534,P12931,3.0,60.0,8,5,1,4,0,0,0,0,0,38,542.0,3.94,1,10,8,6,3,0.452,0.481,0,15.0,CN1CCN(CCOc2cc(O[C@H]3CCOCC3)c3c(Nc4c5c(ccc4Cl)OCO5)ncnc3c2)CC1,,
2FSZ:OHT:B:102,2fsz,OHT,B,102,Q92731,3.0,59.0,24,18,2,13,1,0,1,0,1,29,387.5,5.7,1,3,8,3,3,0.503,0.231,0,10.0,CCC(c1ccccc1)=C(c1ccc(O)cc1)c1ccc(OCCN(C)C)cc1,,4-Hydroxytamoxifen
2FSZ:OHT:A:101,2fsz,OHT,A,101,Q92731,3.0,59.0,24,15,1,12,1,0,1,0,0,29,387.5,5.7,1,3,8,3,3,0.503,0.231,0,10.0,CCC(c1ccccc1)=C(c1ccc(O)cc1)c1ccc(OCCN(C)C)cc1,,4-Hydroxytamoxifen
3FTS:STL:A:710,3fts,STL,A,710,P09960,3.0,57.0,31,17,5,11,0,0,0,0,1,17,228.2,2.97,3,3,2,2,2,0.692,0.0,0,4.0,c1(O)cc(O)cc(C=Cc2ccc(O)cc2)c1,,Resveratrol / stilbene
3EFL:706:A:501,3efl,706,A,501,P35968,3.0,55.0,2,15,3,12,0,0,0,0,0,28,373.5,4.04,3,5,5,4,3,0.629,0.227,0,9.0,C[C@]1(C)CNc2cc(NC(=O)c3cccnc3NCc3ccncc3)ccc21,,
3EFL:706:B:502,3efl,706,B,502,P35968,3.0,55.0,2,15,4,10,0,1,0,0,0,28,373.5,4.04,3,5,5,4,3,0.629,0.227,0,7.0,C[C@]1(C)CNc2cc(NC(=O)c3cccnc3NCc3ccncc3)ccc21,,
5IA0:A5B:C:1001,5ia0,A5B,C,1001,P29317,3.0,54.0,3,13,3,5,0,0,1,1,3,37,547.2,1.68,6,8,6,5,0,0.221,1.0,0,23.0,COC1CC(NC2NC3C(CN2)CN[C@H](C2C(F)CCCC2OC)C2C3CCC(Cl)C2)CCC1C(O)O,,
5IA0:A5B:A:1001,5ia0,A5B,A,1001,P29317,3.0,54.0,3,12,3,5,0,0,1,1,2,37,547.2,1.68,6,8,6,5,0,0.221,1.0,0,27.0,COC1CC(NC2NC3C(CN2)CN[C@H](C2C(F)CCCC2OC)[C@H]2C3CCC(Cl)C2)CCC1[C@@H](O)O,,
5IA0:A5B:B:1001,5ia0,A5B,B,1001,P29317,3.0,54.0,3,11,3,3,0,0,1,1,3,37,547.2,1.68,6,8,6,5,0,0.221,1.0,0,34.0,COC1CC(NC2N[C@H]3C(CN2)CN[C@H]([C@H]2C(F)CCCC2OC)[C@H]2C3CCC(Cl)C2)CCC1[C@@H](O)O,,
2A3I:C0R:A:301,2a3i,C0R,A,301,P08235,3.0,45.0,11,9,3,5,0,0,0,0,1,25,344.5,2.44,2,4,2,4,0,0.807,0.714,0,39.0,C1=CC(=O)C=C2CC[C@@H]3[C@@H]([C@@]12C)[C@@H](O)C[C@@]1(C)[C@H]3CC[C@@H]1C(CO)=O,Mineralocorticoid receptor,
5AUW:QUE:A:400,5auw,QUE,A,400,P53355,3.0,44.0,29,15,8,7,0,0,0,0,0,22,302.2,1.99,5,7,1,3,3,0.434,0.0,0,11.0,c1c(O)c2c(cc1O)oc(-c1ccc(O)c(O)c1)c(O)c2=O,,Quercetin
3PP7:SVR:B:499,3pp7,SVR,B,499,Q27686,3.0,44.0,15,14,4,3,3,0,4,0,0,41,626.7,7.4,11,11,7,4,4,0.096,0.04,0,8.0,c1cc(C(=O)Nc2cc(C(=O)Nc3ccc([S@](O)(O)O)c4c3c([S@](O)(O)O)cc([S@](O)(O)O)c4)ccc2C)ccc1,,
1S0Z:EB1:A:510,1s0z,EB1,A,510,P11473,3.0,42.0,1,20,5,15,0,0,0,0,0,33,458.7,6.88,3,3,9,3,0,0.33,0.8,0,36.0,O[C@H]1C[C@H](O)C(=C)C(=CC=C2CCC[C@@]3(C)[C@H]2CC[C@@H]3[C@H](C)CCCC[C@](CC)(CC)O)C1,,
3B0T:MCZ:A:1,3b0t,MCZ,A,1,P11473,3.0,42.0,1,14,6,8,0,0,0,0,0,30,418.6,4.69,3,4,6,3,0,0.585,0.769,0,32.0,[C@H]1(O)C[C@H](O)CC(=CC=C2CCC[C@@]3(C)[C@H]2CC[C@@H]3[C@H](C)OCC[C@@](C)(C)O)C1=C,,
2HCK:QUE:B:532,2hck,QUE,B,532,P08631,3.0,40.0,29,7,3,3,0,0,0,0,1,22,302.2,1.99,5,7,1,3,3,0.434,0.0,0,15.0,c1c(O)c2c(cc1O)oc(-c1ccc(O)c(O)c1)c(O)c2=O,,Quercetin
3LJ0:QUE:A:1,3lj0,QUE,A,1,P32361,3.0,37.0,29,10,5,4,1,0,0,0,0,22,302.2,1.99,5,7,1,3,3,0.434,0.0,0,9.0,c1c(O)c2c(cc1O)oc(-c1ccc(O)c(O)c1)c(O)c2=O,,Quercetin
4A2J:AS0:A:1000,4a2j,AS0,A,1000,P06401,3.0,33.0,4,9,4,4,0,0,0,0,1,33,449.6,5.43,1,5,5,5,1,0.37,0.571,0,34.0,COC[C@]1(OC)CC[C@H]2[C@@H]3CCC4=CC(=O)CCC4=C3[C@@H](c3ccc(C=NO)cc3)C[C@]12C,Progesterone receptor,
4A2J:AS0:B:1000,4a2j,AS0,B,1000,P06401,3.0,33.0,4,9,4,4,0,0,0,0,1,33,449.6,5.43,1,5,5,5,1,0.37,0.571,0,34.0,COC[C@]1(OC)CC[C@H]2[C@@H]3CCC4=CC(=O)CCC4=C3[C@@H](c3ccc(C=NO)cc3)C[C@]12C,Progesterone receptor,
2OVM:AS0:A:101,2ovm,AS0,A,101,P06401,3.0,33.0,4,8,3,4,0,0,0,0,1,33,449.6,5.43,1,5,5,5,1,0.37,0.571,0,35.0,COC[C@]1(OC)CC[C@H]2[C@@H]3CCC4=CC(=O)CCC4=C3[C@@H](c3ccc(C=NO)cc3)C[C@]12C,Progesterone receptor,
2OVH:AS0:A:301,2ovh,AS0,A,301,P06401,3.0,33.0,4,7,2,3,1,0,0,0,1,33,447.6,5.2,1,5,5,5,1,0.383,0.5,0,33.0,COC[C@]1(OC)CC[C@H]2[C@@H]3CCC4=CC(=O)C=CC4=C3[C@@H](c3ccc(C=NO)cc3)C[C@]12C,Progesterone receptor,
3BXX:QUE:B:341,3bxx,QUE,B,341,P93799,3.0,30.0,29,11,8,3,0,0,0,0,0,22,302.2,1.99,5,7,1,3,3,0.434,0.0,0,12.0,c1c(O)c2c(cc1O)oc(-c1ccc(O)c(O)c1)c(O)c2=O,,Quercetin
3BXX:QUE:B:342,3bxx,QUE,B,342,P93799,3.0,30.0,29,7,3,3,1,0,0,0,0,22,302.2,1.99,5,7,1,3,3,0.434,0.0,0,9.0,c1c(O)c2c(cc1O)oc(-c1ccc(O)c(O)c1)c(O)c2=O,,Quercetin
5IRX:6EU:A:804,5irx,6EU,A,804,O35433,3.0,27.0,17,16,3,12,1,0,0,0,0,46,650.9,4.9,4,9,9,7,0,0.258,1.0,0,53.0,COC1CC(CC(O)OCC2C[C@@H]3[C@]4([C@H]5[C@](O)(C2)[C@@H](O)C(C)C5)O[C@@]2(CC5CCCCC5)O[C@@](C(C)C)(C[C@H]4C)[C@@H]3O2)CCC1O,,
5IRX:6EU:B:803,5irx,6EU,B,803,O35433,3.0,27.0,17,16,3,12,1,0,0,0,0,46,650.9,4.9,4,9,9,7,0,0.258,1.0,0,53.0,COC1CC(CC(O)OCC2C[C@@H]3[C@]4([C@H]5[C@](O)(C2)[C@@H](O)C(C)C5)O[C@@]2(CC5CCCCC5)O[C@@](C(C)C)(C[C@H]4C)[C@@H]3O2)CCC1O,,
5IRX:6EU:C:803,5irx,6EU,C,803,O35433,3.0,27.0,17,15,3,11,1,0,0,0,0,46,650.9,4.9,4,9,9,7,0,0.258,1.0,0,53.0,COC1CC(CC(O)OCC2C[C@@H]3[C@]4([C@H]5[C@](O)(C2)[C@@H](O)C(C)C5)O[C@@]2(CC5CCCCC5)O[C@@](C(C)C)(C[C@H]4C)[C@@H]3O2)CCC1O,,
1Y5R:C0R:A:11,1y5r,C0R,A,11,P50172,3.0,27.0,11,11,3,8,0,0,0,0,0,25,346.5,2.67,2,4,2,4,0,0.806,0.81,0,38.0,C1CC(=O)C=C2CC[C@@H]3[C@@H]([C@@]12C)[C@@H](O)C[C@@]1(C)[C@H]3CC[C@@H]1C(CO)=O,,
2GPU:OHT:A:459,2gpu,OHT,A,459,P62508,3.0,26.0,24,14,2,9,1,0,1,0,1,29,387.5,5.7,1,3,8,3,3,0.503,0.231,0,10.0,CCC(c1ccccc1)=C(c1ccc(O)cc1)c1ccc(OCCN(C)C)cc1,,4-Hydroxytamoxifen
2X2M:X2M:A:2016,2x2m,X2M,A,2016,P07949,3.0,25.0,2,13,3,10,0,0,0,0,0,18,238.3,3.12,2,1,1,3,2,0.737,0.133,0,8.0,C1(=O)C(=Cc2c(C)cc(C)[nH]2)c2c(cccc2)N1,,
2X2M:X2M:B:2015,2x2m,X2M,B,2015,P07949,3.0,25.0,2,10,3,7,0,0,0,0,0,18,238.3,3.12,2,1,1,3,2,0.737,0.133,0,8.0,C1(=O)C(=Cc2c(C)cc(C)[nH]2)c2c(cccc2)N1,,
3FC2:IBI:A:10,3fc2,IBI,A,10,P53350,3.0,25.0,5,9,4,4,0,0,0,0,1,45,635.0,0.93,6,11,11,6,0,0.183,1.0,0,45.0,C1CN(C[C@H]2CC2)CCN1[C@H]1CC[C@H](NC(C2CC[C@H](NC3NC4C(N(C)[C@@H](O)[C@@H](CC)N4[C@@H](C)C)CN3)C(OC)C2)O)CC1,,
4DFU:QUE:B:403,4dfu,QUE,B,403,O68183,3.0,25.0,29,8,3,5,0,0,0,0,0,22,304.3,1.19,5,7,1,3,2,0.501,0.133,0,21.0,c1c(O)c2c(cc1O)O[C@@H](c1ccc(O)c(O)c1)[C@H](O)C2=O,,Quercetin
4DFU:QUE:A:402,4dfu,QUE,A,402,O68183,3.0,25.0,29,7,3,4,0,0,0,0,0,22,304.3,1.19,5,7,1,3,2,0.501,0.133,0,22.0,c1c(O)c2c(cc1O)O[C@@H](c1ccc(O)c(O)c1)[C@H](O)C2=O,,Quercetin
4DFU:QUE:B:401,4dfu,QUE,B,401,O68183,3.0,25.0,29,6,1,5,0,0,0,0,0,22,318.4,-1.87,6,7,1,3,0,0.334,1.0,0,27.0,C1C(O)[C@H]2[C@H](CC1O)O[C@H]([C@H]1CCC(O)C(O)C1)[C@@H](O)C2O,,Quercetin
3JZC:4HY:A:1,3jzc,4HY,A,1,P10828,3.0,24.0,19,11,1,5,0,0,1,2,2,21,621.9,4.63,2,3,4,2,2,0.489,0.071,0,12.0,c1(CC(O)=O)cc(I)c(Oc2cc(I)c(O)cc2)c(I)c1,,
1NUO:4HY:A:500,1nuo,4HY,A,500,P10828,3.0,24.0,19,10,1,6,0,0,2,1,0,21,621.9,4.08,1,3,4,2,1,0.515,0.143,0,13.0,c1(CC(O)=O)cc(I)c(OC2=CCC(=O)C(I)=C2)c(I)c1,,
2PIN:4HY:B:500,2pin,4HY,B,500,P10828,3.0,24.0,19,7,1,3,0,0,1,2,0,21,621.9,4.63,2,3,4,2,2,0.489,0.071,0,13.0,c1(CC(O)=O)cc(I)c(Oc2cc(I)c(O)cc2)c(I)c1,,
3D57:4HY:A:500,3d57,4HY,A,500,P10828,3.0,24.0,19,7,1,3,0,0,1,2,0,21,621.9,4.63,2,3,4,2,2,0.489,0.071,0,13.0,c1(CC(O)=O)cc(I)c(Oc2cc(I)c(O)cc2)c(I)c1,,
1NQ1:4HY:A:500,1nq1,4HY,A,500,P10828,3.0,24.0,19,6,1,3,0,0,1,1,0,21,621.9,4.63,2,3,4,2,2,0.489,0.071,0,12.0,c1(CC(O)=O)cc(I)c(Oc2cc(I)c(O)cc2)c(I)c1,,
1UEJ:CTN:A:301,1uej,CTN,A,301,Q9BZX2,3.0,22.0,23,18,9,3,2,0,0,0,4,17,243.2,-2.56,4,7,2,2,1,0.449,0.556,0,21.0,OC[C@H]1O[C@@H](n2ccc(N)nc2=O)[C@H](O)[C@@H]1O,,
1UEJ:CTN:B:1301,1uej,CTN,B,1301,Q9BZX2,3.0,22.0,23,18,11,4,1,0,0,0,2,17,243.2,-2.56,4,7,2,2,1,0.449,0.556,0,21.0,OC[C@H]1O[C@@H](n2ccc(N)nc2=O)[C@H](O)[C@@H]1O,,
3BLR:CPB:A:940,3blr,CPB,A,940,P50750,3.0,18.0,6,8,3,4,0,0,1,0,0,28,401.8,3.3,3,6,2,4,3,0.61,0.286,0,22.0,CN1CC[C@H](c2c3oc(-c4c(Cl)cccc4)cc(=O)c3c(O)cc2O)[C@H](O)C1,,
4YX9:4HY:A:401,4yx9,4HY,A,401,Q02P97,3.0,18.0,19,7,1,6,0,0,0,0,0,21,635.0,2.17,2,4,4,2,0,0.283,1.0,-1,16.0,C1(CC([O-])O)CC(I)[C@@H](OC2CC(I)C(O)CC2)C(I)C1,,
4YX9:4HY:C:401,4yx9,4HY,C,401,Q02P97,3.0,18.0,19,7,1,5,0,0,0,0,1,21,635.0,2.17,2,4,4,2,0,0.283,1.0,-1,12.0,C1(CC(O)[O-])CC(I)C(OC2CC(I)C(O)CC2)C(I)C1,,
3LM5:QUE:A:1,3lm5,QUE,A,1,O94768,3.0,17.0,29,12,6,4,0,0,0,0,2,22,302.2,1.99,5,7,1,3,3,0.434,0.0,0,12.0,c1c(O)c2c(cc1O)oc(-c1ccc(O)c(O)c1)c(O)c2=O,,Quercetin
2YDX:STL:A:501,2ydx,STL,A,501,Q9NZL9,3.0,15.0,31,11,2,8,0,0,0,0,1,17,228.2,2.97,3,3,2,2,2,0.692,0.0,0,9.0,c1(O)cc(O)cc(C=Cc2ccc(O)cc2)c1,,Resveratrol / stilbene
2YDX:STL:B:501,2ydx,STL,B,501,Q9NZL9,3.0,15.0,31,10,4,5,0,1,0,0,0,17,228.2,2.97,3,3,2,2,2,0.692,0.0,0,4.0,c1(O)cc(O)cc(C=Cc2ccc(O)cc2)c1,,Resveratrol / stilbene
2YDX:STL:C:501,2ydx,STL,C,501,Q9NZL9,3.0,15.0,31,10,3,6,0,0,0,0,1,17,228.2,2.97,3,3,2,2,2,0.692,0.0,0,8.0,c1(O)cc(O)cc(C=Cc2ccc(O)cc2)c1,,Resveratrol / stilbene
2YDX:STL:E:502,2ydx,STL,E,502,Q9NZL9,3.0,15.0,31,10,2,8,0,0,0,0,0,17,228.2,2.97,3,3,2,2,2,0.692,0.0,0,9.0,c1(O)cc(O)cc(C=Cc2ccc(O)cc2)c1,,Resveratrol / stilbene
2YDX:STL:A:502,2ydx,STL,A,502,Q9NZL9,3.0,15.0,31,9,5,3,0,1,0,0,0,17,228.2,2.97,3,3,2,2,2,0.692,0.0,0,4.0,c1(O)cc(O)cc(C=Cc2ccc(O)cc2)c1,,Resveratrol / stilbene
2YDX:STL:D:502,2ydx,STL,D,502,Q9NZL9,3.0,15.0,31,9,2,6,0,0,0,0,1,17,228.2,2.97,3,3,2,2,2,0.692,0.0,0,8.0,c1(O)cc(O)cc(C=Cc2ccc(O)cc2)c1,,Resveratrol / stilbene
2YDX:STL:E:501,2ydx,STL,E,501,Q9NZL9,3.0,15.0,31,9,5,3,0,1,0,0,0,17,228.2,2.97,3,3,2,2,2,0.692,0.0,0,4.0,c1(O)cc(O)cc(C=Cc2ccc(O)cc2)c1,,Resveratrol / stilbene
5A46:38O:A:1769,5a46,38O,A,1769,D3DSX2,3.0,15.0,10,7,2,4,0,0,0,0,1,29,410.6,-0.59,5,7,2,5,0,0.416,1.0,0,27.0,CN1CCN(C2CCC3N[C@@H]([C@H]4[C@@H](N)C5C(F)CCCC5N[C@H]4O)NC3C2)CC1,,
5A46:38O:B:1767,5a46,38O,B,1767,D3DSX2,3.0,15.0,10,6,2,4,0,0,0,0,0,29,410.6,-0.59,5,7,2,5,0,0.416,1.0,0,30.0,CN1CCN([C@H]2CCC3N[C@@H]([C@H]4C(N)C5C(F)CCCC5N[C@H]4O)NC3C2)CC1,,
1GP6:QUE:A:380,1gp6,QUE,A,380,Q96323,3.0,12.0,29,16,6,5,2,0,0,0,3,22,302.2,1.99,5,7,1,3,3,0.434,0.0,0,5.0,c1c(O)c2c(cc1O)oc(-c1ccc(O)c(O)c1)c(O)c2=O,,Quercetin
1E8W:QUE:A:2095,1e8w,QUE,A,2095,O02697,3.0,9.0,29,12,6,6,0,0,0,0,0,22,302.2,1.99,5,7,1,3,3,0.434,0.0,0,12.0,c1c(O)c2c(cc1O)oc(-c1ccc(O)c(O)c1)c(O)c2=O,,Quercetin
1U0W:STL:C:2002,1u0w,STL,C,2002,P30074,3.0,9.0,31,11,3,7,0,0,0,0,1,17,228.2,2.97,3,3,2,2,2,0.692,0.0,0,5.0,c1(O)cc(O)cc(C=Cc2ccc(O)cc2)c1,,Resveratrol / stilbene
1CGZ:STL:A:390,1cgz,STL,A,390,P30074,3.0,9.0,31,10,2,6,1,0,0,0,1,17,228.2,2.97,3,3,2,2,2,0.692,0.0,0,3.0,c1(O)cc(O)cc(C=Cc2ccc(O)cc2)c1,,Resveratrol / stilbene
1U0W:STL:A:2000,1u0w,STL,A,2000,P30074,3.0,9.0,31,9,2,7,0,0,0,0,0,17,228.2,2.97,3,3,2,2,2,0.692,0.0,0,8.0,c1(O)cc(O)cc(C=Cc2ccc(O)cc2)c1,,Resveratrol / stilbene
5L91:C0R:B:502,5l91,C0R,B,502,D5DKI8,3.0,9.0,11,8,1,6,0,0,0,0,1,25,346.5,2.67,2,4,2,4,0,0.806,0.81,0,34.0,C1CC(=O)C=C2CC[C@@H]3[C@@H]([C@@]12C)[C@@H](O)C[C@@]1(C)[C@H]3CC[C@@H]1C(CO)=O,,
5L91:C0R:B:503,5l91,C0R,B,503,D5DKI8,3.0,9.0,11,6,2,3,0,0,0,0,1,25,348.5,2.75,2,4,2,4,0,0.805,0.905,0,41.0,C1CC(=O)CC2CC[C@@H]3[C@@H]([C@@]12C)[C@@H](O)C[C@@]1(C)[C@H]3CC[C@@H]1C(CO)=O,,
5L91:C0R:A:503,5l91,C0R,A,503,D5DKI8,3.0,9.0,11,5,1,4,0,0,0,0,0,25,348.5,2.75,2,4,2,4,0,0.805,0.905,0,40.0,C1CC(=O)CC2CC[C@@H]3[C@@H]([C@@]12C)[C@@H](O)C[C@@]1(C)[C@H]3CC[C@@H]1C(CO)=O,,
5L91:C0R:A:504,5l91,C0R,A,504,D5DKI8,3.0,9.0,11,5,1,3,0,0,0,0,1,25,346.5,2.67,2,4,2,4,0,0.806,0.81,0,41.0,C1CC(=O)C=C2CC[C@@H]3[C@@H]([C@@]12C)[C@@H](O)C[C@@]1(C)[C@H]3CC[C@@H]1C(CO)=O,,
5L91:C0R:B:504,5l91,C0R,B,504,D5DKI8,3.0,9.0,11,5,2,3,0,0,0,0,0,25,348.5,2.75,2,4,2,4,0,0.805,0.905,0,41.0,C1CC(=O)CC2CC[C@@H]3[C@@H]([C@@]12C)[C@@H](O)C[C@@]1(C)[C@H]3CC[C@@H]1C(CO)=O,,
5L91:C0R:B:505,5l91,C0R,B,505,D5DKI8,3.0,9.0,11,5,2,3,0,0,0,0,0,25,346.5,2.67,2,4,2,4,0,0.806,0.81,0,40.0,C1CC(=O)C=C2CC[C@@H]3[C@@H]([C@@]12C)[C@@H](O)C[C@@]1(C)[C@H]3CC[C@@H]1C(CO)=O,,
3W34:CTN:A:301,3w34,CTN,A,301,Q5SKR5,3.0,8.0,23,22,10,3,1,0,0,0,8,17,243.2,-2.56,4,7,2,2,1,0.449,0.556,0,21.0,OC[C@H]1O[C@@H](n2ccc(N)nc2=O)[C@H](O)[C@@H]1O,,
3W34:CTN:B:301,3w34,CTN,B,301,Q5SKR5,3.0,8.0,23,18,8,3,1,0,0,0,6,17,243.2,-2.56,4,7,2,2,1,0.449,0.556,0,21.0,OC[C@H]1O[C@@H](n2ccc(N)nc2=O)[C@H](O)[C@@H]1O,,
3W8R:CTN:A:301,3w8r,CTN,A,301,Q5SKR5,3.0,8.0,23,14,10,3,1,0,0,0,0,17,243.2,-2.56,4,7,2,2,1,0.449,0.556,0,21.0,OC[C@H]1O[C@@H](n2ccc(N)nc2=O)[C@H](O)[C@@H]1O,,
3W8R:CTN:B:301,3w8r,CTN,B,301,Q5SKR5,3.0,8.0,23,14,7,3,1,0,0,0,3,17,243.2,-2.56,4,7,2,2,1,0.449,0.556,0,22.0,OC[C@H]1O[C@@H](n2ccc(N)nc2=O)[C@H](O)[C@@H]1O,,
4QF7:C0R:A:201,4qf7,C0R,A,201,D0VX11,3.0,8.0,11,10,2,7,0,0,0,0,1,25,346.5,2.5,2,4,2,5,0,0.806,0.905,0,29.0,C1CC(=O)C[C@@]23CC[C@@H]4[C@@H]([C@@]12C3)[C@@H](O)C[C@@]1(C)[C@H]4CC[C@@H]1C(CO)=O,,
2UXH:QUE:B:1211,2uxh,QUE,B,1211,Q9AIU0,3.0,8.0,29,9,3,6,0,0,0,0,0,22,302.2,1.99,5,7,1,3,3,0.434,0.0,0,14.0,c1c(O)c2c(cc1O)oc(-c1ccc(O)c(O)c1)c(O)c2=O,,Quercetin
2UXH:QUE:A:1211,2uxh,QUE,A,1211,Q9AIU0,3.0,8.0,29,8,2,4,0,0,0,0,2,22,302.2,1.99,5,7,1,3,3,0.434,0.0,0,14.0,c1c(O)c2c(cc1O)oc(-c1ccc(O)c(O)c1)c(O)c2=O,,Quercetin
3TKU:M77:A:418,3tku,M77,A,418,Q9Y5S2,3.0,8.0,20,7,2,5,0,0,0,0,0,20,291.4,1.22,1,4,2,3,2,0.903,0.357,0,8.0,O=[S@@](=O)(N1CCNCCC1)c1cccc2c1ccnc2,,
3TKU:M77:B:418,3tku,M77,B,418,Q9Y5S2,3.0,8.0,20,6,1,5,0,0,0,0,0,20,291.4,1.22,1,4,2,3,2,0.903,0.357,0,8.0,O=[S@@](=O)(N1CCNCCC1)c1cccc2c1ccnc2,,
1AH0:SBI:A:320,1ah0,SBI,A,320,P80276,3.0,7.0,3,9,2,3,2,0,0,1,1,17,236.2,0.64,2,3,0,3,1,0.65,0.273,0,6.0,c1(F)ccc2c(c1)[C@@]1(CCO2)C(=O)NC(=O)N1,,
2C9Z:QUE:A:1458,2c9z,QUE,A,1458,O22304,3.0,6.0,29,14,7,4,1,0,0,0,2,22,304.3,1.87,6,7,1,3,1,0.437,0.067,0,9.0,C1=C(O)C=C2C(=C(O)C(O)=C(c3ccc(O)c(O)c3)O2)C1O,,Quercetin
3CKL:STL:B:501,3ckl,STL,B,501,O43704,3.0,6.0,31,13,3,6,0,0,0,0,4,17,228.2,2.97,3,3,2,2,2,0.692,0.0,0,6.0,c1(O)cc(O)cc(C=Cc2ccc(O)cc2)c1,,Resveratrol / stilbene
5LWE:79K:A:401,5lwe,79K,A,401,P51686,3.0,4.0,2,17,3,10,1,0,0,0,3,30,444.9,4.3,1,4,5,3,3,0.361,0.182,0,14.0,O=[S@](=O)(c1ccc([C@@](C)(C)C)cc1)Nc1ccc(Cl)cc1C(=O)c1cc[n+]([O-])cc1,,
5LWE:79K:B:401,5lwe,79K,B,401,P51686,3.0,4.0,2,17,4,11,0,0,0,0,2,30,444.9,4.3,1,4,5,3,3,0.361,0.182,0,17.0,O=[S@](=O)(c1ccc([C@@](C)(C)C)cc1)Nc1ccc(Cl)cc1C(=O)c1cc[n+]([O-])cc1,,
4Q93:STL:A:401,4q93,STL,A,401,P54577,3.0,4.0,31,12,4,5,1,0,0,0,2,17,230.3,2.59,3,3,3,2,2,0.759,0.143,0,5.0,c1(O)cc(O)cc(CCc2ccc(O)cc2)c1,,Resveratrol / stilbene
3N7R:N7R:B:1,3n7r,N7R,B,1,Q16602,3.0,4.0,1,11,3,7,1,0,0,0,0,40,566.5,3.62,1,4,4,5,1,0.564,0.5,0,30.0,Fc1cccc([C@@H]2CC[C@@H](NC(=O)N3CC[C@H](N4C(=O)N=C5N=CC=CC45)CC3)C(=O)N(C[C@@](F)(F)F)C2)c1F,,
4JLC:SU6:A:701,4jlc,SU6,A,701,Q9WUN2,3.0,4.0,2,6,3,3,0,0,0,0,0,23,310.4,2.91,2,3,4,3,1,0.839,0.278,0,10.0,C(O)(C=CC1=C(C)C(CC2C(=O)Nc3c2cccc3)N=C1C)=O,,
4ZUD:OLM:A:1201,4zud,OLM,A,1201,P30556,3.0,3.0,1,17,5,10,1,0,1,0,0,33,446.5,3.66,3,6,8,4,4,0.377,0.292,0,10.0,c1cc(Cn2c(CCC)nc([C@@](O)(C)C)c2C(=O)O)ccc1-c1ccccc1-c1n[nH]nn1,,
3JZB:4HY:A:1,3jzb,4HY,A,1,Q6FH41,3.0,3.0,19,14,2,6,0,0,1,2,3,21,624.0,3.85,3,4,4,2,2,0.358,0.143,0,11.0,c1(C[C@@H](O)O)cc(I)c(Oc2cc(I)c(O)cc2)c(I)c1,,
4J4V:SVR:A:301,4j4v,SVR,A,301,I6WJ72,3.0,3.0,15,13,5,3,0,0,2,0,3,33,522.6,5.73,11,11,5,3,3,0.181,0.056,0,13.0,Nc1cc(C(=O)Nc2ccc([S@@](O)(O)O)c3c2c([S@](O)(O)O)cc([S@@](O)(O)O)c3)ccc1C,,
4OTG:2V9:A:1001,4otg,2V9,A,1001,Q16512,3.0,3.0,2,12,3,9,0,0,0,0,0,33,437.5,3.8,2,4,1,8,5,0.418,0.231,0,27.0,O=C1N=Cc2c1c1c3n(c4ccccc14)[C@@H]1O[C@](C)(n4c3c2c2ccccc42)[C@@](O)(CO)C1,,
2F2U:M77:B:1501,2f2u,M77,B,1501,Q28021,3.0,3.0,20,8,2,5,0,0,1,0,0,20,291.4,1.22,1,4,2,3,2,0.903,0.357,0,7.0,O=[S@@](=O)(N1CCNCCC1)c1cccc2c1ccnc2,,
2F2U:M77:A:501,2f2u,M77,A,501,Q28021,3.0,3.0,20,7,3,4,0,0,0,0,0,20,291.4,1.22,1,4,2,3,2,0.903,0.357,0,8.0,O=[S@@](=O)(N1CCNCCC1)c1cccc2c1ccnc2,,
3BPT:QUE:A:501,3bpt,QUE,A,501,Q6NVY1,3.0,2.0,29,12,4,7,0,0,0,0,1,22,318.4,-1.87,6,7,1,3,0,0.334,1.0,0,19.0,C1C(O)C2C(CC1O)O[C@H]([C@@H]1CCC(O)C(O)C1)C(O)C2O,,Quercetin
4J1P:1K0:A:501,4j1p,1K0,A,501,Q658Y7,3.0,2.0,6,7,1,6,0,0,0,0,0,27,370.4,2.6,2,6,6,3,3,0.693,0.3,0,15.0,O(C)c1cc(OC)c2c(=O)nc(-c3cc(C)c(OCCO)c(C)c3)[nH]c2c1,,
5LX6:78P:A:1101,5lx6,78P,A,1101,Q53GL7,3.0,1.0,1,12,2,5,2,0,0,0,3,18,244.3,1.26,3,3,2,3,2,0.743,0.385,0,5.0,c12c(C(N)=O)cccc1nc([C@@]1(C)CCCN1)[nH]2,,
1Z1F:STL:A:400,1z1f,STL,A,400,Q9SLV5,3.0,1.0,31,10,3,6,0,0,0,0,1,17,232.3,2.62,3,3,2,2,1,0.734,0.286,0,13.0,C1(O)=CC(C=Cc2ccc(O)cc2)C[C@H](O)C1,,Resveratrol / stilbene
3P5O:EAM:A:1,3p5o,EAM,A,1,O60885,2.0,558.0,5,11,2,8,0,0,0,0,1,30,423.9,3.66,1,5,5,4,3,0.679,0.273,0,19.0,Clc1ccc(C2=N[C@@H](CC(=O)NCC)c3nnc(C)n3-c3c2cc(OC)cc3)cc1,BRD4 bromodomain,
4OGI:R78:A:202,4ogi,R78,A,202,O60885,2.0,558.0,19,11,1,6,0,0,0,0,4,38,537.8,0.22,6,10,8,5,0,0.241,1.0,0,42.0,N1C[C@H]2[C@@H](N([C@H]3CCCC3)[C@H](CC)C(O)N2C)NC1NC1CCC([C@H](O)N[C@H]2CCN(C)CC2)C[C@H]1OC,BRD4 bromodomain,
4O74:R78:A:201,4o74,R78,A,201,O60885,2.0,558.0,19,10,1,6,0,0,0,0,3,38,537.8,0.22,6,10,8,5,0,0.241,1.0,0,28.0,N1C[C@H]2C(N([C@@H]3CCCC3)[C@H](CC)C(O)N2C)NC1NC1CCC(C(O)N[C@@H]2CCN(C)CC2)CC1OC,BRD4 bromodomain,
4OGI:R78:B:202,4ogi,R78,B,202,O60885,2.0,558.0,19,10,1,5,1,0,0,0,3,38,537.8,0.22,6,10,8,5,0,0.241,1.0,0,26.0,N1C[C@H]2C(N([C@H]3CCCC3)[C@H](CC)C(O)N2C)NC1NC1CC[C@H](C(O)N[C@@H]2CCN(C)CC2)CC1OC,BRD4 bromodomain,
4O74:R78:B:201,4o74,R78,B,201,O60885,2.0,558.0,19,9,1,6,1,0,0,0,1,38,537.8,0.22,6,10,8,5,0,0.241,1.0,0,22.0,N1CC2C(N([C@@H]3CCCC3)[C@H](CC)C(O)N2C)NC1NC1CCC(C(O)N[C@@H]2CCN(C)CC2)C[C@@H]1OC,BRD4 bromodomain,
2I0J:I0G:B:1,2i0j,I0G,B,1,P03372,2.0,557.0,6,12,4,8,0,0,0,0,0,21,282.3,4.12,2,3,1,4,2,0.827,0.333,0,17.0,[C@H]12c3cc(O)ccc3O[C@@H](c3ccc(O)cc3)[C@H]1CCC2,Estrogen receptor alpha,
2I0J:I0G:D:1,2i0j,I0G,D,1,P03372,2.0,557.0,6,11,4,7,0,0,0,0,0,21,282.3,4.12,2,3,1,4,2,0.827,0.333,0,17.0,[C@H]12c3cc(O)ccc3O[C@@H](c3ccc(O)cc3)[C@H]1CCC2,Estrogen receptor alpha,
4MG8:27J:A:601,4mg8,27J,A,601,P03372,2.0,557.0,3,10,3,6,1,0,0,0,0,23,322.4,3.29,3,5,0,2,1,0.638,0.611,0,16.0,C1CC[C@H](C)OC(=O)c2c(cc(O)cc2O)CCCCC[C@H]1O,Estrogen receptor alpha,
1X7R:GEN:A:201,1x7r,GEN,A,201,P03372,2.0,557.0,12,9,2,5,1,0,0,0,1,20,270.2,2.58,3,5,1,3,3,0.632,0.0,0,8.0,c1c(O)cc(O)c2c1occ(-c1ccc(O)cc1)c2=O,Estrogen receptor alpha,
2I0J:I0G:A:1,2i0j,I0G,A,1,P03372,2.0,557.0,6,9,3,6,0,0,0,0,0,21,282.3,4.12,2,3,1,4,2,0.827,0.333,0,22.0,[C@H]12c3cc(O)ccc3O[C@@H](c3ccc(O)cc3)[C@H]1CCC2,Estrogen receptor alpha,
4MG8:27J:B:601,4mg8,27J,B,601,P03372,2.0,557.0,3,8,2,5,1,0,0,0,0,23,322.4,3.29,3,5,0,2,1,0.638,0.611,0,16.0,C1CC[C@H](C)OC(=O)c2c(cc(O)cc2O)CCCCC[C@H]1O,Estrogen receptor alpha,
2I0J:I0G:C:1,2i0j,I0G,C,1,P03372,2.0,557.0,6,7,2,5,0,0,0,0,0,21,282.3,4.12,2,3,1,4,2,0.827,0.333,0,23.0,[C@H]12c3cc(O)ccc3O[C@@H](c3ccc(O)cc3)[C@H]1CCC2,Estrogen receptor alpha,
2QA8:GEN:B:600,2qa8,GEN,B,600,P03372,2.0,557.0,12,7,2,4,1,0,0,0,0,20,270.2,2.58,3,5,1,3,3,0.632,0.0,0,9.0,c1c(O)cc(O)c2c1occ(-c1ccc(O)cc1)c2=O,Estrogen receptor alpha,
1K1O:IGN:A:999,1k1o,IGN,A,999,P00760,2.0,497.0,1,13,6,4,0,0,1,0,2,31,438.6,0.16,5,5,11,2,0,0.174,0.81,0,18.0,C(=O)(NCCCN=C(N)N)[C@H]1N(C(=O)[C@@H](C[C@@H]2CCCCC2)NCC(O)=O)CCCC1,,
3GY2:BRN:A:1,3gy2,BRN,A,1,P00760,2.0,497.0,6,13,5,3,1,0,0,0,4,21,283.3,1.2,7,5,6,2,2,0.243,0.0,0,6.0,c1(NNNc2ccc(C(=N)N)cc2)ccc(C(N)=N)cc1,,
3GY5:BRN:A:246,3gy5,BRN,A,246,P00760,2.0,497.0,6,10,3,3,1,0,0,0,3,21,281.3,2.37,5,4,5,2,2,0.249,0.0,0,6.0,c1(NN=Nc2ccc(C(=N)N)cc2)ccc(C(N)=N)cc1,,
3DDQ:RRC:A:299,3ddq,RRC,A,299,P24941,2.0,460.0,4,15,3,8,0,0,0,0,4,26,368.6,0.29,6,7,8,3,0,0.367,1.0,0,16.0,OC[C@@H](CC)NC1NC2N([C@@H](C)C)CNC2C(NCC2CCCCC2)N1,CDK2,
3DDQ:RRC:C:299,3ddq,RRC,C,299,P24941,2.0,460.0,4,15,2,9,0,0,0,0,4,26,368.6,0.29,6,7,8,3,0,0.367,1.0,0,16.0,OC[C@@H](CC)NC1NC2N([C@@H](C)C)CNC2C(NCC2CCCCC2)N1,CDK2,
5JQ5:I74:A:302,5jq5,I74,A,302,P24941,2.0,460.0,1,15,4,9,0,0,0,0,2,29,394.5,2.85,4,6,7,4,3,0.493,0.455,0,18.0,O[C@H]1CNCC[C@@H]1CNc1nc2c([C@@H](C)C)cnn2c(NCc2ccccc2)c1,CDK2,
2FVD:LIA:A:299,2fvd,LIA,A,299,P24941,2.0,460.0,1,13,5,6,0,0,1,0,1,30,457.6,0.18,7,9,6,3,0,0.298,1.0,0,14.0,N1([S@](C)(O)O)CC[C@H](NC2NCC(C(O)C3C(F)C(F)CCC3OC)C(N)N2)CC1,CDK2,
2WIH:P48:A:1299,2wih,P48,A,1299,P24941,2.0,460.0,4,13,3,9,0,0,0,0,1,34,478.7,-0.63,6,9,5,5,0,0.289,1.0,0,16.0,OC(NC)C1NN(C)C2C1[C@](C)(C)CC1C2NC(NC2CCC(N3CCN(C)CC3)CC2)NC1,CDK2,
2WIH:P48:C:1299,2wih,P48,C,1299,P24941,2.0,460.0,4,10,2,8,0,0,0,0,0,34,478.7,-0.63,6,9,5,5,0,0.289,1.0,0,17.0,OC(NC)C1NN(C)C2C1[C@](C)(C)CC1C2NC(NC2CCC(N3CCN(C)CC3)CC2)NC1,CDK2,
5K4J:6QB:A:301,5k4j,6QB,A,301,P24941,2.0,460.0,3,10,3,4,0,0,0,1,2,31,463.0,0.11,6,8,6,4,0,0.31,1.0,0,25.0,C1CNN(C)C1NC1NCC[C@H](C2CCN([C@H](CO)C3CCC(Cl)C(F)C3)C(O)C2)N1,CDK2,
2VU3:LZE:A:1299,2vu3,LZE,A,1299,P24941,2.0,460.0,2,7,2,4,0,0,0,0,1,25,380.2,1.88,2,5,3,3,1,0.838,0.312,0,13.0,C1C[C@@H](NC(=O)C2=NN=CC2=NC(=O)c2c(Cl)cccc2Cl)CCN1,CDK2,
4YUA:REF:A:902,4yua,REF,A,902,P00489,2.0,457.0,2,13,4,4,3,0,0,0,2,22,302.2,1.31,4,8,0,4,4,0.216,0.0,0,4.0,c12c3c4c(oc1=O)c(O)c(O)cc4c(=O)oc3c(O)c(O)c2,,
3T9H:KAI:B:401,3t9h,KAI,B,401,P19491,2.0,399.0,88,15,6,4,0,0,1,0,4,15,217.3,-0.37,4,4,4,1,0,0.482,0.9,0,14.0,N1C[C@H]([C@H](C)C)[C@H](C[C@H](O)O)[C@H]1C(=O)O,,Kainic acid
4U1Z:KAI:A:301,4u1z,KAI,A,301,P19491,2.0,399.0,88,15,6,3,0,0,1,0,5,15,213.2,0.33,3,3,4,1,0,0.586,0.6,0,14.0,N1C[C@H](C(=C)C)[C@H](CC(O)=O)[C@H]1C(=O)O,,Kainic acid
4U1W:KAI:B:901,4u1w,KAI,B,901,P19491,2.0,399.0,88,11,7,3,0,0,1,0,0,15,213.2,0.33,3,3,4,1,0,0.586,0.6,0,19.0,N1C[C@H](C(C)=C)[C@H](CC(O)=O)[C@H]1C(=O)O,,Kainic acid
4U1X:KAI:C:901,4u1x,KAI,C,901,P19491,2.0,399.0,88,11,6,4,0,0,1,0,0,15,213.2,0.33,3,3,4,1,0,0.586,0.6,0,14.0,N1C[C@H](C(C)=C)[C@H](CC(O)=O)[C@H]1C(=O)O,,Kainic acid
4U1W:KAI:C:901,4u1w,KAI,C,901,P19491,2.0,399.0,88,10,6,3,0,0,1,0,0,15,213.2,0.33,3,3,4,1,0,0.586,0.6,0,20.0,N1C[C@H](C(=C)C)[C@H](CC(O)=O)[C@H]1C(=O)O,,Kainic acid
4U1W:KAI:D:901,4u1w,KAI,D,901,P19491,2.0,399.0,88,10,5,3,0,0,2,0,0,15,213.2,0.33,3,3,4,1,0,0.586,0.6,0,15.0,N1C[C@H](C(=C)C)[C@H](CC(O)=O)[C@H]1C(=O)O,,Kainic acid
2ITP:AEE:A:2019,2itp,AEE,A,2019,P00533,2.0,319.0,4,10,1,7,0,0,1,0,1,33,440.6,2.94,1,6,7,5,3,0.612,0.37,0,19.0,C1CN(CC)CCN1Cc1ccc(C2N=c3c(c(N[C@H](C)c4ccccc4)ncn3)=C2)cc1,EGFR kinase,
2ITT:AEE:A:2020,2itt,AEE,A,2020,P00533,2.0,319.0,4,8,1,6,0,0,1,0,0,33,440.6,3.98,1,6,6,5,2,0.739,0.37,0,21.0,C1CN(CC)CCN1Cc1ccc(C2=CC3C(=N2)N=CN=C3N[C@H](C)c2ccccc2)cc1,EGFR kinase,
2JIU:AEE:A:2017,2jiu,AEE,A,2017,P00533,2.0,319.0,4,8,1,5,0,1,1,0,0,33,440.6,2.94,1,6,7,5,3,0.612,0.37,0,18.0,C1CN(CC)CCN1Cc1ccc(C2N=c3c(c(N[C@H](C)c4ccccc4)ncn3)=C2)cc1,EGFR kinase,
2J6M:AEE:A:2021,2j6m,AEE,A,2021,P00533,2.0,319.0,4,5,1,3,0,0,1,0,0,33,440.6,2.94,1,6,7,5,3,0.612,0.37,0,19.0,C1CN(CC)CCN1Cc1ccc(C2N=c3c(c(N[C@H](C)c4ccccc4)ncn3)=C2)cc1,EGFR kinase,
3FUR:Z12:A:1,3fur,Z12,A,1,P37231,2.0,314.0,1,10,4,5,0,0,0,1,0,31,514.2,7.44,1,4,5,4,4,0.301,0.0,0,17.0,Clc1cc(Cl)ccc1[S@](=O)(=O)Nc1cc(Cl)c(Oc2cc3ccccc3nc2)c(Cl)c1,PPAR-gamma,
1NYX:DRF:A:101,1nyx,DRF,A,101,P37231,2.0,314.0,1,8,1,5,0,0,2,0,0,31,419.5,5.04,1,5,9,4,3,0.524,0.24,0,15.0,O=C(O)[C@@H](OCC)Cc1ccc(OCCN2c3c(cccc3)Oc3c2cccc3)cc1,PPAR-gamma,
3SZ1:LU2:B:1,3sz1,LU2,B,1,P37231,2.0,314.0,12,6,2,3,0,0,0,0,1,21,286.2,2.28,4,6,1,3,3,0.511,0.0,0,12.0,c1c(O)cc(O)c2c1oc(-c1cc(O)c(O)cc1)cc2=O,PPAR-gamma,
3NGA:3NG:A:1000,3nga,3NG,A,1000,P68400,2.0,306.0,14,16,2,10,1,0,1,0,2,25,349.8,4.88,2,4,3,4,4,0.516,0.0,0,7.0,c12cc(C(=O)O)ccc1c1c(c(Nc3cc(Cl)ccc3)n2)ccnc1,,
3NGA:3NG:B:1000,3nga,3NG,B,1000,P68400,2.0,306.0,14,15,2,10,1,0,1,0,1,25,349.8,4.88,2,4,3,4,4,0.516,0.0,0,7.0,c12cc(C(=O)O)ccc1c1c(c(Nc3cc(Cl)ccc3)n2)ccnc1,,
3PE1:3NG:A:338,3pe1,3NG,A,338,P68400,2.0,306.0,14,15,2,9,1,0,1,0,2,25,349.8,4.88,2,4,3,4,4,0.516,0.0,0,7.0,c12cc(C(=O)O)ccc1c1c(c(Nc3cc(Cl)ccc3)n2)ccnc1,,
2ZJW:REF:A:336,2zjw,REF,A,336,P68400,2.0,306.0,2,7,2,3,0,0,0,0,2,22,302.2,1.31,4,8,0,4,4,0.216,0.0,0,14.0,c12c3c4c(oc1=O)c(O)c(O)cc4c(=O)oc3c(O)c(O)c2,,
2DUX:ZST:A:600,2dux,ZST,A,600,P15121,2.0,302.0,17,14,3,6,3,0,1,1,0,29,419.4,3.7,1,5,4,4,4,0.545,0.158,0,11.0,c1(=O)c2c(c(CC(O)=O)nn1Cc1nc3cc([C@](F)(F)F)ccc3s1)cccc2,,
2FZ8:ZST:A:600,2fz8,ZST,A,600,P15121,2.0,302.0,17,14,3,6,3,0,1,1,0,29,419.4,3.7,1,5,4,4,4,0.545,0.158,0,12.0,c1(=O)c2c(c(CC(O)=O)nn1Cc1nc3cc([C@](F)(F)F)ccc3s1)cccc2,,
2HVN:ZST:A:600,2hvn,ZST,A,600,P15121,2.0,302.0,17,14,3,6,3,0,1,1,0,29,419.4,3.7,1,5,4,4,4,0.545,0.158,0,12.0,c1(=O)c2c(c(CC(O)=O)nn1Cc1nc3cc([C@](F)(F)F)ccc3s1)cccc2,,
2PD5:ZST:A:600,2pd5,ZST,A,600,P15121,2.0,302.0,17,14,3,7,3,0,1,0,0,29,419.4,3.7,1,5,4,4,4,0.545,0.158,0,12.0,c1(=O)c2c(c(CC(O)=O)nn1Cc1nc3cc([C@](F)(F)F)ccc3s1)cccc2,,
2PDX:ZST:A:600,2pdx,ZST,A,600,P15121,2.0,302.0,17,14,3,7,2,0,1,1,0,29,419.4,3.7,1,5,4,4,4,0.545,0.158,0,12.0,c1(=O)c2c(c(CC(O)=O)nn1Cc1nc3cc([C@](F)(F)F)ccc3s1)cccc2,,
3MB9:ZST:A:600,3mb9,ZST,A,600,P15121,2.0,302.0,17,14,3,7,3,0,1,0,0,29,419.4,3.7,1,5,4,4,4,0.545,0.158,0,12.0,c1(=O)c2c(c(CC(O)=O)nn1Cc1nc3cc([C@@](F)(F)F)ccc3s1)cccc2,,
2DV0:ZST:A:600,2dv0,ZST,A,600,P15121,2.0,302.0,17,13,2,6,3,0,1,1,0,29,419.4,3.7,1,5,4,4,4,0.545,0.158,0,12.0,c1(=O)c2c(c(CC(O)=O)nn1Cc1nc3cc([C@](F)(F)F)ccc3s1)cccc2,,
2HVO:ZST:A:600,2hvo,ZST,A,600,P15121,2.0,302.0,17,13,3,5,3,0,1,1,0,29,419.4,3.7,1,5,4,4,4,0.545,0.158,0,12.0,c1(=O)c2c(c(CC(O)=O)nn1Cc1nc3cc([C@](F)(F)F)ccc3s1)cccc2,,
2PDF:ZST:A:600,2pdf,ZST,A,600,P15121,2.0,302.0,17,13,2,7,3,0,1,0,0,29,419.4,3.7,1,5,4,4,4,0.545,0.158,0,11.0,c1(=O)c2c(c(CC(O)=O)nn1Cc1nc3cc([C@](F)(F)F)ccc3s1)cccc2,,
2PDI:ZST:A:600,2pdi,ZST,A,600,P15121,2.0,302.0,17,13,3,5,3,0,1,1,0,29,419.4,3.7,1,5,4,4,4,0.545,0.158,0,12.0,c1(=O)c2c(c(CC(O)=O)nn1Cc1nc3cc([C@](F)(F)F)ccc3s1)cccc2,,
2DUZ:ZST:A:600,2duz,ZST,A,600,P15121,2.0,302.0,17,12,3,4,3,0,1,1,0,29,419.4,3.7,1,5,4,4,4,0.545,0.158,0,12.0,c1(=O)c2c(c(CC(O)=O)nn1Cc1nc3cc([C@](F)(F)F)ccc3s1)cccc2,,
2FZ9:ZST:A:600,2fz9,ZST,A,600,P15121,2.0,302.0,17,12,2,5,3,0,1,1,0,29,419.4,3.7,1,5,4,4,4,0.545,0.158,0,12.0,c1(=O)c2c(c(CC(O)=O)nn1Cc1nc3cc([C@](F)(F)F)ccc3s1)cccc2,,
2HV5:ZST:A:600,2hv5,ZST,A,600,P15121,2.0,302.0,17,12,2,5,3,0,1,1,0,29,419.4,3.7,1,5,4,4,4,0.545,0.158,0,12.0,c1(=O)c2c(c(CC(O)=O)nn1Cc1nc3cc([C@](F)(F)F)ccc3s1)cccc2,,
2PDM:ZST:A:600,2pdm,ZST,A,600,P15121,2.0,302.0,17,12,3,5,3,0,1,0,0,29,419.4,3.7,1,5,4,4,4,0.545,0.158,0,12.0,c1(=O)c2c(c(CC(O)=O)nn1Cc1nc3cc([C@](F)(F)F)ccc3s1)cccc2,,
3M0I:ZST:A:600,3m0i,ZST,A,600,P15121,2.0,302.0,17,12,1,6,3,0,1,1,0,29,419.4,3.7,1,5,4,4,4,0.545,0.158,0,12.0,c1(=O)c2c(c(CC(O)=O)nn1Cc1nc3cc([C@](F)(F)F)ccc3s1)cccc2,,
1IEI:ZES:A:351,1iei,ZES,A,351,P15121,2.0,302.0,1,11,1,5,2,0,1,2,0,26,441.6,2.85,1,3,4,3,3,0.675,0.118,0,13.0,c1cc2c(cc1Cl)n(CC(=O)O)c(=O)n(Cc1c(F)cc(Br)cc1)c2=O,,
3LEN:ZST:A:600,3len,ZST,A,600,P15121,2.0,302.0,17,11,2,5,3,0,1,0,0,29,419.4,3.7,1,5,4,4,4,0.545,0.158,0,12.0,c1(=O)c2c(c(CC(O)=O)nn1Cc1nc3cc([C@](F)(F)F)ccc3s1)cccc2,,
1EF3:FID:B:350,1ef3,FID,B,350,P15121,2.0,302.0,9,9,2,4,2,0,0,1,0,20,279.2,-0.5,3,4,1,3,1,0.601,0.25,0,12.0,C1(=O)NC(=O)[C@]2(c3cc(F)ccc3O[C@H](C(N)=O)C2)N1,,
2PD9:FID:A:600,2pd9,FID,A,600,P15121,2.0,302.0,9,9,4,3,0,0,0,1,1,20,279.2,-0.5,3,4,1,3,1,0.601,0.25,0,17.0,C1(=O)NC(=O)[C@]2(c3cc(F)ccc3O[C@H](C(N)=O)C2)N1,,
5HA7:WY1:B:402,5ha7,WY1,B,402,P15121,2.0,302.0,12,7,2,3,0,0,1,1,0,21,337.9,1.2,5,6,5,2,0,0.295,1.0,0,14.0,CC1C(C)CCC[C@@H]1NC1NC(SCC(O)O)NC(Cl)C1,,
1XON:PIL:B:502,1xon,PIL,B,502,Q08499,2.0,291.0,6,11,1,4,0,0,0,1,5,25,381.3,4.97,1,4,5,3,2,0.794,0.333,0,12.0,Clc1cncc(Cl)c1NC(=O)c1ccc(OC)c(O[C@@H]2CCCC2)c1,,
1OSF:KOS:A:280,1osf,KOS,A,280,P07900,2.0,274.0,1,16,6,6,0,0,1,0,3,44,616.8,1.91,4,10,7,2,0,0.245,0.562,0,50.0,CO[C@H]1C[C@H](C)CC2=C(NCCN(C)C)C(=O)C=C(NC(=O)C(C)=CC=C[C@H](OC)[C@@H](OC(N)=O)C(C)=C[C@H](C)[C@H]1O)C2=O,,
1YET:GDM:A:275,1yet,GDM,A,275,P07900,2.0,274.0,10,13,5,6,0,0,0,0,2,40,560.6,2.41,3,9,4,2,0,0.346,0.517,0,47.0,O=C1NC2=CC(=O)C(OC)=C(C[C@@H](C)C[C@H](OC)[C@H](O)[C@@H](C)C=C(C)[C@H](OC(=O)N)[C@@H](OC)C=CC=C1C)C2=O,,
2VCI:2GJ:A:1225,2vci,2GJ,A,1225,P07900,2.0,274.0,3,13,4,5,0,1,1,0,2,34,465.6,4.13,3,7,7,4,3,0.482,0.385,0,11.0,C1COCCN1Cc1ccc(-c2c(-c3cc([C@@H](C)C)c(O)cc3O)onc2C(=O)NCC)cc1,,
2XJX:XJX:A:1232,2xjx,XJX,A,1232,P07900,2.0,274.0,1,13,2,6,0,0,1,0,4,30,407.5,3.61,2,5,4,4,3,0.692,0.375,0,15.0,C[C@@H](C)c1cc(C(=O)n2cc3ccc(CN4CCN(C)CC4)cc3c2)c(O)cc1O,,
3QDD:94M:A:999,3qdd,94M,A,999,P07900,2.0,274.0,4,12,2,4,1,0,1,1,3,22,320.8,1.93,2,6,3,3,2,0.666,0.357,0,8.0,N1=C(N)Nc2c(ncn2Cc2c(C)c(OC)c(C)cn2)C1Cl,,
1KV2:B96:A:391,1kv2,B96,A,391,Q16539,2.0,270.0,10,19,5,13,1,0,0,0,0,39,527.7,5.99,2,5,7,5,4,0.309,0.355,0,12.0,C(=O)(Nc1ccc(OCCN2CCOCC2)c2ccccc12)Nc1cc([C@](C)(C)C)nn1-c1ccc(C)cc1,p38-alpha MAPK,
5N66:B96:A:402,5n66,B96,A,402,Q16539,2.0,270.0,10,18,4,14,0,0,0,0,0,39,527.7,5.99,2,5,7,5,4,0.309,0.355,0,14.0,C(=O)(Nc1ccc(OCCN2CCOCC2)c2ccccc12)Nc1cc([C@](C)(C)C)nn1-c1ccc(C)cc1,p38-alpha MAPK,
3MVL:38P:B:361,3mvl,38P,B,361,Q16539,2.0,270.0,2,16,3,12,0,1,0,0,0,30,406.5,3.12,3,5,7,4,3,0.56,0.364,0,8.0,n12ncnc(Nc3c(C)ccc(C(=O)N[C@@H]4CC4)c3)c1c(C)c(C(=O)NCCC)c2,p38-alpha MAPK,
3ZSG:T75:A:400,3zsg,T75,A,400,Q16539,2.0,270.0,2,15,3,11,1,0,0,0,0,29,399.5,6.0,1,4,5,4,4,0.448,0.125,0,6.0,O=C(c1ccccc1)Nc1cc(-c2c(-c3cccc(C)c3)nc(CC)s2)ccn1,p38-alpha MAPK,
3MVL:38P:A:361,3mvl,38P,A,361,Q16539,2.0,270.0,2,11,3,8,0,0,0,0,0,30,406.5,3.12,3,5,7,4,3,0.56,0.364,0,10.0,n12ncnc(Nc3c(C)ccc(C(=O)N[C@@H]4CC4)c3)c1c(C)c(C(=O)NCCC)c2,p38-alpha MAPK,
3ZSI:52P:A:1000,3zsi,52P,A,1000,Q16539,2.0,270.0,2,11,3,8,0,0,0,0,0,28,436.3,5.49,0,4,3,4,4,0.426,0.0,0,15.0,Fc1ccc(Sc2nn3c(c(-c4c(Cl)cccc4Cl)c(=O)nc3)cc2)c(F)c1,p38-alpha MAPK,
4R3C:3GF:A:402,4r3c,3GF,A,402,Q16539,2.0,270.0,2,11,2,8,0,0,1,0,0,29,381.5,4.11,0,5,3,5,4,0.534,0.208,0,12.0,CN1CCN(c2cc(-c3ccncc3)c(-c3cc4ccccc4cc3)nn2)CC1,p38-alpha MAPK,
3FLW:FLW:A:361,3flw,FLW,A,361,Q16539,2.0,270.0,1,10,2,5,0,0,0,0,3,29,422.5,-0.6,6,8,8,3,0,0.308,1.0,0,14.0,C1C(F)CCC(OC2CC3CNC(N[C@@H](CCO)CCO)NC3N(C)C2O)C1F,p38-alpha MAPK,
3HP5:52P:A:401,3hp5,52P,A,401,Q16539,2.0,270.0,2,9,3,6,0,0,0,0,0,28,436.3,5.49,0,4,3,4,4,0.426,0.0,0,15.0,Fc1ccc(Sc2nn3c(c(-c4c(Cl)cccc4Cl)c(=O)nc3)cc2)c(F)c1,p38-alpha MAPK,
3HUB:469:A:361,3hub,469,A,361,Q16539,2.0,270.0,2,9,2,6,0,1,0,0,0,36,513.0,3.98,0,4,5,4,3,0.383,0.37,0,30.0,CN(C)C(=O)C(=O)c1cn(C)c2cc(Cl)c(C(=O)N3[C@H](C)CN(Cc4ccc(F)cc4)[C@@H](C)C3)cc12,p38-alpha MAPK,
3ZSH:469:A:400,3zsh,469,A,400,Q16539,2.0,270.0,2,9,2,6,0,0,0,0,1,36,513.0,3.98,0,4,5,4,3,0.383,0.37,0,30.0,CN(C)C(=O)C(=O)c1cn(C)c2cc(Cl)c(C(=O)N3[C@H](C)CN(Cc4ccc(F)cc4)[C@@H](C)C3)cc12,p38-alpha MAPK,
3L8S:BFF:A:361,3l8s,BFF,A,361,Q16539,2.0,270.0,1,8,3,3,0,1,1,0,0,32,532.4,3.39,2,6,8,3,1,0.394,0.5,0,11.0,NC(=O)C1C(OCc2c(F)cc(Br)cc2F)=NSC1=NC(=O)NCCCCN1CCCC1,p38-alpha MAPK,
3HLL:I45:A:401,3hll,I45,A,401,Q16539,2.0,270.0,1,6,2,3,0,0,0,1,0,30,477.3,4.43,1,3,5,3,3,0.592,0.182,0,19.0,c1(COc2c(Br)c(=O)n(-c3cc(C(=O)NC)ccc3C)c(C)c2)c(F)cc(F)cc1,p38-alpha MAPK,
5K3M:6Q5:A:601,5k3m,6Q5,A,601,P51449,2.0,231.0,4,8,1,6,0,0,1,0,0,33,458.7,7.17,2,2,1,5,0,0.438,0.967,0,57.0,O=C(O)[C@@]12CC[C@@]3(C)[C@@]4(C)[C@H](CC[C@H]3[C@@H]1[C@@H](C)[C@H](C)CC2)[C@@]1(C)CC[C@H](O)[C@@](C)(C)[C@@H]1CC4,,
5K3M:6Q5:B:601,5k3m,6Q5,B,601,P51449,2.0,231.0,4,6,1,4,0,0,1,0,0,33,458.7,7.17,2,2,1,5,0,0.438,0.967,0,59.0,O=C(O)[C@@]12CC[C@@]3(C)[C@@]4(C)[C@H](CC[C@H]3[C@@H]1[C@@H](C)[C@H](C)CC2)[C@@]1(C)CC[C@H](O)[C@@](C)(C)[C@@H]1CC4,,
3E5A:VX6:A:500,3e5a,VX6,A,500,O14965,2.0,221.0,19,11,2,8,1,0,0,0,0,33,482.7,-0.08,7,10,8,5,0,0.238,1.0,0,16.0,N1(C)CCN(C2CC(NC3CC(C)NN3)NC(SC3CCC(NC(O)[C@H]4CC4)CC3)N2)CC1,,
4JBQ:VX6:A:501,4jbq,VX6,A,501,O14965,2.0,221.0,19,11,2,8,0,0,0,0,1,33,482.7,-0.08,7,10,8,5,0,0.238,1.0,0,18.0,N1(C)CCN(C2CC(NC3CC(C)NN3)NC(SC3CC[C@@H](NC(O)[C@H]4CC4)CC3)N2)CC1,,
2J50:627:A:1390,2j50,627,A,1390,O14965,2.0,221.0,7,7,3,4,0,0,0,0,0,35,472.5,3.4,2,6,6,5,4,0.447,0.269,0,22.0,n1(C(=O)[C@@H](c2ccccc2)OC)cc2c(NC(c3ccc(N4CCN(C)CC4)cc3)=O)n[nH]c2c1,,
2J50:627:B:1390,2j50,627,B,1390,O14965,2.0,221.0,7,7,3,4,0,0,0,0,0,35,472.5,3.4,2,6,6,5,4,0.447,0.269,0,22.0,n1(C(=O)[C@@H](c2ccccc2)OC)cc2c(NC(c3ccc(N4CCN(C)CC4)cc3)=O)n[nH]c2c1,,
4QXV:LU2:A:201,4qxv,LU2,A,201,P02766,2.0,212.0,12,8,4,3,0,0,0,0,1,21,286.2,2.28,4,6,1,3,3,0.511,0.0,0,13.0,c1c(O)cc(O)c2c1oc(-c1cc(O)c(O)cc1)cc2=O,,
4QYA:LU2:A:201,4qya,LU2,A,201,P02766,2.0,212.0,12,8,3,3,0,0,0,0,2,21,288.3,1.98,5,6,1,3,1,0.505,0.067,0,12.0,C1=C2OC(c3cc(O)c(O)cc3)=CC(O)=C2C(O)C=C1O,,
3NES:B72:A:1,3nes,B72,A,1,P02766,2.0,212.0,7,5,1,3,0,0,1,0,0,24,328.4,4.19,2,3,6,2,2,0.834,0.35,0,13.0,OC(=O)COc1cc(C)c(Cc2cc([C@@H](C)C)c(O)cc2)c(C)c1,,
4O1B:DGB:A:601,4o1b,DGB,A,601,P43490,2.0,204.0,4,16,2,9,2,0,0,0,3,29,391.5,3.93,1,3,8,3,2,0.548,0.375,0,7.0,O=C(C=Cc1cccnc1)NCCCC[C@H]1CCN(C(=O)c2ccccc2)CC1,,
2GVJ:DGB:A:502,2gvj,DGB,A,502,P43490,2.0,204.0,4,15,1,8,2,0,0,0,4,29,391.5,3.93,1,3,8,3,2,0.548,0.375,0,9.0,O=C(C=Cc1cccnc1)NCCCC[C@@H]1CCN(C(=O)c2ccccc2)CC1,,
4O1D:DGB:A:601,4o1d,DGB,A,601,P43490,2.0,204.0,4,13,1,7,2,0,0,0,3,29,391.5,3.93,1,3,8,3,2,0.548,0.375,0,8.0,O=C(C=Cc1cccnc1)NCCCC[C@@H]1CCN(C(=O)c2ccccc2)CC1,,
3D91:REM:A:350,3d91,REM,A,350,P00797,2.0,199.0,2,18,8,9,0,0,0,0,1,44,630.9,3.1,5,7,15,4,2,0.202,0.667,0,42.0,O=[S@@](=O)([C@](C)(C)C)C[C@@H](Cc1ccccc1)C(=O)N[C@@H](Cc1cnc[nH]1)C(=O)N[C@H]([C@@H](O)[C@H]([C@H]1CC1)O)C[C@H]1CCCCC1,,
3D91:REM:B:350,3d91,REM,B,350,P00797,2.0,199.0,2,16,8,8,0,0,0,0,0,44,630.9,3.1,5,7,15,4,2,0.202,0.667,0,40.0,O=[S@@](=O)([C@](C)(C)C)C[C@@H](Cc1ccccc1)C(=O)N[C@@H](Cc1cnc[nH]1)C(=O)N[C@H]([C@@H](O)[C@H]([C@H]1CC1)O)C[C@H]1CCCCC1,,
5KOT:6VU:B:402,5kot,6VU,B,402,P00797,2.0,199.0,2,13,5,6,1,0,0,0,1,36,499.7,2.4,1,6,10,4,2,0.505,0.667,0,20.0,C(CCn1c(C(=O)N(C[C@H](C)C)[C@@H]2CNC[C@H](C(=O)N3CCOCC3)C2)nc2ccccc12)COC,,
5KOT:6VU:A:402,5kot,6VU,A,402,P00797,2.0,199.0,2,12,3,7,1,0,0,0,1,36,499.7,2.4,1,6,10,4,2,0.505,0.667,0,21.0,C(CCn1c(C(=O)N(C[C@@H](C)C)[C@@H]2CNC[C@H](C(=O)N3CCOCC3)C2)nc2ccccc12)COC,,
3ET2:ET1:A:1,3et2,ET1,A,1,Q03181,2.0,196.0,2,9,1,6,0,0,2,0,0,27,389.4,2.91,1,5,7,3,3,0.668,0.211,0,13.0,C(Cc1cn([S@](c2ccc(OC)cc2)(=O)=O)c2c1cc(OC)cc2)C(=O)O,,
1DLR:MXA:A:188,1dlr,MXA,A,188,P00374,2.0,194.0,2,11,3,5,2,0,1,0,0,24,341.5,-0.28,5,7,4,3,0,0.479,1.0,0,6.0,N1C(N)NC(N)C2C(C)[C@H](CC3C(OC)CCC(OC)C3)CNC12,,
2NO1:DCZ:A:302,2no1,DCZ,A,302,P27707,2.0,189.0,23,15,7,3,1,0,0,0,4,16,227.2,-1.53,3,6,2,2,1,0.565,0.556,0,17.0,n1([C@H]2C[C@H](O)[C@@H](CO)O2)c(=O)nc(N)cc1,,
2A2Z:DCZ:C:504,2a2z,DCZ,C,504,P27707,2.0,189.0,23,11,5,3,1,0,0,0,2,16,227.2,-1.53,3,6,2,2,1,0.565,0.556,0,17.0,n1([C@H]2C[C@H](O)[C@@H](CO)O2)c(=O)nc(N)cc1,,
2A30:DCZ:A:302,2a30,DCZ,A,302,P27707,2.0,189.0,23,11,6,3,0,0,0,0,2,16,227.2,-1.53,3,6,2,2,1,0.565,0.556,0,20.0,n1([C@H]2C[C@H](O)[C@@H](CO)O2)c(=O)nc(N)cc1,,
4YTI:VJK:A:4000,4yti,VJK,A,4000,O60674,2.0,175.0,1,11,5,6,0,0,0,0,0,28,408.5,-0.0,7,7,7,3,0,0.298,1.0,0,33.0,C([C@](C)([C@@H](NC[C@](F)(F)F)O)N[C@H]1CCN[C@H]([C@@H]2CN[C@H]3[C@@H]2CCCN3)N1)C,,
5CF8:50V:A:4000,5cf8,50V,A,4000,O60674,2.0,175.0,2,9,2,4,0,0,0,0,3,32,432.5,3.5,1,5,6,6,4,0.504,0.478,0,20.0,n1(CC)c(C(N([C@H]2CC2)[C@@H]2CC2)=O)cc2c1nc(Nc1nn(C)c(C)c1)c1c2n(C)cn1,,
5CF8:50V:B:4000,5cf8,50V,B,4000,O60674,2.0,175.0,2,7,2,4,0,0,0,0,1,32,432.5,3.5,1,5,6,6,4,0.504,0.478,0,21.0,n1(CC)c(C(N([C@H]2CC2)[C@@H]2CC2)=O)cc2c1nc(Nc1nn(C)c(C)c1)c1c2n(C)cn1,,
4HFR:14M:A:302,4hfr,14M,A,302,P28845,2.0,173.0,1,8,3,5,0,0,0,0,0,29,419.6,4.34,2,5,8,3,1,0.61,0.682,0,16.0,C(C[C@@H]1CCCN(c2nc(SCCC)c(C(=O)N[C@H]3CCCCC3)cc2)C1)(=O)O,,
2YEK:EAM:A:1188,2yek,EAM,A,1188,P25440,2.0,161.0,5,15,1,10,0,0,0,0,4,30,423.9,3.66,1,5,5,4,3,0.679,0.273,0,20.0,Clc1ccc(C2=N[C@@H](CC(=O)NCC)c3nnc(C)n3-c3c2cc(OC)cc3)cc1,,
2YEK:EAM:B:1183,2yek,EAM,B,1183,P25440,2.0,161.0,5,14,1,9,0,0,0,0,4,30,423.9,3.66,1,5,5,4,3,0.679,0.273,0,20.0,Clc1ccc(C2=N[C@@H](CC(=O)NCC)c3nnc(C)n3-c3c2cc(OC)cc3)cc1,,
5DFC:EAM:A:503,5dfc,EAM,A,503,P25440,2.0,161.0,5,12,1,8,0,0,0,0,3,30,423.9,3.66,1,5,5,4,3,0.679,0.273,0,18.0,Clc1ccc(C2=N[C@@H](CC(=O)NCC)c3nnc(C)n3-c3c2cc(OC)cc3)cc1,,
2YEK:EAM:C:1183,2yek,EAM,C,1183,P25440,2.0,161.0,5,11,2,7,0,0,0,0,2,30,423.9,3.66,1,5,5,4,3,0.679,0.273,0,20.0,Clc1ccc(C2=N[C@@H](CC(=O)NCC)c3nnc(C)n3-c3c2cc(OC)cc3)cc1,,
2Y03:5FW:B:601,2y03,5FW,B,601,P07700,2.0,160.0,3,14,7,6,1,0,0,0,0,15,211.3,1.13,4,4,4,1,1,0.563,0.455,0,7.0,C[C@@H](C)NC[C@H](O)c1cc(O)c(O)cc1,,
2Y03:5FW:A:601,2y03,5FW,A,601,P07700,2.0,160.0,3,13,7,5,1,0,0,0,0,15,211.3,1.13,4,4,4,1,1,0.563,0.455,0,7.0,C[C@@H](C)NC[C@H](O)c1cc(O)c(O)cc1,,
5K4I:6QB:A:401,5k4i,6QB,A,401,P28482,2.0,158.0,3,15,5,6,0,0,0,0,4,31,463.0,0.11,6,8,6,4,0,0.31,1.0,0,25.0,C1CNN(C)C1NC1NCC[C@H](C2CCN([C@H](CO)C3CCC(Cl)C(F)C3)C(O)C2)N1,,
4JVG:B96:B:801,4jvg,B96,B,801,P15056,2.0,141.0,10,14,4,9,1,0,0,0,0,39,531.7,5.14,3,6,7,5,3,0.392,0.452,0,18.0,C(=O)(Nc1ccc(OCCN2CCOCC2)c2ccccc12)N[C@H]1CC([C@@](C)(C)C)NN1c1ccc(C)cc1,BRAF kinase,
4JVG:B96:C:801,4jvg,B96,C,801,P15056,2.0,141.0,10,13,4,8,1,0,0,0,0,39,531.7,5.14,3,6,7,5,3,0.392,0.452,0,19.0,C(=O)(Nc1ccc(OCCN2CCOCC2)c2ccccc12)N[C@H]1CC([C@@](C)(C)C)NN1c1ccc(C)cc1,BRAF kinase,
4R5Y:3K3:A:801,4r5y,3K3,A,801,P15056,2.0,141.0,2,13,4,7,1,1,0,0,0,35,478.4,5.3,2,5,3,7,4,0.417,0.24,0,15.0,F[C@@](F)(F)c1ccc2c(c1)[nH]c([C@@H]1[C@H]3Oc4c(cc(Oc5ccnc6c5CCC(=O)N6)cc4)[C@@H]13)n2,BRAF kinase,
4R5Y:3K3:B:801,4r5y,3K3,B,801,P15056,2.0,141.0,2,13,4,9,0,0,0,0,0,35,478.4,5.3,2,5,3,7,4,0.417,0.24,0,26.0,F[C@@](F)(F)c1ccc2c(c1)[nH]c([C@@H]1[C@H]3Oc4c(cc(Oc5ccnc6c5CCC(=O)N6)cc4)[C@@H]13)n2,BRAF kinase,
4JVG:B96:A:801,4jvg,B96,A,801,P15056,2.0,141.0,10,12,4,7,1,0,0,0,0,39,531.7,5.14,3,6,7,5,3,0.392,0.452,0,19.0,C(=O)(Nc1ccc(OCCN2CCOCC2)c2ccccc12)N[C@H]1CC([C@@](C)(C)C)NN1c1ccc(C)cc1,BRAF kinase,
4JVG:B96:D:801,4jvg,B96,D,801,P15056,2.0,141.0,10,12,4,7,1,0,0,0,0,39,531.7,5.14,3,6,7,5,3,0.392,0.452,0,19.0,C(=O)(Nc1ccc(OCCN2CCOCC2)c2ccccc12)N[C@H]1CC([C@@](C)(C)C)NN1c1ccc(C)cc1,BRAF kinase,
5CT7:55J:A:801,5ct7,55J,A,801,P15056,2.0,141.0,2,12,3,7,1,1,0,0,0,37,518.4,6.93,2,5,5,5,5,0.247,0.125,0,16.0,c12cc(Oc3cc(-c4ncc([C@@](F)(F)F)[nH]4)ncc3)ccc1n(C)c(Nc1ccc([C@@](F)(F)F)cc1)n2,BRAF kinase,
5CT7:55J:B:801,5ct7,55J,B,801,P15056,2.0,141.0,2,10,3,5,1,1,0,0,0,37,518.4,6.93,2,5,5,5,5,0.247,0.125,0,16.0,c12cc(Oc3cc(-c4ncc([C@@](F)(F)F)[nH]4)ncc3)ccc1n(C)c(Nc1ccc([C@@](F)(F)F)cc1)n2,BRAF kinase,
2PHB:230:A:9001,2phb,230,A,9001,P00742,2.0,134.0,1,13,4,5,3,0,0,0,1,34,484.9,3.89,2,4,5,4,3,0.574,0.208,0,22.0,N(c1c(F)cc(-n2c(=O)cccc2)cc1)C([C@H]1C[C@@H](OC)CN1C(Nc1ccc(Cl)cc1)=O)=O,Factor Xa,
3KL6:443:A:1,3kl6,443,A,1,P00742,2.0,134.0,1,9,3,5,0,0,0,0,1,32,480.0,2.03,2,5,5,4,2,0.682,0.455,0,21.0,C([C@@H](O)C(=O)N1CC[C@H](N2CCCNC2=O)CC1)[S@@](c1cc2c(cc1)cc(Cl)cc2)(=O)=O,Factor Xa,
2UWL:895:A:1245,2uwl,895,A,1245,P00742,2.0,134.0,1,6,1,3,0,0,0,0,2,28,448.0,1.14,1,6,6,3,1,0.705,0.529,0,25.0,Clc1ccc(C=C[S@](=O)(=O)N[C@H]2CCN([C@@H](C)C(=O)N3CCOCC3)C2=O)s1,Factor Xa,
3FLI:33Y:A:1,3fli,33Y,A,1,Q96RI1,2.0,121.0,1,11,1,9,0,0,0,1,0,32,440.5,2.87,0,4,3,4,2,0.69,0.4,0,25.0,Fc1c(F)ccc(C(=O)N2C[C@@](C)(C)C3=c4ccccc4=N[C@H]3[C@@H](C(O[C@@H](C)C)=O)C2)c1,,
5N9S:8QW:A:901,5n9s,8QW,A,901,P33981,2.0,119.0,2,11,4,7,0,0,0,0,0,40,589.9,3.95,7,9,9,5,0,0.201,1.0,0,31.0,C12N(CC(C3CC[C@H](NC([C@@H](C4CC[C@H](F)CC4)C)O)CC3)CC1)NC(N[C@H]1CCC([S@@](C)(O)O)CC1OC)N2,,
3WIG:CHU:A:403,3wig,CHU,A,403,Q02750,2.0,110.0,1,14,6,7,0,0,0,0,1,33,495.7,1.06,8,10,7,4,0,0.259,1.0,0,14.0,C1C2C(C(C)C(CC3C(F)C(N[S@](NC)(O)O)NCC3)C(O)O2)CCC1OC1NCCCN1,,
3VVH:4BM:A:703,3vvh,4BM,A,703,Q02750,2.0,110.0,5,12,5,3,1,0,0,1,2,26,482.2,2.47,4,5,7,2,2,0.36,0.188,0,18.0,c1(Nc2c(C(NOC[C@@H](CO)O)=O)ccc(F)c2F)ccc(I)cc1F,,
3E8N:VRA:A:1001,3e8n,VRA,A,1001,Q02750,2.0,110.0,1,11,3,3,1,0,0,1,3,31,572.3,3.48,4,6,9,3,2,0.343,0.368,0,20.0,c1(F)c(Nc2c(F)c(F)cc(OC)c2N[S@](=O)(=O)[C@@]2(C[C@@H](CO)O)CC2)ccc(I)c1,,
3VVH:4BM:B:503,3vvh,4BM,B,503,Q02750,2.0,110.0,5,9,3,3,1,0,0,1,1,26,482.2,2.47,4,5,7,2,2,0.36,0.188,0,18.0,c1(Nc2c(C(NOC[C@@H](CO)O)=O)ccc(F)c2F)ccc(I)cc1F,,
4RWL:3ZC:B:801,4rwl,3ZC,B,801,P11362,2.0,107.0,1,15,3,9,0,1,0,0,2,33,443.5,4.42,2,6,7,5,4,0.439,0.231,0,11.0,c12c(C(NC)=O)cccc1cc(Oc1ccnc3c1cc(OC)c(OC[C@]1(N)CC1)c3)cc2,FGFR1 kinase,
5B7V:LWJ:B:801,5b7v,LWJ,B,801,P11362,2.0,107.0,2,14,5,9,0,0,0,0,0,27,356.4,3.05,2,5,3,5,3,0.704,0.1,0,12.0,c12c(nc(C)[nH]1)cc(-n1c(N)c(C(C3=NC4=CCC=CC4=C3)=O)cn1)cc2,FGFR1 kinase,
5B7V:LWJ:A:801,5b7v,LWJ,A,801,P11362,2.0,107.0,2,13,5,8,0,0,0,0,0,27,356.4,3.05,2,5,3,5,3,0.704,0.1,0,12.0,c12c(nc(C)[nH]1)cc(-n1c(N)c(C(C3=NC4=CCC=CC4=C3)=O)cn1)cc2,FGFR1 kinase,
4RWJ:66T:B:801,4rwj,66T,B,801,P11362,2.0,107.0,8,9,4,5,0,0,0,0,0,34,463.6,3.65,3,6,8,4,3,0.472,0.385,0,27.0,C[C@H]1N[C@@H](C)CN(c2ccc(C(=O)Nc3n[nH]c(CCc4cc(OC)cc(OC)c4)c3)cc2)C1,FGFR1 kinase,
4RWK:66T:B:801,4rwk,66T,B,801,P11362,2.0,107.0,8,9,5,4,0,0,0,0,0,34,463.6,3.65,3,6,8,4,3,0.472,0.385,0,27.0,C[C@H]1N[C@@H](C)CN(c2ccc(C(=O)Nc3n[nH]c(CCc4cc(OC)cc(OC)c4)c3)cc2)C1,FGFR1 kinase,
4WUN:66T:A:801,4wun,66T,A,801,P11362,2.0,107.0,8,9,4,5,0,0,0,0,0,34,463.6,3.65,3,6,8,4,3,0.472,0.385,0,28.0,C[C@H]1N[C@@H](C)CN(c2ccc(C(=O)Nc3n[nH]c(CCc4cc(OC)cc(OC)c4)c3)cc2)C1,FGFR1 kinase,
4RWJ:66T:A:801,4rwj,66T,A,801,P11362,2.0,107.0,8,8,4,4,0,0,0,0,0,34,463.6,3.65,3,6,8,4,3,0.472,0.385,0,28.0,C[C@H]1N[C@@H](C)CN(c2ccc(C(=O)Nc3n[nH]c(CCc4cc(OC)cc(OC)c4)c3)cc2)C1,FGFR1 kinase,
4WUN:66T:B:801,4wun,66T,B,801,P11362,2.0,107.0,8,8,4,4,0,0,0,0,0,34,463.6,3.65,3,6,8,4,3,0.472,0.385,0,28.0,C[C@H]1N[C@@H](C)CN(c2ccc(C(=O)Nc3n[nH]c(CCc4cc(OC)cc(OC)c4)c3)cc2)C1,FGFR1 kinase,
4RWK:66T:A:801,4rwk,66T,A,801,P11362,2.0,107.0,8,7,3,4,0,0,0,0,0,34,463.6,3.65,3,6,8,4,3,0.472,0.385,0,28.0,C[C@H]1N[C@@H](C)CN(c2ccc(C(=O)Nc3n[nH]c(CCc4cc(OC)cc(OC)c4)c3)cc2)C1,FGFR1 kinase,
3PIY:585:A:1,3piy,585,A,1,Q06187,2.0,102.0,2,8,2,6,0,0,0,0,0,34,490.6,-1.37,7,11,7,4,0,0.228,1.0,0,19.0,N1C2NC(NC3NC(NC4CC(OC)C(OC)C(OC)C4)NCC3F)CCC2O[C@](C)(C)C1O,,
3F82:353:A:2001,3f82,353,A,2001,P08581,2.0,101.0,2,15,4,11,0,0,0,0,0,36,512.9,5.19,2,6,7,4,4,0.353,0.08,0,18.0,c1cc(F)ccc1-n1ccc(OCC)c(C(Nc2cc(F)c(Oc3c(Cl)c(N)ncc3)cc2)=O)c1=O,,
3LQ8:88Z:A:1,3lq8,88Z,A,1,P08581,2.0,101.0,6,15,2,12,0,0,0,0,1,46,632.7,5.77,2,8,12,6,4,0.15,0.324,0,19.0,c1(OC)c(OCCCN2CCOCC2)cc2c(c1)c(Oc1ccc(NC([C@]3(C(Nc4ccc(F)cc4)=O)CC3)=O)cc1F)ccn2,,
4EEV:L1X:A:1401,4eev,L1X,A,1401,P08581,2.0,101.0,2,13,2,9,1,0,0,0,1,41,552.5,5.75,2,5,6,6,6,0.274,0.067,0,19.0,c1cc(F)ccc1-n1c(C)ccc(C(Nc2cc(F)c(Oc3c(-c4c[nH]nc4)cc4c(c3)cnn4C)cc2)=O)c1=O,,
5HO6:63K:A:1401,5ho6,63K,A,1401,P08581,2.0,101.0,3,13,5,5,0,0,0,0,3,38,550.6,4.15,2,9,7,6,5,0.311,0.24,0,16.0,c1cc(F)ccc1-c1nn2c(nnc2Sc2cc3c(cc2)nc(NC(NCCN2CCOCC2)=O)s3)cc1,,
3CD8:L5G:A:1,3cd8,L5G,A,1,P08581,2.0,101.0,1,11,2,8,1,0,0,0,0,29,383.4,3.93,0,6,5,5,5,0.458,0.091,0,8.0,n1c(-c2ccccc2)ccc2nnc(COc3ccnc4cc(OC)ccc34)n12,,
5HOR:63K:A:1401,5hor,63K,A,1401,P08581,2.0,101.0,3,10,5,4,0,0,0,0,1,38,550.6,4.15,2,9,7,6,5,0.311,0.24,0,16.0,c1cc(F)ccc1-c1nn2c(nnc2Sc2cc3c(cc2)nc(NC(NCCN2CCOCC2)=O)s3)cc1,,
5EYD:5T1:A:1401,5eyd,5T1,A,1401,P08581,2.0,101.0,1,9,2,4,1,0,0,0,2,34,463.5,2.61,0,7,7,5,5,0.342,0.261,0,17.0,COCCOc1cc2c(nc1)ccn([C@H](C)c1nnc3n1cc(-c1cn(C)nc1)cc3F)c2=O,,
5HOA:63K:A:1401,5hoa,63K,A,1401,P08581,2.0,101.0,3,8,5,3,0,0,0,0,0,38,550.6,4.15,2,9,7,6,5,0.311,0.24,0,16.0,c1cc(F)ccc1-c1nn2c(nnc2Sc2cc3c(cc2)nc(NC(NCCN2CCOCC2)=O)s3)cc1,,
4OFR:DHT:A:1001,4ofr,DHT,A,1001,P10275,2.0,98.0,37,14,4,9,0,0,0,0,1,21,290.4,3.96,1,2,0,4,0,0.733,0.947,0,30.0,C1CC(=O)C[C@@H]2CC[C@@H]3[C@@H]([C@@]12C)CC[C@@]1(C)[C@H]3CC[C@@H]1O,Androgen receptor,Dihydrotestosterone
1XOW:R18:A:1001,1xow,R18,A,1001,P10275,2.0,98.0,6,13,4,8,0,0,0,0,1,21,284.4,3.72,1,2,0,4,0,0.736,0.632,0,22.0,C1CC(=O)C=C2CC[C@@H]3C(=C12)C=C[C@@]1(C)[C@H]3CC[C@]1(C)O,Androgen receptor,
1XQ3:R18:A:1001,1xq3,R18,A,1001,P10275,2.0,98.0,6,13,4,8,0,0,0,0,1,21,284.4,3.72,1,2,0,4,0,0.736,0.632,0,22.0,C1CC(=O)C=C2CC[C@@H]3C(=C12)C=C[C@@]1(C)[C@H]3CC[C@]1(C)O,Androgen receptor,
4OEZ:DHT:A:1002,4oez,DHT,A,1002,P10275,2.0,98.0,37,13,4,8,0,0,0,0,1,21,290.4,3.96,1,2,0,4,0,0.733,0.947,0,30.0,C1CC(=O)C[C@@H]2CC[C@@H]3[C@@H]([C@@]12C)CC[C@@]1(C)[C@H]3CC[C@@H]1O,Androgen receptor,Dihydrotestosterone
1E3G:R18:A:1000,1e3g,R18,A,1000,P10275,2.0,98.0,6,12,4,7,0,0,0,0,1,21,284.4,3.72,1,2,0,4,0,0.736,0.632,0,23.0,C1CC(=O)C=C2CC[C@@H]3C(=C12)C=C[C@@]1(C)[C@H]3CC[C@]1(C)O,Androgen receptor,
1T5Z:DHT:A:931,1t5z,DHT,A,931,P10275,2.0,98.0,37,12,3,8,0,0,0,0,1,21,290.4,3.96,1,2,0,4,0,0.733,0.947,0,31.0,C1CC(=O)C[C@@H]2CC[C@@H]3[C@@H]([C@@]12C)CC[C@@]1(C)[C@H]3CC[C@@H]1O,Androgen receptor,Dihydrotestosterone
2PIR:DHT:A:931,2pir,DHT,A,931,P10275,2.0,98.0,37,12,3,8,0,0,0,0,1,21,290.4,3.96,1,2,0,4,0,0.733,0.947,0,31.0,C1CC(=O)C[C@@H]2CC[C@@H]3[C@@H]([C@@]12C)CC[C@@]1(C)[C@H]3CC[C@@H]1O,Androgen receptor,Dihydrotestosterone
2PIT:DHT:A:931,2pit,DHT,A,931,P10275,2.0,98.0,37,12,4,7,0,0,0,0,1,21,290.4,3.96,1,2,0,4,0,0.733,0.947,0,31.0,C1CC(=O)C[C@@H]2CC[C@@H]3[C@@H]([C@@]12C)CC[C@@]1(C)[C@H]3CC[C@@H]1O,Androgen receptor,Dihydrotestosterone
2Z4J:DHT:A:931,2z4j,DHT,A,931,P10275,2.0,98.0,37,12,4,8,0,0,0,0,0,21,290.4,3.96,1,2,0,4,0,0.733,0.947,0,30.0,C1CC(=O)C[C@@H]2CC[C@@H]3[C@@H]([C@@]12C)CC[C@@]1(C)[C@H]3CC[C@@H]1O,Androgen receptor,Dihydrotestosterone
3L3X:DHT:A:1,3l3x,DHT,A,1,P10275,2.0,98.0,37,12,4,7,0,0,0,0,1,21,290.4,3.96,1,2,0,4,0,0.733,0.947,0,31.0,C1CC(=O)C[C@@H]2CC[C@@H]3[C@@H]([C@@]12C)CC[C@@]1(C)[C@H]3CC[C@@H]1O,Androgen receptor,Dihydrotestosterone
4OED:DHT:A:1002,4oed,DHT,A,1002,P10275,2.0,98.0,37,12,4,7,0,0,0,0,1,21,290.4,3.96,1,2,0,4,0,0.733,0.947,0,31.0,C1CC(=O)C[C@@H]2CC[C@@H]3[C@@H]([C@@]12C)CC[C@@]1(C)[C@H]3CC[C@@H]1O,Androgen receptor,Dihydrotestosterone
4OEY:DHT:A:1002,4oey,DHT,A,1002,P10275,2.0,98.0,37,12,5,6,0,0,0,0,1,21,290.4,3.96,1,2,0,4,0,0.733,0.947,0,31.0,C1CC(=O)C[C@@H]2CC[C@@H]3[C@@H]([C@@]12C)CC[C@@]1(C)[C@H]3CC[C@@H]1O,Androgen receptor,Dihydrotestosterone
1T63:DHT:A:931,1t63,DHT,A,931,P10275,2.0,98.0,37,11,4,6,0,0,0,0,1,21,290.4,3.96,1,2,0,4,0,0.733,0.947,0,31.0,C1CC(=O)C[C@@H]2CC[C@@H]3[C@@H]([C@@]12C)CC[C@@]1(C)[C@H]3CC[C@@H]1O,Androgen receptor,Dihydrotestosterone
2AO6:R18:A:1001,2ao6,R18,A,1001,P10275,2.0,98.0,6,11,4,6,0,0,0,0,1,21,284.4,3.72,1,2,0,4,0,0.736,0.632,0,23.0,C1CC(=O)C=C2CC[C@@H]3C(=C12)C=C[C@@]1(C)[C@H]3CC[C@]1(C)O,Androgen receptor,
2PIU:DHT:A:931,2piu,DHT,A,931,P10275,2.0,98.0,37,11,4,6,0,0,0,0,1,21,290.4,3.96,1,2,0,4,0,0.733,0.947,0,32.0,C1CC(=O)C[C@@H]2CC[C@@H]3[C@@H]([C@@]12C)CC[C@@]1(C)[C@H]3CC[C@@H]1O,Androgen receptor,Dihydrotestosterone
2PIV:DHT:A:931,2piv,DHT,A,931,P10275,2.0,98.0,37,11,3,7,0,0,0,0,1,21,290.4,3.96,1,2,0,4,0,0.733,0.947,0,32.0,C1CC(=O)C[C@@H]2CC[C@@H]3[C@@H]([C@@]12C)CC[C@@]1(C)[C@H]3CC[C@@H]1O,Androgen receptor,Dihydrotestosterone
2PKL:DHT:A:931,2pkl,DHT,A,931,P10275,2.0,98.0,37,11,4,6,0,0,0,0,1,21,290.4,3.96,1,2,0,4,0,0.733,0.947,0,33.0,C1CC(=O)C[C@@H]2CC[C@@H]3[C@@H]([C@@]12C)CC[C@@]1(C)[C@H]3CC[C@@H]1O,Androgen receptor,Dihydrotestosterone
3L3Z:DHT:A:1,3l3z,DHT,A,1,P10275,2.0,98.0,37,11,4,6,0,0,0,0,1,21,290.4,3.96,1,2,0,4,0,0.733,0.947,0,31.0,C1CC(=O)C[C@@H]2CC[C@@H]3[C@@H]([C@@]12C)CC[C@@]1(C)[C@H]3CC[C@@H]1O,Androgen receptor,Dihydrotestosterone
1T65:DHT:A:931,1t65,DHT,A,931,P10275,2.0,98.0,37,10,4,5,0,0,0,0,1,21,290.4,3.96,1,2,0,4,0,0.733,0.947,0,31.0,C1CC(=O)C[C@@H]2CC[C@@H]3[C@@H]([C@@]12C)CC[C@@]1(C)[C@H]3CC[C@@H]1O,Androgen receptor,Dihydrotestosterone
2PIO:DHT:A:931,2pio,DHT,A,931,P10275,2.0,98.0,37,10,4,5,0,0,0,0,1,21,290.4,3.96,1,2,0,4,0,0.733,0.947,0,31.0,C1CC(=O)C[C@@H]2CC[C@@H]3[C@@H]([C@@]12C)CC[C@@]1(C)[C@H]3CC[C@@H]1O,Androgen receptor,Dihydrotestosterone
4K7A:DHT:A:1001,4k7a,DHT,A,1001,P10275,2.0,98.0,37,10,3,6,0,0,0,0,1,21,290.4,3.96,1,2,0,4,0,0.733,0.947,0,30.0,C1CC(=O)C[C@@H]2CC[C@@H]3[C@@H]([C@@]12C)CC[C@@]1(C)[C@H]3CC[C@@H]1O,Androgen receptor,Dihydrotestosterone
4OEA:DHT:A:1001,4oea,DHT,A,1001,P10275,2.0,98.0,37,10,3,6,0,0,0,0,1,21,290.4,3.96,1,2,0,4,0,0.733,0.947,0,31.0,C1CC(=O)C[C@@H]2CC[C@@H]3[C@@H]([C@@]12C)CC[C@@]1(C)[C@H]3CC[C@@H]1O,Androgen receptor,Dihydrotestosterone
4OFU:DHT:A:1001,4ofu,DHT,A,1001,P10275,2.0,98.0,37,10,3,6,0,0,0,0,1,21,290.4,3.96,1,2,0,4,0,0.733,0.947,0,31.0,C1CC(=O)C[C@@H]2CC[C@@H]3[C@@H]([C@@]12C)CC[C@@]1(C)[C@H]3CC[C@@H]1O,Androgen receptor,Dihydrotestosterone
1XJ7:DHT:A:931,1xj7,DHT,A,931,P10275,2.0,98.0,37,9,3,5,0,0,0,0,1,21,290.4,3.96,1,2,0,4,0,0.733,0.947,0,33.0,C1CC(=O)C[C@@H]2CC[C@@H]3[C@@H]([C@@]12C)CC[C@@]1(C)[C@H]3CC[C@@H]1O,Androgen receptor,Dihydrotestosterone
2PIW:DHT:A:931,2piw,DHT,A,931,P10275,2.0,98.0,37,9,4,4,0,0,0,0,1,21,290.4,3.96,1,2,0,4,0,0.733,0.947,0,31.0,C1CC(=O)C[C@@H]2CC[C@@H]3[C@@H]([C@@]12C)CC[C@@]1(C)[C@H]3CC[C@@H]1O,Androgen receptor,Dihydrotestosterone
5JJM:DHT:A:1001,5jjm,DHT,A,1001,P10275,2.0,98.0,37,9,3,5,0,0,0,0,1,21,290.4,3.96,1,2,0,4,0,0.733,0.947,0,32.0,C1CC(=O)C[C@@H]2CC[C@@H]3[C@@H]([C@@]12C)CC[C@@]1(C)[C@H]3CC[C@@H]1O,Androgen receptor,Dihydrotestosterone
5JJM:DHT:C:1001,5jjm,DHT,C,1001,P10275,2.0,98.0,37,9,3,5,0,0,0,0,1,21,290.4,3.96,1,2,0,4,0,0.733,0.947,0,31.0,C1CC(=O)C[C@@H]2CC[C@@H]3[C@@H]([C@@]12C)CC[C@@]1(C)[C@H]3CC[C@@H]1O,Androgen receptor,Dihydrotestosterone
2PIX:DHT:A:931,2pix,DHT,A,931,P10275,2.0,98.0,37,8,3,5,0,0,0,0,0,21,290.4,3.96,1,2,0,4,0,0.733,0.947,0,32.0,C1CC(=O)C[C@@H]2CC[C@@H]3[C@@H]([C@@]12C)CC[C@@]1(C)[C@H]3CC[C@@H]1O,Androgen receptor,Dihydrotestosterone
2PIQ:DHT:A:931,2piq,DHT,A,931,P10275,2.0,98.0,37,7,3,3,0,0,0,0,1,21,290.4,3.96,1,2,0,4,0,0.733,0.947,0,33.0,C1CC(=O)C[C@@H]2CC[C@@H]3[C@@H]([C@@]12C)CC[C@@]1(C)[C@H]3CC[C@@H]1O,Androgen receptor,Dihydrotestosterone
4OGH:HFT:A:1001,4ogh,HFT,A,1001,P10275,2.0,98.0,8,7,1,6,0,0,0,0,0,20,292.2,2.32,2,4,3,1,1,0.66,0.364,0,18.0,F[C@](F)(F)c1cc(NC(=O)[C@](C)(C)O)ccc1[N+]([O-])=O,Androgen receptor,
4OH5:HFT:A:1001,4oh5,HFT,A,1001,P10275,2.0,98.0,8,7,2,4,0,0,0,1,0,20,292.2,2.32,2,4,3,1,1,0.66,0.364,0,17.0,F[C@](F)(F)c1cc(NC(=O)[C@@](C)(C)O)ccc1[N+]([O-])=O,Androgen receptor,
4OHA:HFT:A:1001,4oha,HFT,A,1001,P10275,2.0,98.0,8,7,2,3,1,0,0,1,0,20,292.2,2.32,2,4,3,1,1,0.66,0.364,0,14.0,F[C@](F)(F)c1cc(NC(=O)[C@@](C)(C)O)ccc1[N+]([O-])=O,Androgen receptor,
2AX6:HFT:A:1,2ax6,HFT,A,1,P10275,2.0,98.0,8,6,2,3,1,0,0,0,0,20,292.2,2.32,2,4,3,1,1,0.66,0.364,0,14.0,F[C@](F)(F)c1cc(NC(=O)[C@@](C)(C)O)ccc1[N+]([O-])=O,Androgen receptor,
4OH6:HFT:A:1001,4oh6,HFT,A,1001,P10275,2.0,98.0,8,6,1,4,1,0,0,0,0,20,292.2,2.32,2,4,3,1,1,0.66,0.364,0,15.0,F[C@](F)(F)c1cc(NC(=O)[C@](C)(C)O)ccc1[N+]([O-])=O,Androgen receptor,
4OIL:HFT:A:1001,4oil,HFT,A,1001,P10275,2.0,98.0,8,6,2,4,0,0,0,0,0,20,292.2,2.32,2,4,3,1,1,0.66,0.364,0,17.0,F[C@](F)(F)c1cc(NC(=O)[C@@](C)(C)O)ccc1[N+]([O-])=O,Androgen receptor,
4OIU:HFT:A:1001,4oiu,HFT,A,1001,P10275,2.0,98.0,8,6,1,5,0,0,0,0,0,20,292.2,2.32,2,4,3,1,1,0.66,0.364,0,18.0,F[C@](F)(F)c1cc(NC(=O)[C@](C)(C)O)ccc1[N+]([O-])=O,Androgen receptor,
4OJ9:HFT:A:1001,4oj9,HFT,A,1001,P10275,2.0,98.0,8,6,2,4,0,0,0,0,0,20,292.2,2.32,2,4,3,1,1,0.66,0.364,0,18.0,F[C@](F)(F)c1cc(NC(=O)[C@](C)(C)O)ccc1[N+]([O-])=O,Androgen receptor,
2P54:735:A:469,2p54,735,A,469,Q07869,2.0,96.0,1,9,1,7,0,0,1,0,0,33,498.7,3.35,5,7,8,3,0,0.328,1.0,0,21.0,C[C@@H]1NC(C2CCC([C@](F)(F)F)CC2)SC1C(O)NCC1CCC(O[C@@](C)(C)C(O)O)CC1,,
4BCR:WY1:A:1468,4bcr,WY1,A,1468,Q07869,2.0,96.0,12,9,4,4,0,0,1,0,0,21,337.9,1.2,5,6,5,2,0,0.295,1.0,0,9.0,CC1C(C)CCCC1NC1NC(SCC(O)O)NC(Cl)C1,,
4BCR:WY1:B:1470,4bcr,WY1,B,1470,Q07869,2.0,96.0,12,9,1,5,0,0,2,1,0,21,337.9,1.2,5,6,5,2,0,0.295,1.0,0,9.0,CC1C(C)CCCC1NC1NC(SCC(O)O)NC(Cl)C1,,
4BCR:WY1:A:1469,4bcr,WY1,A,1469,Q07869,2.0,96.0,12,8,1,4,0,0,2,1,0,21,337.9,1.2,5,6,5,2,0,0.295,1.0,0,9.0,CC1C(C)CCCC1NC1NC(SCC(O)O)NC(Cl)C1,,
3L08:ZIG:A:1109,3l08,ZIG,A,1109,P48736,2.0,92.0,1,12,5,4,1,0,0,1,1,36,505.5,4.84,1,7,6,5,5,0.352,0.04,0,13.0,COc1c(N[S@@](c2c(F)cc(F)cc2)(=O)=O)cc(-c2cc3c(cc2)nccc3-c2cnncc2)cn1,,
3ML9:ML9:A:9999,3ml9,ML9,A,9999,P48736,2.0,92.0,2,11,6,4,0,0,0,0,1,31,425.5,2.25,2,8,6,4,3,0.616,0.455,0,24.0,c1cc(OC)ncc1-c1cc2c(C)nc(N)nc2n([C@H]2CC[C@H](OCCO)CC2)c1=O,,
4URK:A82:A:2092,4urk,A82,A,2092,P48736,2.0,92.0,2,11,3,5,1,0,2,0,0,30,410.5,2.32,2,6,4,4,1,0.791,0.409,0,17.0,C1(C)=CC([C@@H](C)Nc2ccccc2C(=O)O)=C2N(C1)C(=O)CC(N1CCOCC1)=N2,,
4WWN:3VC:A:1203,4wwn,3VC,A,1203,P48736,2.0,92.0,1,7,1,5,1,0,0,0,0,29,385.4,3.34,1,7,3,5,3,0.75,0.143,0,15.0,C12N=CN=C1N=CN=C2N[C@@H](C)c1cc2ccc(F)cc2nc1-c1ccccn1,,
3GWT:066:A:1,3gwt,066,A,1,Q07343,2.0,85.0,1,12,2,4,3,0,0,0,3,37,546.8,2.37,7,9,8,4,0,0.228,1.0,0,14.0,OC(N)[C@@H]1CNC2C(CC([S@](O)(C3CC(C(N(C)C)O)CCC3)O)CC2C)C1NC1CC(OC)CCC1,,
1XM4:PIL:A:1003,1xm4,PIL,A,1003,Q07343,2.0,85.0,6,11,1,3,1,0,0,0,6,25,381.3,4.97,1,4,5,3,2,0.794,0.333,0,10.0,Clc1cncc(Cl)c1NC(=O)c1ccc(OC)c(O[C@@H]2CCCC2)c1,,
1XM4:PIL:B:1003,1xm4,PIL,B,1003,Q07343,2.0,85.0,6,10,1,4,0,0,0,0,5,25,381.3,4.97,1,4,5,3,2,0.794,0.333,0,12.0,Clc1cncc(Cl)c1NC(=O)c1ccc(OC)c(O[C@@H]2CCCC2)c1,,
1XM6:5RM:B:1003,1xm6,5RM,B,1003,Q07343,2.0,85.0,2,7,1,5,0,0,0,0,1,19,265.3,2.44,1,4,5,2,1,0.888,0.5,0,10.0,O=C1O[C@](C)(c2ccc(OC)c(OCCC)c2)CN1,,
1XM6:5RM:A:1003,1xm6,5RM,A,1003,Q07343,2.0,85.0,2,6,1,4,0,0,0,0,1,19,265.3,2.44,1,4,5,2,1,0.888,0.5,0,10.0,O=C1O[C@](C)(c2ccc(OC)c(OCCC)c2)CN1,,
1XLZ:FIL:A:1003,1xlz,FIL,A,1003,Q07343,2.0,85.0,2,5,1,3,1,0,0,0,0,21,294.4,2.68,2,5,6,2,1,0.788,0.533,0,12.0,O=C(N)ON[C@H](C)c1ccc(OC)c(O[C@H]2CCCC2)c1,,
1XLZ:FIL:B:1003,1xlz,FIL,B,1003,Q07343,2.0,85.0,2,5,1,4,0,0,0,0,0,21,294.4,2.68,2,5,6,2,1,0.788,0.533,0,13.0,O=C(N)ON[C@H](C)c1ccc(OC)c(O[C@H]2CCCC2)c1,,
3FQS:585:A:1,3fqs,585,A,1,P43405,2.0,76.0,2,6,2,4,0,0,0,0,0,34,490.6,-1.37,7,11,7,4,0,0.228,1.0,0,20.0,N1C2NC(NC3NC(NC4CC(OC)C(OC)C(OC)C4)NCC3F)CCC2O[C@](C)(C)C1O,SYK kinase,
2E2B:406:A:1001,2e2b,406,A,1001,P00519,2.0,73.0,2,17,4,8,1,0,1,1,2,42,602.8,1.27,7,9,9,5,0,0.197,1.0,0,22.0,C1(C(NC2CC(NC3NC(C4CNCNC4)CCN3)C(C)CC2)O)CCC(CN2CC[C@H](N(C)C)C2)C([C@](F)(F)F)C1,ABL1 kinase,
3QRJ:919:A:2,3qrj,919,A,2,P00519,2.0,73.0,9,17,5,11,0,0,0,0,1,41,553.6,6.05,3,6,6,5,5,0.235,0.167,0,19.0,c1(-n2c(NC(Nc3c(F)cc(Oc4ccnc(C(=O)NC)c4)cc3)=O)cc([C@](C)(C)C)n2)ccc2c(c1)cccn2,ABL1 kinase,
2E2B:406:B:1002,2e2b,406,B,1002,P00519,2.0,73.0,2,15,4,7,1,0,1,1,1,42,602.8,1.27,7,9,9,5,0,0.197,1.0,0,22.0,C1(C(NC2CC(NC3NC(C4CNCNC4)CCN3)C(C)CC2)O)CCC(CN2CC[C@H](N(C)C)C2)C([C@](F)(F)F)C1,ABL1 kinase,
2ESA:GDM:A:401,2esa,GDM,A,401,P41148,2.0,73.0,10,15,3,7,0,0,0,0,5,40,562.7,2.63,3,9,4,2,0,0.345,0.586,0,46.0,O=C1NC2=CC(=O)C(OC)=C(C[C@@H](C)C[C@H](OC)[C@H](O)[C@@H](C)C=C(C)[C@H](OC(=O)N)[C@@H](OC)CCC=C1C)C2=O,,
2EXL:GDM:A:301,2exl,GDM,A,301,P41148,2.0,73.0,10,15,4,7,0,0,0,0,4,40,562.7,2.63,3,9,4,2,0,0.345,0.586,0,48.0,O=C1NC2=CC(=O)C(OC)=C(C[C@@H](C)C[C@H](OC)[C@H](O)[C@@H](C)C=C(C)[C@H](OC(=O)N)[C@@H](OC)CCC=C1C)C2=O,,
3QRJ:919:B:1,3qrj,919,B,1,P00519,2.0,73.0,9,14,5,9,0,0,0,0,0,41,553.6,6.05,3,6,6,5,5,0.235,0.167,0,19.0,c1(-n2c(NC(Nc3c(F)cc(Oc4ccnc(C(=O)NC)c4)cc3)=O)cc([C@@](C)(C)C)n2)ccc2c(c1)cccn2,ABL1 kinase,
2EXL:GDM:B:302,2exl,GDM,B,302,P41148,2.0,73.0,10,13,3,6,0,0,0,0,4,40,562.7,2.63,3,9,4,2,0,0.345,0.586,0,47.0,O=C1NC2=CC(=O)C(OC)=C(C[C@@H](C)C[C@H](OC)[C@H](O)[C@@H](C)C=C(C)[C@H](OC(=O)N)[C@@H](OC)CCC=C1C)C2=O,,
3QRI:919:A:500,3qri,919,A,500,P00519,2.0,73.0,9,13,5,8,0,0,0,0,0,41,553.6,6.05,3,6,6,5,5,0.235,0.167,0,20.0,c1(-n2c(NC(Nc3c(F)cc(Oc4ccnc(C(=O)NC)c4)cc3)=O)cc([C@](C)(C)C)n2)ccc2c(c1)cccn2,ABL1 kinase,
3QRI:919:B:2,3qri,919,B,2,P00519,2.0,73.0,9,13,5,8,0,0,0,0,0,41,553.6,6.05,3,6,6,5,5,0.235,0.167,0,20.0,c1(-n2c(NC(Nc3c(F)cc(Oc4ccnc(C(=O)NC)c4)cc3)=O)cc([C@@](C)(C)C)n2)ccc2c(c1)cccn2,ABL1 kinase,
4ZOG:VX6:A:601,4zog,VX6,A,601,P00519,2.0,73.0,19,13,3,8,0,0,0,0,2,33,482.7,-0.08,7,10,8,5,0,0.238,1.0,0,18.0,N1(C)CCN([C@H]2CC(NC3CC(C)NN3)NC(SC3CCC(NC(O)[C@H]4CC4)CC3)N2)CC1,ABL1 kinase,
2V7A:627:B:1504,2v7a,627,B,1504,P00519,2.0,73.0,7,12,3,7,0,0,0,0,2,35,474.6,1.78,1,7,5,5,2,0.714,0.385,0,22.0,N1(C(=O)[C@@H](c2ccccc2)OC)CC2C(NC(c3ccc(N4CCN(C)CC4)cc3)=O)=NN=C2C1,ABL1 kinase,
2V7A:627:A:1504,2v7a,627,A,1504,P00519,2.0,73.0,7,9,3,5,0,0,0,0,1,35,472.5,3.4,2,6,6,5,4,0.447,0.269,0,22.0,n1(C(=O)[C@@H](c2ccccc2)OC)cc2c(NC(c3ccc(N4CCN(C)CC4)cc3)=O)n[nH]c2c1,ABL1 kinase,
4ZOG:VX6:B:601,4zog,VX6,B,601,P00519,2.0,73.0,19,9,3,6,0,0,0,0,0,33,482.7,-0.08,7,10,8,5,0,0.238,1.0,0,16.0,N1(C)CCN(C2CC(NC3CC(C)NN3)NC(SC3CCC(NC(O)[C@H]4CC4)CC3)N2)CC1,ABL1 kinase,
3C35:KAI:A:401,3c35,KAI,A,401,P22756,2.0,72.0,88,15,7,3,0,0,1,0,4,15,215.2,0.41,3,3,4,1,0,0.632,0.8,0,19.0,N1C[C@H]([C@@H](C)C)[C@H](CC(O)=O)[C@H]1C(=O)O,,Kainic acid
4E0X:KAI:A:301,4e0x,KAI,A,301,P22756,2.0,72.0,88,15,8,3,0,0,1,0,3,15,213.2,0.33,3,3,4,1,0,0.586,0.6,0,14.0,N1C[C@H](C(=C)C)[C@H](CC(O)=O)[C@H]1C(=O)O,,Kainic acid
1J90:DCZ:A:400,1j90,DCZ,A,400,Q9XZT6,2.0,72.0,23,14,6,3,1,0,0,0,4,16,227.2,-1.53,3,6,2,2,1,0.565,0.556,0,17.0,n1([C@H]2C[C@H](O)[C@@H](CO)O2)c(=O)nc(N)cc1,,
3C34:KAI:A:401,3c34,KAI,A,401,P22756,2.0,72.0,88,14,6,3,0,0,1,0,4,15,215.2,0.41,3,3,4,1,0,0.632,0.8,0,19.0,N1C[C@H]([C@@H](C)C)[C@H](CC(O)=O)[C@H]1C(=O)O,,Kainic acid
4E0X:KAI:B:301,4e0x,KAI,B,301,P22756,2.0,72.0,88,14,5,4,0,0,1,0,4,15,213.2,0.33,3,3,4,1,0,0.586,0.6,0,13.0,N1C[C@H](C(=C)C)[C@H](CC(O)=O)[C@H]1C(=O)O,,Kainic acid
1J90:DCZ:B:401,1j90,DCZ,B,401,Q9XZT6,2.0,72.0,23,13,5,3,1,0,0,0,4,16,227.2,-1.53,3,6,2,2,1,0.565,0.556,0,17.0,n1([C@H]2C[C@H](O)[C@@H](CO)O2)c(=O)nc(N)cc1,,
2VP5:DCZ:A:1210,2vp5,DCZ,A,1210,Q9XZT6,2.0,72.0,23,13,5,3,1,0,0,0,4,16,227.2,-1.53,3,6,2,2,1,0.565,0.556,0,17.0,n1([C@H]2C[C@H](O)[C@@H](CO)O2)c(=O)nc(N)cc1,,
2VP5:DCZ:B:1210,2vp5,DCZ,B,1210,Q9XZT6,2.0,72.0,23,13,6,3,1,0,0,0,3,16,227.2,-1.53,3,6,2,2,1,0.565,0.556,0,17.0,n1([C@H]2C[C@H](O)[C@@H](CO)O2)c(=O)nc(N)cc1,,
2VQS:BVD:D:1210,2vqs,BVD,D,1210,Q9XZT6,2.0,72.0,6,11,4,3,2,0,0,1,1,19,333.1,-0.46,3,5,3,2,1,0.695,0.455,0,20.0,OC[C@H]1O[C@@H](n2cc(C=CBr)c(=O)[nH]c2=O)C[C@@H]1O,,
2VQS:BVD:A:1210,2vqs,BVD,A,1210,Q9XZT6,2.0,72.0,6,10,4,4,1,0,0,1,0,19,335.2,-0.89,3,5,4,2,1,0.62,0.636,0,20.0,OC[C@H]1O[C@@H](n2cc(CCBr)c(=O)[nH]c2=O)C[C@@H]1O,,
2VQS:BVD:B:1210,2vqs,BVD,B,1210,Q9XZT6,2.0,72.0,6,9,4,3,1,0,0,1,0,19,335.2,-0.67,3,5,3,2,0,0.469,0.636,0,20.0,OC[C@H]1O[C@@H](N2CC(=CCBr)C(=O)NC2=O)C[C@@H]1O,,
2VQS:BVD:C:1210,2vqs,BVD,C,1210,Q9XZT6,2.0,72.0,6,9,4,3,1,0,0,1,0,19,333.1,-0.46,3,5,3,2,1,0.695,0.455,0,20.0,OC[C@H]1O[C@@H](n2cc(C=CBr)c(=O)[nH]c2=O)C[C@@H]1O,,
1RJK:VDZ:A:500,1rjk,VDZ,A,500,P13053,2.0,68.0,1,17,6,11,0,0,0,0,0,30,416.6,5.7,3,3,6,3,0,0.486,0.778,0,30.0,O[C@H]1C(=C)[C@H](O)CC(=CC=C2CCC[C@@]3(C)[C@H]2CC[C@@H]3[C@@H](C)CCC[C@@](C)(C)O)C1,,
3I81:EBI:A:201,3i81,EBI,A,201,P08069,2.0,67.0,1,9,3,5,0,0,0,0,1,34,481.7,-0.83,8,10,7,6,0,0.173,1.0,0,20.0,N1C(NC2C3CCCN3NC(N3CCC[C@]3(C(NC3CCC(F)NC3)O)C)N2)CC([C@H]2CC2)N1,,
1KI8:BVD:A:1,1ki8,BVD,A,1,P03176,2.0,65.0,6,13,6,3,1,0,0,0,3,19,333.1,-0.46,3,5,3,2,1,0.695,0.455,0,18.0,OC[C@H]1O[C@@H](n2cc(C=CBr)c(=O)[nH]c2=O)C[C@@H]1O,,
1KI8:BVD:B:2,1ki8,BVD,B,2,P03176,2.0,65.0,6,11,5,3,1,0,0,0,2,19,333.1,-0.46,3,5,3,2,1,0.695,0.455,0,18.0,OC[C@H]1O[C@@H](n2cc(C=CBr)c(=O)[nH]c2=O)C[C@@H]1O,,
1X7B:041:A:201,1x7b,041,A,201,Q92731,2.0,59.0,8,13,4,7,1,0,0,0,1,20,271.2,3.69,2,4,2,3,3,0.746,0.0,0,6.0,c1c(C=C)c2c(cc1O)nc(-c1ccc(O)c(F)c1)o2,,
2I0G:I0G:A:1,2i0g,I0G,A,1,Q92731,2.0,59.0,6,12,4,7,1,0,0,0,0,21,282.3,4.12,2,3,1,4,2,0.827,0.333,0,18.0,[C@H]12c3cc(O)ccc3O[C@@H](c3ccc(O)cc3)[C@H]1CCC2,,
1X7B:041:B:202,1x7b,041,B,202,Q92731,2.0,59.0,8,11,3,6,1,0,0,0,1,20,271.2,3.69,2,4,2,3,3,0.746,0.0,0,6.0,c1c(C=C)c2c(cc1O)nc(-c1ccc(O)c(F)c1)o2,,
1X7J:GEN:A:201,1x7j,GEN,A,201,Q92731,2.0,59.0,12,9,3,4,1,0,0,0,1,20,270.2,2.58,3,5,1,3,3,0.632,0.0,0,8.0,c1c(O)cc(O)c2c1occ(-c1ccc(O)cc1)c2=O,,
2I0G:I0G:B:1,2i0g,I0G,B,1,Q92731,2.0,59.0,6,9,3,5,1,0,0,0,0,21,282.3,4.12,2,3,1,4,2,0.827,0.333,0,18.0,[C@H]12c3cc(O)ccc3O[C@@H](c3ccc(O)cc3)[C@H]1CCC2,,
1QKM:GEN:A:600,1qkm,GEN,A,600,Q92731,2.0,59.0,12,8,2,4,1,0,0,0,1,20,270.2,2.58,3,5,1,3,3,0.632,0.0,0,9.0,c1c(O)cc(O)c2c1occ(-c1ccc(O)cc1)c2=O,,
1X7J:GEN:B:202,1x7j,GEN,B,202,Q92731,2.0,59.0,12,7,2,3,1,0,0,0,1,20,270.2,2.58,3,5,1,3,3,0.632,0.0,0,9.0,c1c(O)cc(O)c2c1occ(-c1ccc(O)cc1)c2=O,,
5IA5:GV0:A:1001,5ia5,GV0,A,1001,P29317,2.0,54.0,1,16,3,9,1,0,1,0,2,46,635.7,3.81,3,7,7,6,2,0.399,0.455,0,21.0,C1CN(C)CCN1[C@H]1CCN(C(=O)NC2=NCC=C(Oc3cc(F)c(NC(=O)[C@]4(C(=O)Nc5ccc(F)cc5)CC4)cc3)C2)CC1,,
5IA4:88Z:A:1001,5ia4,88Z,A,1001,P29317,2.0,54.0,6,15,3,9,1,0,0,0,2,46,632.7,5.77,2,8,12,6,4,0.15,0.324,0,17.0,c1(OC)c(OCCCN2CCOCC2)cc2c(c1)c(Oc1ccc(NC([C@]3(C(Nc4ccc(F)cc4)=O)CC3)=O)cc1F)ccn2,,
5I9Z:627:A:1001,5i9z,627,A,1001,P29317,2.0,54.0,7,13,5,4,0,0,1,0,3,35,472.5,3.4,2,6,6,5,4,0.447,0.269,0,22.0,n1(C(=O)[C@@H](c2ccccc2)OC)cc2c(NC(c3ccc(N4CCN(C)CC4)cc3)=O)n[nH]c2c1,,
3W3L:RX8:B:1018,3w3l,RX8,B,1018,Q9NR97,2.0,54.0,4,12,3,5,3,0,0,0,1,23,314.4,2.47,2,5,5,3,3,0.755,0.412,0,4.0,O[C@](C)(C)Cn1c(COCC)nc2c1c1ccccc1nc2N,,
3W3N:RX8:A:1020,3w3n,RX8,A,1020,Q9NR97,2.0,54.0,4,10,2,4,3,0,0,0,1,23,314.4,2.47,2,5,5,3,3,0.755,0.412,0,4.0,O[C@](C)(C)Cn1c(COCC)nc2c1c1ccccc1nc2N,,
5NDF:LU2:A:608,5ndf,LU2,A,608,Q10471,2.0,52.0,12,9,2,5,2,0,0,0,0,21,286.2,2.28,4,6,1,3,3,0.511,0.0,0,7.0,c1c(O)cc(O)c2c1oc(-c1cc(O)c(O)cc1)cc2=O,,
5NDF:LU2:D:604,5ndf,LU2,D,604,Q10471,2.0,52.0,12,8,3,3,2,0,0,0,0,21,286.2,2.28,4,6,1,3,3,0.511,0.0,0,6.0,c1c(O)cc(O)c2c1oc(-c1cc(O)c(O)cc1)cc2=O,,
5GMH:RX8:A:901,5gmh,RX8,A,901,B3Y653,2.0,50.0,4,11,3,4,3,0,0,0,1,23,314.4,2.47,2,5,5,3,3,0.755,0.412,0,6.0,O[C@](C)(C)Cn1c(COCC)nc2c1c1ccccc1nc2N,,
4FJ1:GEN:D:302,4fj1,GEN,D,302,O93874,2.0,49.0,12,13,2,7,2,0,0,0,2,20,270.2,2.58,3,5,1,3,3,0.632,0.0,0,5.0,c1c(O)cc(O)c2c1occ(-c1ccc(O)cc1)c2=O,,
4FJ1:GEN:B:302,4fj1,GEN,B,302,O93874,2.0,49.0,12,12,3,6,2,0,0,0,1,20,270.2,2.58,3,5,1,3,3,0.632,0.0,0,4.0,c1c(O)cc(O)c2c1occ(-c1ccc(O)cc1)c2=O,,
4TV3:ML9:A:1101,4tv3,ML9,A,1101,P42336,2.0,49.0,2,12,6,6,0,0,0,0,0,31,425.5,2.25,2,8,6,4,3,0.616,0.455,0,23.0,c1cc(OC)ncc1-c1cc2c(C)nc(N)nc2n([C@H]2CC[C@H](OCCO)CC2)c1=O,,
4E90:7RG:B:903,4e90,7RG,B,903,O76083,2.0,47.0,2,12,1,4,2,0,0,0,5,29,395.5,1.5,1,7,4,5,3,0.714,0.55,0,11.0,n1([C@@H]2CCOCC2)ncc2c1[nH]c([C@@H]1CN(Cc3ncccn3)C[C@H]1C)nc2=O,,
4E90:7RG:A:903,4e90,7RG,A,903,O76083,2.0,47.0,2,10,1,3,2,0,0,0,4,29,395.5,1.5,1,7,4,5,3,0.714,0.55,0,11.0,n1([C@@H]2CCOCC2)ncc2c1[nH]c([C@@H]1CN(Cc3ncccn3)C[C@H]1C)nc2=O,,
1DHT:DHT:A:400,1dht,DHT,A,400,P14061,2.0,46.0,37,9,2,7,0,0,0,0,0,21,292.5,3.75,2,2,0,4,0,0.714,1.0,0,35.0,C1CC(O)C[C@@H]2CC[C@@H]3[C@@H]([C@@]12C)CC[C@@]1(C)[C@H]3CC[C@@H]1O,,Dihydrotestosterone
2AA2:AS4:A:201,2aa2,AS4,A,201,P08235,2.0,45.0,2,9,4,4,0,0,0,0,1,26,360.5,2.0,2,5,2,5,0,0.787,0.81,0,46.0,[C@@H]12CC[C@H](C(CO)=O)[C@@]13C[C@@H]([C@@H]1[C@]4(C)C(=CC(=O)CC4)CC[C@@H]21)O[C@@H]3O,Mineralocorticoid receptor,
5AUU:LU2:A:400,5auu,LU2,A,400,P53355,2.0,44.0,12,17,8,6,0,0,0,0,3,21,286.2,2.28,4,6,1,3,3,0.511,0.0,0,9.0,c1c(O)cc(O)c2c1oc(-c1cc(O)c(O)cc1)cc2=O,,
4HRA:EP6:A:501,4hra,EP6,A,501,Q8TEK3,2.0,44.0,1,9,5,3,0,0,1,0,0,41,562.7,3.32,4,9,8,6,4,0.253,0.6,0,50.0,c1nc2c(c(N)n1)ncn2[C@@H]1O[C@H](CN([C@H]2C[C@@H](CCc3nc4ccc([C@@](C)(C)C)cc4[nH]3)C2)[C@@H](C)C)[C@@H](O)[C@H]1O,,
5AUZ:GEN:A:400,5auz,GEN,A,400,P53355,2.0,44.0,12,8,4,3,0,0,0,0,1,20,270.2,2.58,3,5,1,3,3,0.632,0.0,0,8.0,c1c(O)cc(O)c2c1occ(-c1ccc(O)cc1)c2=O,,
2WEQ:GDM:A:1215,2weq,GDM,A,1215,P02829,2.0,43.0,10,17,7,7,0,0,0,0,3,40,568.7,3.52,6,10,4,2,1,0.179,0.69,0,59.0,O[C@@H]1Nc2c(O)c(c(OC)c(O)c2)C[C@@H](C)C[C@H](OC)[C@H](O)[C@@H](C)C[C@@H](C)[C@H](OC(=O)N)[C@@H](OC)C=CC[C@@H]1C,,
2YGF:GDM:A:1215,2ygf,GDM,A,1215,P02829,2.0,43.0,10,17,7,7,0,0,0,0,3,40,578.8,0.93,7,11,5,2,0,0.231,1.0,0,49.0,OC1NC2CC(O)C(OC)[C@H](C[C@H](C)C[C@H](OC)[C@H](O)[C@@H](C)CC(C)[C@H](OC(O)N)[C@@H](OC)CCC[C@@H]1C)C2O,,
2YGA:GDM:A:1215,2yga,GDM,A,1215,P02829,2.0,43.0,10,15,5,7,0,0,0,0,3,40,578.8,0.93,7,11,5,2,0,0.231,1.0,0,50.0,OC1NC2CC(O)C(OC)[C@H](C[C@H](C)C[C@H](OC)[C@H](O)[C@@H](C)CC(C)[C@H](OC(O)N)[C@@H](OC)CCC[C@@H]1C)C2O,,
2YGE:GDM:A:1215,2yge,GDM,A,1215,P02829,2.0,43.0,10,15,4,5,0,0,0,0,6,40,578.8,0.93,7,11,5,2,0,0.231,1.0,0,51.0,OC1NC2CC(O)C(OC)[C@H](C[C@H](C)C[C@H](OC)[C@H](O)[C@@H](C)CC(C)[C@H](OC(O)N)[C@@H](OC)CCC[C@@H]1C)C2O,,
1A4H:GDM:A:300,1a4h,GDM,A,300,P02829,2.0,43.0,10,14,7,6,0,0,0,0,1,40,564.7,2.22,3,9,4,2,0,0.464,0.655,0,51.0,O=C1NC2=CC(=O)C(OC)C(C[C@H](C)C[C@H](OC)[C@H](O)[C@@H](C)C[C@@H](C)[C@H](OC(=O)N)[C@@H](OC)C=CC=C1C)C2=O,,
3C11:GDM:A:300,3c11,GDM,A,300,P02829,2.0,43.0,10,12,3,6,0,0,0,0,3,40,560.6,2.41,3,9,4,2,0,0.346,0.517,0,48.0,O=C1NC2=CC(=O)C(OC)=C(C[C@@H](C)C[C@H](OC)[C@H](O)[C@@H](C)C=C(C)[C@H](OC(=O)N)[C@@H](OC)C=CC=C1C)C2=O,,
4PHL:PIL:A:1003,4phl,PIL,A,1003,Q8WQX9,2.0,43.0,6,10,1,3,1,0,0,0,5,25,381.3,4.97,1,4,5,3,2,0.794,0.333,0,10.0,Clc1cncc(Cl)c1NC(=O)c1ccc(OC)c(O[C@@H]2CCCC2)c1,,
5II2:LU2:A:803,5ii2,LU2,A,803,Q86U86,2.0,42.0,12,13,3,5,1,0,0,0,4,21,286.2,2.28,4,6,1,3,3,0.511,0.0,0,6.0,c1c(O)cc(O)c2c1oc(-c1cc(O)c(O)cc1)cc2=O,,
5II2:LU2:B:802,5ii2,LU2,B,802,Q86U86,2.0,42.0,12,11,3,4,1,0,0,0,3,21,286.2,2.28,4,6,1,3,3,0.511,0.0,0,6.0,c1c(O)cc(O)c2c1oc(-c1cc(O)c(O)cc1)cc2=O,,
5MAH:7KD:A:401,5mah,7KD,A,401,Q14680,2.0,41.0,1,9,2,3,0,0,0,1,3,35,532.7,-0.64,10,11,9,3,0,0.173,1.0,0,24.0,C1([C@@](F)(F)F)C(NCC2NCCNC2N(C)[S@@](C)(O)O)NC(NC2CCC([C@H](NC)O)CC2)NC1,,
3AMB:VX6:A:351,3amb,VX6,A,351,P17612,2.0,41.0,19,8,2,5,0,0,0,0,1,33,482.7,-0.08,7,10,8,5,0,0.238,1.0,0,16.0,N1(C)CCN(C2CC(NC3CC(C)NN3)NC(SC3CCC(NC(O)[C@H]4CC4)CC3)N2)CC1,,
5NFT:8W8:A:804,5nft,8W8,A,804,P04150,2.0,39.0,1,13,3,6,3,0,0,1,0,35,487.5,5.36,1,4,7,4,4,0.357,0.2,0,21.0,c1cc([C@H]([C@H](C)NC([C@](F)(F)F)=O)Oc2cc3c(cc2)n(-c2ccc(F)cc2)nc3)cc(OC)c1,Glucocorticoid receptor,
4QO9:627:A:404,4qo9,627,A,404,Q9Y6E0,2.0,35.0,7,10,4,5,0,0,0,0,1,35,472.5,3.4,2,6,6,5,4,0.447,0.269,0,22.0,n1(C(=O)[C@@H](c2ccccc2)OC)cc2c(NC(c3ccc(N4CCN(C)CC4)cc3)=O)n[nH]c2c1,,
4QO9:627:B:404,4qo9,627,B,404,Q9Y6E0,2.0,35.0,7,10,4,5,0,0,0,0,1,35,472.5,3.4,2,6,6,5,4,0.447,0.269,0,22.0,n1(C(=O)[C@@H](c2ccccc2)OC)cc2c(NC(c3ccc(N4CCN(C)CC4)cc3)=O)n[nH]c2c1,,
2XXY:KAI:A:900,2xxy,KAI,A,900,P42260,2.0,34.0,88,11,6,3,0,0,2,0,0,15,215.2,0.41,3,3,4,1,0,0.632,0.8,0,14.0,N1C[C@H]([C@@H](C)C)[C@H](CC(O)=O)[C@H]1C(=O)O,,Kainic acid
2XXY:KAI:B:900,2xxy,KAI,B,900,P42260,2.0,34.0,88,10,5,3,0,0,2,0,0,15,215.2,0.41,3,3,4,1,0,0.632,0.8,0,14.0,N1C[C@H]([C@@H](C)C)[C@H](CC(O)=O)[C@H]1C(=O)O,,Kainic acid
2XXY:KAI:C:900,2xxy,KAI,C,900,P42260,2.0,34.0,88,10,5,3,0,0,2,0,0,15,215.2,0.41,3,3,4,1,0,0.632,0.8,0,14.0,N1C[C@H]([C@@H](C)C)[C@H](CC(O)=O)[C@H]1C(=O)O,,Kainic acid
2XXY:KAI:D:900,2xxy,KAI,D,900,P42260,2.0,34.0,88,10,5,3,0,0,2,0,0,15,215.2,0.41,3,3,4,1,0,0.632,0.8,0,14.0,N1C[C@H]([C@@H](C)C)[C@H](CC(O)=O)[C@H]1C(=O)O,,Kainic acid
4BDM:KAI:B:900,4bdm,KAI,B,900,P42260,2.0,34.0,88,9,5,3,0,0,1,0,0,15,215.2,0.41,3,3,4,1,0,0.632,0.8,0,20.0,N1C[C@H]([C@H](C)C)[C@H](CC(O)=O)[C@H]1C(=O)O,,Kainic acid
4BDM:KAI:C:900,4bdm,KAI,C,900,P42260,2.0,34.0,88,9,5,3,0,0,1,0,0,15,215.2,0.41,3,3,4,1,0,0.632,0.8,0,21.0,N1C[C@H]([C@H](C)C)[C@H](CC(O)=O)[C@H]1C(=O)O,,Kainic acid
4BDM:KAI:D:900,4bdm,KAI,D,900,P42260,2.0,34.0,88,9,5,3,0,0,1,0,0,15,215.2,0.41,3,3,4,1,0,0.632,0.8,0,15.0,N1C[C@H]([C@H](C)C)[C@H](CC(O)=O)[C@H]1C(=O)O,,Kainic acid
4BDO:KAI:C:900,4bdo,KAI,C,900,P42260,2.0,34.0,88,9,5,3,0,0,1,0,0,15,215.2,0.41,3,3,4,1,0,0.632,0.8,0,15.0,N1C[C@H]([C@@H](C)C)[C@H](CC(O)=O)[C@H]1C(=O)O,,Kainic acid
4BDO:KAI:D:900,4bdo,KAI,D,900,P42260,2.0,34.0,88,7,3,3,0,0,1,0,0,15,219.3,-1.14,5,5,4,1,0,0.385,1.0,0,20.0,N1C[C@H]([C@@H](C)C)[C@H](CC(O)O)[C@H]1C(O)O,,Kainic acid
4DGN:LU2:A:401,4dgn,LU2,A,401,P28523,2.0,33.0,12,15,5,9,0,0,0,0,1,21,286.2,2.28,4,6,1,3,3,0.511,0.0,0,10.0,c1c(O)cc(O)c2c1oc(-c1cc(O)c(O)cc1)cc2=O,,
1E3K:R18:A:1000,1e3k,R18,A,1000,P06401,2.0,33.0,6,10,2,7,0,0,0,0,1,21,286.4,3.8,1,2,0,4,0,0.735,0.737,0,24.0,C1CC(=O)C[C@@H]2CC[C@@H]3C(=C12)C=C[C@@]1(C)[C@H]3CC[C@]1(C)O,Progesterone receptor,
1E3K:R18:B:1000,1e3k,R18,B,1000,P06401,2.0,33.0,6,10,2,8,0,0,0,0,0,21,286.4,3.8,1,2,0,4,0,0.735,0.737,0,23.0,C1CC(=O)CC2CC[C@@H]3C(=C12)C=C[C@@]1(C)[C@H]3CC[C@]1(C)O,Progesterone receptor,
1ZUC:T98:A:201,1zuc,T98,A,201,P06401,2.0,33.0,2,8,3,3,1,0,0,0,1,21,297.4,3.53,1,3,1,3,2,0.818,0.25,0,10.0,C[C@]1(C)c2c(ccc(-c3ccc(C#N)n3C)c2)NC(=S)O1,Progesterone receptor,
1ZUC:T98:B:202,1zuc,T98,B,202,P06401,2.0,33.0,2,7,3,3,0,0,0,0,1,21,297.4,3.53,1,3,1,3,2,0.818,0.25,0,12.0,C[C@]1(C)c2c(ccc(-c3ccc(C#N)n3C)c2)NC(=S)O1,Progesterone receptor,
1CS4:FOK:A:1002,1cs4,FOK,A,1002,P30803,2.0,29.0,13,13,3,8,0,0,1,0,1,29,410.5,1.52,3,7,2,3,0,0.467,0.818,0,42.0,[C@H]1(O)CC[C@](C)(C)[C@@H]2[C@H](O)[C@H](OC(=O)C)[C@@]3(C)O[C@](C=C)(C)CC(=O)[C@]3(O)[C@@]12C,,
1CJT:FOK:A:101,1cjt,FOK,A,101,P30803,2.0,29.0,13,12,3,9,0,0,0,0,0,29,410.5,1.52,3,7,2,3,0,0.467,0.818,0,42.0,[C@H]1(O)CC[C@](C)(C)[C@@H]2[C@H](O)[C@H](OC(=O)C)[C@@]3(C)O[C@](C=C)(C)CC(=O)[C@]3(O)[C@@]12C,,
1CUL:FOK:A:1001,1cul,FOK,A,1001,P30803,2.0,29.0,13,12,3,9,0,0,0,0,0,29,410.5,1.52,3,7,2,3,0,0.467,0.818,0,42.0,[C@H]1(O)CC[C@](C)(C)[C@@H]2[C@H](O)[C@H](OC(=O)C)[C@@]3(C)O[C@](C=C)(C)CC(=O)[C@]3(O)[C@@]12C,,
1TL7:FOK:A:101,1tl7,FOK,A,101,P30803,2.0,29.0,13,12,4,8,0,0,0,0,0,29,412.5,1.31,4,7,2,3,0,0.399,0.864,0,45.0,[C@H]1(O)CC[C@](C)(C)[C@@H]2[C@H](O)[C@H](OC(=O)C)[C@@]3(C)O[C@](C=C)(C)C[C@@H](O)[C@]3(O)[C@@]12C,,
1U0H:FOK:A:101,1u0h,FOK,A,101,P30803,2.0,29.0,13,12,3,8,0,0,0,0,1,29,412.5,1.31,4,7,2,3,0,0.399,0.864,0,47.0,[C@H]1(O)CC[C@](C)(C)[C@@H]2[C@H](O)[C@H](OC(=O)C)[C@@]3(C)O[C@](C=C)(C)C[C@@H](O)[C@]3(O)[C@@]12C,,
3C14:FOK:A:101,3c14,FOK,A,101,P30803,2.0,29.0,13,12,4,8,0,0,0,0,0,29,410.5,1.52,3,7,2,3,0,0.467,0.818,0,41.0,[C@H]1(O)CC[C@](C)(C)[C@@H]2[C@H](O)[C@H](OC(=O)C)[C@@]3(C)O[C@](C=C)(C)CC(=O)[C@]3(O)[C@@]12C,,
3C15:FOK:A:101,3c15,FOK,A,101,P30803,2.0,29.0,13,12,4,8,0,0,0,0,0,29,410.5,1.52,3,7,2,3,0,0.467,0.818,0,42.0,[C@H]1(O)CC[C@](C)(C)[C@@H]2[C@H](O)[C@H](OC(=O)C)[C@@]3(C)O[C@](C=C)(C)CC(=O)[C@]3(O)[C@@]12C,,
1CJK:FOK:A:701,1cjk,FOK,A,701,P30803,2.0,29.0,13,11,3,7,0,0,0,0,1,29,410.5,1.52,3,7,2,3,0,0.467,0.818,0,42.0,[C@H]1(O)CC[C@](C)(C)[C@@H]2[C@H](O)[C@H](OC(=O)C)[C@@]3(C)O[C@](C=C)(C)CC(=O)[C@]3(O)[C@@]12C,,
1CJV:FOK:A:101,1cjv,FOK,A,101,P30803,2.0,29.0,13,11,3,8,0,0,0,0,0,29,410.5,1.52,3,7,2,3,0,0.467,0.818,0,42.0,[C@H]1(O)CC[C@](C)(C)[C@@H]2[C@H](O)[C@H](OC(=O)C)[C@@]3(C)O[C@](C=C)(C)CC(=O)[C@]3(O)[C@@]12C,,
3C16:FOK:A:101,3c16,FOK,A,101,P30803,2.0,29.0,13,11,3,8,0,0,0,0,0,29,410.5,1.52,3,7,2,3,0,0.467,0.818,0,41.0,[C@H]1(O)CC[C@](C)(C)[C@@H]2[C@H](O)[C@H](OC(=O)C)[C@@]3(C)O[C@](C=C)(C)CC(=O)[C@]3(O)[C@@]12C,,
1CJU:FOK:A:101,1cju,FOK,A,101,P30803,2.0,29.0,13,10,4,6,0,0,0,0,0,29,410.5,1.52,3,7,2,3,0,0.467,0.818,0,43.0,[C@H]1(O)CC[C@](C)(C)[C@@H]2[C@H](O)[C@H](OC(=O)C)[C@@]3(C)O[C@](C=C)(C)CC(=O)[C@]3(O)[C@@]12C,,
3G82:FOK:A:101,3g82,FOK,A,101,P30803,2.0,29.0,13,9,3,6,0,0,0,0,0,29,410.5,1.52,3,7,2,3,0,0.467,0.818,0,43.0,[C@H]1(O)CC[C@](C)(C)[C@@H]2[C@H](O)[C@H](OC(=O)C)[C@@]3(C)O[C@](C=C)(C)CC(=O)[C@]3(O)[C@@]12C,,
2YAC:937:A:501,2yac,937,A,501,P53350,2.0,25.0,1,13,5,6,0,0,1,1,0,38,550.7,-1.65,7,11,7,5,0,0.184,1.0,0,32.0,N1[C@@H](NC2CC(N3CCN(C)CC3)CCC2O[C@@](F)(F)F)N[C@@H]2C(C1)CCC1[C@@H]2N(CCO)NC1C(O)N,,
2RKU:R78:A:500,2rku,R78,A,500,P53350,2.0,25.0,19,7,3,3,0,0,0,0,1,38,537.8,0.22,6,10,8,5,0,0.241,1.0,0,29.0,N1CC2C(N([C@@H]3CCCC3)[C@H](CC)C(O)N2C)NC1NC1CCC([C@H](O)N[C@@H]2CCN(C)CC2)CC1OC,,
3IMY:B72:A:462,3imy,B72,A,462,P10828,2.0,24.0,7,17,2,12,0,0,2,0,1,24,328.4,4.19,2,3,6,2,2,0.834,0.35,0,8.0,OC(=O)COc1cc(C)c(Cc2cc([C@@H](C)C)c(O)cc2)c(C)c1,,
4B8M:VX6:A:1359,4b8m,VX6,A,1359,Q6DE08,2.0,19.0,19,10,3,6,0,0,0,0,1,33,482.7,-0.08,7,10,8,5,0,0.238,1.0,0,17.0,N1(C)CCN(C2CC(NC3CC(C)NN3)NC(SC3CCC(NC(O)[C@@H]4CC4)CC3)N2)CC1,,
4B8M:VX6:B:1359,4b8m,VX6,B,1359,Q6DE08,2.0,19.0,19,10,2,7,1,0,0,0,0,33,482.7,-0.08,7,10,8,5,0,0.238,1.0,0,16.0,N1(C)CCN(C2CC(NC3CC(C)NN3)NC(SC3CCC(NC(O)[C@@H]4CC4)CC3)N2)CC1,,
2W4Q:CBW:A:1350,2w4q,CBW,A,1350,Q8N8N7,2.0,17.0,2,15,2,10,0,0,0,0,3,34,470.7,6.41,2,3,1,5,0,0.464,0.867,0,46.0,C1C[C@H](O)[C@@](C)(C)[C@@H]2CC[C@]3(C)[C@@H]([C@@]12C)C(=O)C=C1[C@@]3(C)CC[C@]2(C)[C@H]1C[C@](C(=O)O)(C)CC2,,
4JKV:1KS:A:601,4jkv,1KS,A,601,Q99835,2.0,17.0,2,14,4,5,4,0,0,1,0,37,512.5,4.93,0,5,4,5,4,0.363,0.308,0,15.0,Fc1cc([C@](F)(F)F)c(C(=O)N([C@@H]2CCN(c3nnc(-c4ccnn4C)c4ccccc34)CC2)C)cc1,,
4JKV:1KS:B:601,4jkv,1KS,B,601,Q99835,2.0,17.0,2,12,3,5,2,1,0,1,0,37,512.5,4.93,0,5,4,5,4,0.363,0.308,0,15.0,Fc1cc([C@](F)(F)F)c(C(=O)N([C@@H]2CCN(c3nnc(-c4ccnn4C)c4ccccc34)CC2)C)cc1,,
2W4Q:CBW:A:1351,2w4q,CBW,A,1351,Q8N8N7,2.0,17.0,2,9,1,6,0,0,0,0,2,34,470.7,6.41,2,3,1,5,0,0.464,0.867,0,51.0,C1C[C@H](O)[C@@](C)(C)[C@@H]2CC[C@]3(C)[C@@H]([C@@]12C)C(=O)C=C1[C@@]3(C)CC[C@]2(C)[C@H]1C[C@](C(=O)O)(C)CC2,,
3FZS:B96:A:999,3fzs,B96,A,999,Q14289,2.0,15.0,10,17,4,13,0,0,0,0,0,39,527.7,5.99,2,5,7,5,4,0.309,0.355,0,15.0,C(=O)(Nc1ccc(OCCN2CCOCC2)c2ccccc12)Nc1cc([C@@](C)(C)C)nn1-c1ccc(C)cc1,,
4V05:66T:A:1769,4v05,66T,A,1769,D3DSX2,2.0,15.0,8,11,4,6,0,0,0,0,1,34,481.7,1.94,5,8,9,4,0,0.319,1.0,0,41.0,C[C@H]1N[C@@H](C)CN([C@@H]2CCC(C(O)NC3NNC(CC[C@H]4C[C@@H](OC)C[C@@H](OC)C4)C3)CC2)C1,,
4V05:66T:B:1767,4v05,66T,B,1767,D3DSX2,2.0,15.0,8,9,4,4,0,0,0,0,1,34,481.7,1.94,5,8,9,4,0,0.319,1.0,0,42.0,C[C@H]1N[C@@H](C)CN([C@@H]2CCC([C@@H](O)NC3NNC(CC[C@H]4C[C@@H](OC)C[C@H](OC)C4)C3)CC2)C1,,
4Z1G:94M:A:601,4z1g,94M,A,601,Q12931,2.0,13.0,4,7,1,4,0,0,1,1,0,22,320.8,1.93,2,6,3,3,2,0.666,0.357,0,12.0,N1=C(N)Nc2c(ncn2Cc2c(C)c(OC)c(C)cn2)C1Cl,,
1RMY:DCZ:A:807,1rmy,DCZ,A,807,P32697,2.0,12.0,23,11,3,3,2,0,0,0,3,16,227.2,-1.53,3,6,2,2,1,0.565,0.556,0,17.0,n1([C@@H]2C[C@H](O)[C@@H](CO)O2)c(=O)nc(N)cc1,,
3HR1:PF9:A:999,3hr1,PF9,A,999,Q9QYJ6,2.0,12.0,1,10,1,9,0,0,0,0,0,30,392.5,5.28,0,4,5,5,5,0.408,0.08,0,13.0,c1cc(OCc2nc3ccccc3cc2)ccc1-c1nn(C)cc1-c1ccncc1,,
1DY4:SNP:A:437,1dy4,SNP,A,437,P62694,2.0,11.0,2,14,3,7,3,1,0,0,0,19,259.3,2.58,2,3,6,2,2,0.838,0.375,0,8.0,c1(OC[C@@H](O)CN[C@H](C)C)cccc2ccccc12,,
2XYN:VX6:C:547,2xyn,VX6,C,547,P42684,2.0,10.0,19,13,4,9,0,0,0,0,0,33,482.7,-0.08,7,10,8,5,0,0.238,1.0,0,15.0,N1(C)CCN(C2CC(NC3CC(C)NN3)NC(SC3CC[C@@H](NC(O)[C@H]4CC4)CC3)N2)CC1,,
2XYN:VX6:A:547,2xyn,VX6,A,547,P42684,2.0,10.0,19,9,4,5,0,0,0,0,0,33,482.7,-0.08,7,10,8,5,0,0.238,1.0,0,21.0,N1(C)CCN(C2CC(NC3CC(C)NN3)NC(S[C@H]3CCC(N[C@@H](O)[C@H]4CC4)CC3)N2)CC1,,
2XYN:VX6:B:547,2xyn,VX6,B,547,P42684,2.0,10.0,19,9,4,5,0,0,0,0,0,33,482.7,-0.08,7,10,8,5,0,0.238,1.0,0,21.0,N1(C)CCN(C2CC(NC3CC(C)NN3)NC(S[C@H]3CCC(N[C@@H](O)[C@H]4CC4)CC3)N2)CC1,,
2XYN:VX6:B:549,2xyn,VX6,B,549,P42684,2.0,10.0,19,8,2,5,0,0,0,0,1,33,482.7,-0.08,7,10,8,5,0,0.238,1.0,0,17.0,N1(C)CCN(C2CC(NC3CC(C)NN3)NC(S[C@H]3CCC(NC(O)[C@H]4CC4)CC3)N2)CC1,,
1T79:DHT:A:200,1t79,DHT,A,200,O97775,2.0,8.0,37,13,4,8,0,0,0,0,1,21,290.4,3.96,1,2,0,4,0,0.733,0.947,0,31.0,C1CC(=O)C[C@@H]2CC[C@@H]3[C@@H]([C@@]12C)CC[C@@]1(C)[C@H]3CC[C@@H]1O,,Dihydrotestosterone
1T73:DHT:A:200,1t73,DHT,A,200,O97775,2.0,8.0,37,12,3,8,0,0,0,0,1,21,290.4,3.96,1,2,0,4,0,0.733,0.947,0,30.0,C1CC(=O)C[C@@H]2CC[C@@H]3[C@@H]([C@@]12C)CC[C@@]1(C)[C@H]3CC[C@@H]1O,,Dihydrotestosterone
1T74:DHT:A:200,1t74,DHT,A,200,O97775,2.0,8.0,37,12,4,7,0,0,0,0,1,21,290.4,3.96,1,2,0,4,0,0.733,0.947,0,31.0,C1CC(=O)C[C@@H]2CC[C@@H]3[C@@H]([C@@]12C)CC[C@@]1(C)[C@H]3CC[C@@H]1O,,Dihydrotestosterone
1T7F:DHT:A:200,1t7f,DHT,A,200,O97775,2.0,8.0,37,11,4,6,0,0,0,0,1,21,290.4,3.96,1,2,0,4,0,0.733,0.947,0,31.0,C1CC(=O)C[C@@H]2CC[C@@H]3[C@@H]([C@@]12C)CC[C@@]1(C)[C@H]3CC[C@@H]1O,,Dihydrotestosterone
1T7M:DHT:A:200,1t7m,DHT,A,200,O97775,2.0,8.0,37,11,4,6,0,0,0,0,1,21,290.4,3.96,1,2,0,4,0,0.733,0.947,0,31.0,C1CC(=O)C[C@@H]2CC[C@@H]3[C@@H]([C@@]12C)CC[C@@]1(C)[C@H]3CC[C@@H]1O,,Dihydrotestosterone
1T7R:DHT:A:300,1t7r,DHT,A,300,O97775,2.0,8.0,37,11,4,6,0,0,0,0,1,21,290.4,3.96,1,2,0,4,0,0.733,0.947,0,31.0,C1CC(=O)C[C@@H]2CC[C@@H]3[C@@H]([C@@]12C)CC[C@@]1(C)[C@H]3CC[C@@H]1O,,Dihydrotestosterone
1T7T:DHT:A:300,1t7t,DHT,A,300,O97775,2.0,8.0,37,11,4,6,0,0,0,0,1,21,290.4,3.96,1,2,0,4,0,0.733,0.947,0,31.0,C1CC(=O)C[C@@H]2CC[C@@H]3[C@@H]([C@@]12C)CC[C@@]1(C)[C@H]3CC[C@@H]1O,,Dihydrotestosterone
1T76:DHT:A:200,1t76,DHT,A,200,O97775,2.0,8.0,37,10,4,5,0,0,0,0,1,21,290.4,3.96,1,2,0,4,0,0.733,0.947,0,31.0,C1CC(=O)C[C@@H]2CC[C@@H]3[C@@H]([C@@]12C)CC[C@@]1(C)[C@H]3CC[C@@H]1O,,Dihydrotestosterone
2GBY:BRN:A:1110,2gby,BRN,A,1110,P0A0N4,2.0,8.0,6,10,3,7,0,0,0,0,0,21,281.3,2.37,5,4,5,2,2,0.249,0.0,0,9.0,c1(NN=Nc2ccc(C(=N)N)cc2)ccc(C(N)=N)cc1,,
3P0H:FSE:A:701,3p0h,FSE,A,701,Q4QFJ7,2.0,8.0,3,10,6,4,0,0,0,0,0,21,286.2,2.28,4,6,1,3,3,0.511,0.0,0,10.0,c1cc2c(cc1O)oc(-c1ccc(O)c(O)c1)c(O)c2=O,,
3P0H:FSE:B:701,3p0h,FSE,B,701,Q4QFJ7,2.0,8.0,3,9,6,3,0,0,0,0,0,21,286.2,2.28,4,6,1,3,3,0.511,0.0,0,11.0,c1cc2c(cc1O)oc(-c1ccc(O)c(O)c1)c(O)c2=O,,
1UNL:RRC:A:1293,1unl,RRC,A,1293,Q00535,2.0,7.0,4,12,4,8,0,0,0,0,0,26,368.6,0.29,6,7,8,3,0,0.367,1.0,0,16.0,OC[C@@H](CC)NC1NC2N([C@@H](C)C)CNC2C(NCC2CCCCC2)N1,,
3H4G:FID:A:2401,3h4g,FID,A,2401,P50578,2.0,7.0,9,10,3,4,2,0,0,1,0,20,279.2,-0.5,3,4,1,3,1,0.601,0.25,0,13.0,C1(=O)NC(=O)[C@]2(c3cc(F)ccc3O[C@H](C(N)=O)C2)N1,,
1I37:DHT:A:201,1i37,DHT,A,201,P15207,2.0,6.0,37,12,4,7,0,0,0,0,1,21,288.4,3.88,1,2,0,4,0,0.734,0.842,0,31.0,C1CC(=O)C=C2CC[C@@H]3[C@@H]([C@@]12C)CC[C@@]1(C)[C@H]3CC[C@@H]1O,,Dihydrotestosterone
1I38:DHT:A:201,1i38,DHT,A,201,P15207,2.0,6.0,37,12,3,8,0,0,0,0,1,21,288.4,3.88,1,2,0,4,0,0.734,0.842,0,31.0,C1CC(=O)C=C2CC[C@@H]3[C@@H]([C@@]12C)CC[C@@]1(C)[C@H]3CC[C@@H]1O,,Dihydrotestosterone
3O6O:94M:B:214,3o6o,94M,B,214,Q389P1,2.0,5.0,4,12,1,4,1,0,1,1,4,22,320.8,1.93,2,6,3,3,2,0.666,0.357,0,8.0,N1=C(N)Nc2c(ncn2Cc2c(C)c(OC)c(C)cn2)[C@H]1Cl,,
3O6O:94M:A:214,3o6o,94M,A,214,Q389P1,2.0,5.0,4,11,1,4,1,0,1,1,3,22,320.8,1.93,2,6,3,3,2,0.666,0.357,0,8.0,N1=C(N)Nc2c(ncn2Cc2c(C)c(OC)c(C)cn2)[C@H]1Cl,,
4OO9:2U8:A:4005,4oo9,2U8,A,4005,P41594,2.0,5.0,1,11,3,8,0,0,0,0,0,23,313.4,2.72,1,3,0,3,1,0.749,0.526,0,20.0,c1(C#C[C@]2(O)CCC[C@H]3N(C(=O)OC)CC[C@@H]23)cccc(C)c1,,
4I5M:R78:A:401,4i5m,R78,A,401,Q9NYY3,2.0,5.0,19,9,3,3,1,0,0,0,2,38,537.8,0.22,6,10,8,5,0,0.241,1.0,0,16.0,N1CC2C(N([C@@H]3CCCC3)[C@H](CC)C(O)N2C)NC1NC1CCC(C(O)N[C@H]2CCN(C)CC2)CC1OC,,
3NPC:B96:B:365,3npc,B96,B,365,P45984,2.0,4.0,10,18,4,13,0,0,0,0,1,39,527.7,5.99,2,5,7,5,4,0.309,0.355,0,16.0,C(=O)(Nc1ccc(OCCN2CCOCC2)c2ccccc12)Nc1cc([C@@](C)(C)C)nn1-c1ccc(C)cc1,,
3NPC:B96:A:365,3npc,B96,A,365,P45984,2.0,4.0,10,17,4,12,0,0,0,0,1,39,527.7,5.99,2,5,7,5,4,0.309,0.355,0,16.0,C(=O)(Nc1ccc(OCCN2CCOCC2)c2ccccc12)Nc1cc([C@@](C)(C)C)nn1-c1ccc(C)cc1,,
4PY6:R78:B:1401,4py6,R78,B,1401,Q8I240,2.0,4.0,19,10,2,6,1,0,0,0,1,29,409.6,1.24,4,7,5,4,0,0.544,1.0,0,24.0,N1CC2C(N([C@@H]3CCCC3)[C@H](CC)C(O)N2C)NC1N[C@H]1CCC(C)C[C@H]1OC,,
4PY6:R78:D:1401,4py6,R78,D,1401,Q8I240,2.0,4.0,19,10,1,8,1,0,0,0,0,29,409.6,1.24,4,7,5,4,0,0.544,1.0,0,20.0,N1CC2C(N([C@@H]3CCCC3)[C@H](CC)C(O)N2C)N[C@H]1N[C@@H]1CCC(C)CC1OC,,
4PY6:R78:C:1401,4py6,R78,C,1401,Q8I240,2.0,4.0,19,9,1,6,1,0,0,0,1,29,409.6,1.24,4,7,5,4,0,0.544,1.0,0,25.0,N1CC2C(N([C@@H]3CCCC3)[C@H](CC)[C@@H](O)N2C)N[C@H]1N[C@@H]1CCC(C)C[C@H]1OC,,
4PY6:R78:A:1401,4py6,R78,A,1401,Q8I240,2.0,4.0,19,8,1,6,1,0,0,0,0,29,409.6,1.24,4,7,5,4,0,0.544,1.0,0,28.0,N1CC2[C@@H](N([C@@H]3CCCC3)[C@H](CC)[C@@H](O)N2C)N[C@H]1N[C@@H]1CCC(C)C[C@H]1OC,,
5G6V:919:B:1475,5g6v,919,B,1475,Q00536,2.0,3.0,9,23,7,12,2,0,0,1,1,41,553.6,6.05,3,6,6,5,5,0.235,0.167,0,16.0,c1(-n2c(NC(Nc3c(F)cc(Oc4ccnc(C(=O)NC)c4)cc3)=O)cc([C@@](C)(C)C)n2)ccc2c(c1)cccn2,,
5G6V:919:A:1475,5g6v,919,A,1475,Q00536,2.0,3.0,9,20,5,11,1,0,0,0,3,41,553.6,6.05,3,6,6,5,5,0.235,0.167,0,16.0,c1(-n2c(NC(Nc3c(F)cc(Oc4ccnc(C(=O)NC)c4)cc3)=O)cc([C@@](C)(C)C)n2)ccc2c(c1)cccn2,,
4RLT:FSE:A:201,4rlt,FSE,A,201,I6Y8B9,2.0,3.0,3,16,6,5,1,0,0,0,4,21,288.3,1.48,4,6,1,3,2,0.592,0.133,0,15.0,c1cc2c(cc1O)O[C@H](c1ccc(O)c(O)c1)[C@@H](O)C2=O,,
3IW4:LW4:A:901,3iw4,LW4,A,901,P17252,2.0,3.0,3,13,3,7,1,0,2,0,0,33,440.5,1.59,2,7,2,6,1,0.682,0.28,0,14.0,N1=CC(C2=C(C3c4ccccc4NC(N4CCN(C)CC4)=N3)C(=O)NC2=O)=C2C1C=CC=C2,,
3IW4:LW4:B:901,3iw4,LW4,B,901,P17252,2.0,3.0,3,13,2,9,0,0,2,0,0,33,440.5,1.59,2,7,2,6,1,0.682,0.28,0,16.0,N1=CC(C2=C(C3c4ccccc4NC(N4CCN(C)CC4)=N3)C(=O)NC2=O)=C2C1C=CC=C2,,
3IW4:LW4:C:901,3iw4,LW4,C,901,P17252,2.0,3.0,3,13,3,7,1,0,2,0,0,33,440.5,1.59,2,7,2,6,1,0.682,0.28,0,14.0,N1=CC(C2=C(C3c4ccccc4NC(N4CCN(C)CC4)=N3)C(=O)NC2=O)=C2C1C=CC=C2,,
2G97:DGB:A:1001,2g97,DGB,A,1001,Q80Z29,2.0,3.0,4,12,2,7,2,0,0,0,1,29,391.5,3.93,1,3,8,3,2,0.548,0.375,0,8.0,O=C(C=Cc1cccnc1)NCCCC[C@@H]1CCN(C(=O)c2ccccc2)CC1,,
3ILZ:B72:A:1,3ilz,B72,A,1,Q59FW3,2.0,2.0,7,21,3,15,0,0,0,0,3,24,342.5,3.19,3,4,6,2,0,0.648,1.0,0,25.0,O[C@@H](O)CO[C@H]1C[C@@H](C)[C@H](C[C@@H]2CC([C@@H](C)C)[C@H](O)CC2)[C@@H](C)C1,,
1FRB:ZST:A:351,1frb,ZST,A,351,P45377,2.0,2.0,17,14,2,6,3,0,1,0,2,29,419.4,3.7,1,5,4,4,4,0.545,0.158,0,12.0,c1(=O)c2c(c(CC(O)=O)nn1Cc1nc3cc([C@](F)(F)F)ccc3s1)cccc2,,
3HZF:B72:A:1,3hzf,B72,A,1,Q59FW3,2.0,2.0,7,13,2,10,0,0,1,0,0,24,328.4,4.19,2,3,6,2,2,0.834,0.35,0,10.0,OC(=O)COc1cc(C)c(Cc2cc([C@@H](C)C)c(O)cc2)c(C)c1,,
3PBL:ETQ:B:1200,3pbl,ETQ,B,1200,P35462,2.0,2.0,2,10,2,6,0,0,1,1,0,23,340.9,2.83,2,4,6,2,1,0.836,0.588,0,17.0,c1(O)c(CC)cc(Cl)c(OC)c1C(NC[C@H]1N(CC)CCC1)=O,,
5C8G:R78:B:201,5c8g,R78,B,201,D0A8L1,2.0,2.0,19,9,1,8,0,0,0,0,0,38,537.8,0.22,6,10,8,5,0,0.241,1.0,0,29.0,N1CC2[C@@H](N([C@@H]3CCCC3)[C@H](CC)C(O)N2C)NC1NC1CCC(C(O)N[C@@H]2CCN(C)CC2)CC1OC,,
2QPY:DHT:A:931,2qpy,DHT,A,931,P19091,2.0,2.0,37,8,3,4,0,0,0,0,1,21,290.4,3.96,1,2,0,4,0,0.733,0.947,0,33.0,C1CC(=O)C[C@@H]2CC[C@@H]3[C@@H]([C@@]12C)CC[C@@]1(C)[C@H]3CC[C@@H]1O,,Dihydrotestosterone
3PBL:ETQ:A:1200,3pbl,ETQ,A,1200,P35462,2.0,2.0,2,8,1,5,0,0,1,1,0,23,340.9,2.83,2,4,6,2,1,0.836,0.588,0,17.0,c1(O)c(CC)cc(Cl)c(OC)c1C(NC[C@H]1N(CC)CCC1)=O,,
5C8G:R78:A:201,5c8g,R78,A,201,D0A8L1,2.0,2.0,19,7,1,5,0,0,0,0,1,37,525.8,0.08,6,10,9,4,0,0.232,1.0,0,42.0,N1C[C@H]2[C@H](N([C@H](CC)C)[C@H](CC)C(O)N2C)N[C@@H]1NC1CCC(C(O)N[C@@H]2CCN(C)CC2)CC1OC,,
5IKB:KAI:A:301,5ikb,KAI,A,301,Q01812,2.0,1.0,88,16,6,3,0,0,1,0,6,15,213.2,0.33,3,3,4,1,0,0.586,0.6,0,19.0,N1C[C@H](C(=C)C)[C@H](CC(O)=O)[C@H]1C(=O)O,,Kainic acid
4AF3:VX6:A:500,4af3,VX6,A,500,Q96GD4,2.0,1.0,19,14,2,10,1,0,0,0,1,33,482.7,-0.08,7,10,8,5,0,0.238,1.0,0,15.0,N1(C)CCN(C2CC(NC3CC(C)NN3)NC(SC3CCC(NC(O)[C@H]4CC4)CC3)N2)CC1,,
1AB8:FOK:A:1,1ab8,FOK,A,1,P26769,2.0,1.0,13,11,4,6,0,0,1,0,0,29,410.5,1.52,3,7,2,3,0,0.467,0.818,0,41.0,[C@H]1(O)CC[C@](C)(C)[C@@H]2[C@H](O)[C@H](OC(=O)C)[C@@]3(C)O[C@](C=C)(C)CC(=O)[C@]3(O)[C@@]12C,,
4B05:32D:A:1391,4b05,32D,A,1391,P56817,1.0,687.0,1,7,1,5,0,0,0,0,1,32,431.4,4.63,1,5,4,5,4,0.511,0.083,0,20.0,c1cc2c(c(F)c1)C(N)=N[C@@]2(c1cccc(-c2cncnc2)c1)c1ccnc([C@H](F)F)c1,BACE-1,
4YBI:4B2:A:401,4ybi,4B2,A,401,P56817,1.0,687.0,2,7,1,4,0,0,0,0,2,22,320.4,3.09,1,5,2,3,2,0.923,0.267,0,13.0,c1([C@]2(C)CCSC(N)=N2)c(F)cc(F)c(-c2cncnc2)c1,BACE-1,
4X7I:3YS:B:401,4x7i,3YS,B,401,P56817,1.0,687.0,2,6,3,3,0,0,0,0,0,27,390.4,2.52,2,6,3,4,2,0.841,0.278,0,17.0,O=C(c1ncc(F)cc1)Nc1ccc(F)c([C@]23COC[C@H]2CSC(N)=N3)c1,BACE-1,
5KHM:XNH:A:201,5khm,XNH,A,201,O60885,1.0,558.0,1,14,2,10,0,0,1,0,1,35,495.7,0.52,4,10,7,5,0,0.401,1.0,0,22.0,C1(OC)N2C(CCC(N3CC[C@H](C4CCC(OCCN5[C@H](C)[C@H](O)N(C)CC5)CC4)CC3)N2)NN1,BRD4 bromodomain,
5ACC:KE9:A:1546,5acc,KE9,A,1546,P03372,1.0,557.0,1,14,1,11,2,0,0,0,0,32,442.5,3.8,1,3,5,4,2,0.717,0.36,0,22.0,C[C@@H]1CC2=c3ccccc3=NC2[C@@H](c2c(F)cc(C=CC(O)=O)cc2F)N1C[C@@](C)(C)F,Estrogen receptor alpha,
3PY0:SU9:A:301,3py0,SU9,A,301,P24941,1.0,460.0,6,11,3,7,1,0,0,0,0,18,241.2,1.73,1,4,2,3,1,0.857,0.154,0,6.0,N1=CN=CC1=CC1C(=O)Nc2c1cc(OC)cc2,CDK2,
3PY1:SU9:A:300,3py1,SU9,A,300,P24941,1.0,460.0,6,11,4,7,0,0,0,0,0,18,241.2,1.73,1,4,2,3,1,0.857,0.154,0,8.0,N1=CN=CC1=CC1C(=O)Nc2c1cc(OC)cc2,CDK2,
2WPA:889:A:1301,2wpa,889,A,1301,P24941,1.0,460.0,2,10,3,6,0,0,1,0,0,26,359.5,1.76,1,5,3,3,0,0.834,0.684,0,14.0,O=C([C@H]1CCN(C)CC1)N1C=C2C(=NN=C2NC(=O)C[C@@H](C)C)[C@@]1(C)C,CDK2,
2WPA:889:C:1300,2wpa,889,C,1300,P24941,1.0,460.0,2,10,3,6,0,0,1,0,0,26,359.5,1.76,1,5,3,3,0,0.834,0.684,0,14.0,O=C([C@H]1CCN(C)CC1)N1C=C2C(=NN=C2NC(=O)C[C@@H](C)C)[C@@]1(C)C,CDK2,
1PF8:SU9:A:500,1pf8,SU9,A,500,P24941,1.0,460.0,6,9,4,5,0,0,0,0,0,18,245.3,0.77,3,4,2,3,1,0.72,0.308,0,7.0,N1CNCC1=CC1C(=O)Nc2c1cc(OC)cc2,CDK2,
3W2O:03P:A:1101,3w2o,03P,A,1101,P00533,1.0,319.0,4,10,1,7,0,0,0,2,0,38,548.0,5.92,3,6,9,4,4,0.241,0.269,0,19.0,n1c(Nc2ccc(Oc3cc([C@@](F)(F)F)ccc3)c(Cl)c2)c2c(ccn2CCNC(=O)C[C@@](C)(O)C)nc1,EGFR kinase,
3POZ:03P:A:1023,3poz,03P,A,1023,P00533,1.0,319.0,4,9,1,5,0,0,0,3,0,38,548.0,5.92,3,6,9,4,4,0.241,0.269,0,20.0,n1c(Nc2ccc(Oc3cc([C@@](F)(F)F)ccc3)c(Cl)c2)c2c(ccn2CCNC(=O)C[C@@](C)(O)C)nc1,EGFR kinase,
4AA5:NQB:A:1353,4aa5,NQB,A,1353,Q16539,1.0,270.0,1,16,3,11,0,1,0,0,1,31,417.5,2.34,1,5,4,5,3,0.706,0.375,0,11.0,C1CN(C)CCN1c1cc2c(cc1)ncn(-c1c(C)ccc(C(=O)N[C@@H]3CC3)c1)c2=O,p38-alpha MAPK,
3HL7:I47:A:401,3hl7,I47,A,401,Q16539,1.0,270.0,1,11,1,5,0,0,0,0,5,28,397.9,2.3,1,6,4,4,2,0.856,0.35,0,13.0,C1(c2ccc(Cl)cc2)=NN=C([C@H]2CCN(C(=O)CO)CC2)[C@@H]1c1ccncn1,p38-alpha MAPK,
2BAQ:PQB:A:401,2baq,PQB,A,401,Q16539,1.0,270.0,2,8,3,5,0,0,0,0,0,27,371.4,1.56,3,6,7,3,3,0.544,0.158,0,17.0,Nc1c(C(=O)c2cccc(OC[C@@H](O)CO)c2)cnn1-c1ccc(F)cc1,p38-alpha MAPK,
2GFS:PQB:A:361,2gfs,PQB,A,361,Q16539,1.0,270.0,2,8,2,5,0,0,0,0,1,27,371.4,1.56,3,6,7,3,3,0.544,0.158,0,16.0,Nc1c(C(=O)c2cccc(OC[C@@H](O)CO)c2)cnn1-c1ccc(F)cc1,p38-alpha MAPK,
2WTV:ZZL:A:1390,2wtv,ZZL,A,1390,O14965,1.0,221.0,7,14,2,7,0,0,1,0,4,34,505.1,2.38,6,6,4,5,0,0.26,1.0,0,22.0,C1C2CNC(N[C@H]3CCC(C(O)O)CC3)NC2[C@H]2C(C(C3C(F)CCCC3F)N1)CC(Cl)CC2,,
2WTV:ZZL:D:1390,2wtv,ZZL,D,1390,O14965,1.0,221.0,7,13,2,7,0,0,1,0,3,34,505.1,2.38,6,6,4,5,0,0.26,1.0,0,26.0,C1C2CNC(N[C@H]3CCC(C(O)O)CC3)NC2[C@H]2[C@H](C(C3C(F)CCCC3F)N1)CC(Cl)CC2,,
2WTV:ZZL:B:1390,2wtv,ZZL,B,1390,O14965,1.0,221.0,7,12,2,8,0,0,0,0,2,34,505.1,2.38,6,6,4,5,0,0.26,1.0,0,18.0,C1C2CNC(N[C@@H]3CCC(C(O)O)CC3)NC2C2C(C(C3C(F)CCCC3F)N1)CC(Cl)CC2,,
2WTV:ZZL:C:1392,2wtv,ZZL,C,1392,O14965,1.0,221.0,7,12,2,7,0,0,0,0,3,34,505.1,2.38,6,6,4,5,0,0.26,1.0,0,18.0,C1C2CNC(N[C@H]3CCC(C(O)O)CC3)NC2C2C(C(C3C(F)CCCC3F)N1)CC(Cl)CC2,,
2WTW:ZZL:A:1390,2wtw,ZZL,A,1390,O14965,1.0,221.0,7,12,2,9,0,0,1,0,0,34,505.1,2.38,6,6,4,5,0,0.26,1.0,0,17.0,C1[C@@H]2CNC(N[C@H]3CCC(C(O)O)CC3)NC2C2C(C(C3C(F)CCCC3F)N1)CC(Cl)CC2,,
2X81:ZZL:A:1389,2x81,ZZL,A,1389,O14965,1.0,221.0,7,11,2,8,0,0,1,0,0,34,504.1,1.75,5,6,4,5,0,0.296,1.0,-1,18.0,C1C2CNC(NC3CCC(C([O-])O)CC3)NC2C2C(C(C3C(F)CCCC3F)N1)CC(Cl)CC2,,
3ANR:HRM:A:1,3anr,HRM,A,1,Q13627,1.0,207.0,5,11,2,9,0,0,0,0,0,16,212.3,2.79,0,3,1,3,1,0.717,0.231,0,5.0,Cc1nccc2c1N=C1CC(OC)=CC=C21,,
3ANR:HRM:C:1,3anr,HRM,C,1,Q13627,1.0,207.0,5,11,2,9,0,0,0,0,0,16,212.3,2.79,0,3,1,3,1,0.717,0.231,0,5.0,Cc1nccc2c1N=C1CC(OC)=CC=C21,,
3ANR:HRM:D:1,3anr,HRM,D,1,Q13627,1.0,207.0,5,10,2,8,0,0,0,0,0,16,212.3,2.79,0,3,1,3,1,0.717,0.231,0,6.0,Cc1nccc2c1N=C1CC(OC)=CC=C21,,
3ANR:HRM:B:1,3anr,HRM,B,1,Q13627,1.0,207.0,5,9,2,7,0,0,0,0,0,16,212.3,2.79,0,3,1,3,1,0.717,0.231,0,6.0,Cc1nccc2c1N=C1CC(OC)=CC=C21,,
4O12:2QG:A:601,4o12,2QG,A,601,P43490,1.0,204.0,1,13,3,8,1,0,0,0,1,26,390.0,1.83,5,6,13,2,0,0.188,1.0,0,7.0,C1CC(Cl)CCC1OCCCCCCNC(NCN)NC1CCNCC1,,
3Q4B:RX5:A:335,3q4b,RX5,A,335,P00797,1.0,199.0,2,9,6,3,0,0,0,0,0,36,525.1,3.58,3,6,11,3,1,0.382,0.692,0,31.0,CN[C@H](CNC(=O)N1C[C@H]([C@@H](OCCNC(=O)OC)c2cc(Cl)ccc2)CCC1)C[C@@H]1COCCC1,,
3Q4B:RX5:B:335,3q4b,RX5,B,335,P00797,1.0,199.0,2,7,4,3,0,0,0,0,0,36,523.1,4.06,2,6,10,3,1,0.355,0.654,0,32.0,CN[C@H](C=NC(=O)N1C[C@H]([C@@H](OCCNC(=O)OC)c2cc(Cl)ccc2)CCC1)C[C@@H]1COCCC1,,
5DWR:5H7:A:401,5dwr,5H7,A,401,P11309,1.0,169.0,1,13,1,11,0,0,0,0,1,32,460.6,2.57,5,5,5,4,0,0.408,1.0,0,33.0,[C@@H]1(C)C[C@H](N)C[C@H]([C@H]2C(NC([C@H]3CCC(F)C(C4C(F)CCCC4F)N3)O)CNCC2)C1,,
5C9C:4Z5:B:801,5c9c,4Z5,B,801,P15056,1.0,141.0,2,15,5,8,2,0,0,0,0,31,442.7,1.27,7,7,7,3,0,0.299,1.0,0,13.0,OC(NCC[C@](C)(C)C)NC1C[C@@H](C2CC3CNC(NC)NC3NC2C)C(C)CC1F,BRAF kinase,
5CSX:54J:A:801,5csx,54J,A,801,P15056,1.0,141.0,1,15,4,9,2,0,0,0,0,40,569.7,4.83,1,7,9,5,4,0.308,0.393,0,14.0,N1(CC)CC[C@H](N(C)c2nc3c(cc2)n(-c2c(F)ccc(N[S@@](=O)(=O)CCC)c2F)cc3-c2cncnc2)CC1,BRAF kinase,
5C9C:4Z5:A:900,5c9c,4Z5,A,900,P15056,1.0,141.0,2,12,5,5,2,0,0,0,0,31,442.7,1.27,7,7,7,3,0,0.299,1.0,0,11.0,OC(NCC[C@](C)(C)C)NC1CC(C2CC3CNC(NC)NC3NC2C)C(C)CC1F,BRAF kinase,
2YDJ:YDJ:A:1270,2ydj,YDJ,A,1270,O14757,1.0,141.0,6,10,4,5,0,0,0,0,1,25,362.4,2.53,4,4,4,3,2,0.673,0.294,0,14.0,c1cc(-c2cc(NC(=O)N)c(C(=O)N[C@H]3CCCNC3)s2)cc(F)c1,,
2YDJ:YDJ:B:1270,2ydj,YDJ,B,1270,O14757,1.0,141.0,6,10,3,4,0,0,0,0,3,25,362.4,2.53,4,4,4,3,2,0.673,0.294,0,15.0,c1cc(-c2cc(NC(=O)N)c(C(=O)N[C@H]3CCCNC3)s2)cc(F)c1,,
5NAD:8RH:A:901,5nad,8RH,A,901,P33981,1.0,119.0,2,8,3,5,0,0,0,0,0,40,561.5,6.04,2,6,9,5,4,0.242,0.296,0,23.0,c1(Oc2c(F)c(F)c(OC)cc2)nn2c(-c3ccc(C(=O)N[C@@H]4CC4)c(C)c3)cnc2c(NCC[C@](F)(F)F)c1,,
5HLN:65C:A:501,5hln,65C,A,501,P49841,1.0,111.0,3,9,3,6,0,0,0,0,0,32,491.6,-0.17,8,8,8,4,0,0.175,1.0,0,33.0,C1NC([C@H]2[C@H]([C@H]3CCC(Cl)CC3Cl)NC(NCCN[C@H]3CCC(CN)CN3)NC2)NC1C,,
5HLN:65C:B:501,5hln,65C,B,501,P49841,1.0,111.0,3,6,2,4,0,0,0,0,0,32,491.6,-0.17,8,8,8,4,0,0.175,1.0,0,24.0,C1NC(C2C([C@H]3CCC(Cl)CC3Cl)NC(NCCN[C@H]3CCC(CN)CN3)NC2)NC1C,,
3ORN:3OR:A:400,3orn,3OR,A,400,Q02750,1.0,110.0,1,9,1,5,1,0,0,2,0,32,565.3,3.16,3,6,8,3,2,0.259,0.3,0,17.0,c1(C(=O)NOCCO)cc(CN2C(=O)CCCO2)c(F)c(F)c1Nc1ccc(I)cc1F,,
3ZXZ:KRW:A:2345,3zxz,KRW,A,2345,P08581,1.0,101.0,1,16,4,5,1,0,0,0,6,28,374.4,1.28,2,8,5,5,3,0.7,0.211,0,7.0,OCCn1cc(C2N=C3N(Cc4cc5cccnc5cc4)NN=C3N=C2)cn1,,
3DKF:SX8:A:1,3dkf,SX8,A,1,P08581,1.0,101.0,2,12,2,7,1,0,0,0,2,26,359.4,3.22,0,6,3,5,5,0.492,0.056,0,7.0,c1cc(-c2cn(C)nc2)nn2c1nnc2Sc1cc2c(cc1)nccc2,,
3DKG:SX8:A:1,3dkg,SX8,A,1,P08581,1.0,101.0,2,8,2,5,0,0,0,0,1,26,359.4,3.22,0,6,3,5,5,0.492,0.056,0,12.0,c1cc(-c2cn(C)nc2)nn2c1nnc2Sc1cc2c(cc1)nccc2,,
4K4J:1O8:A:500,4k4j,1O8,A,500,P19793,1.0,89.0,1,17,1,14,0,0,1,0,1,22,294.4,4.94,1,1,4,2,1,0.631,0.25,0,6.0,C1CCc2c(cccc2)C1=CC(C)=CC=CC(C)=CC(=O)O,Retinoid X receptor alpha,
4RAK:652:A:503,4rak,652,A,503,P55055,1.0,63.0,2,13,1,12,0,0,0,0,0,35,509.1,6.15,1,4,6,4,4,0.339,0.25,0,20.0,C[S@@](=O)(=O)c1cc(-c2ccc(-n3cc([C@](C)(C)O)nc3[C@@](C)(C)c3ccccc3Cl)cc2)ccc1,,
4RAK:652:B:502,4rak,652,B,502,P55055,1.0,63.0,2,12,1,9,2,0,0,0,0,35,509.1,6.15,1,4,6,4,4,0.339,0.25,0,12.0,C[S@@](=O)(=O)c1cc(-c2ccc(-n3cc([C@](C)(C)O)nc3[C@@](C)(C)c3ccccc3Cl)cc2)ccc1,,
5JY3:6OX:C:501,5jy3,6OX,C,501,P55055,1.0,63.0,4,12,3,8,1,0,0,0,0,40,609.5,6.57,2,5,7,4,4,0.247,0.276,0,23.0,c1cc(Cl)c([C@@](c2nc([C@@](C)(C)O)cn2-c2ccc(-c3cc(F)c(CO)c([S@@](C)(=O)=O)c3)cc2F)(C)C)c(Cl)c1,,
5JY3:6OX:A:501,5jy3,6OX,A,501,P55055,1.0,63.0,4,9,1,7,1,0,0,0,0,40,609.5,6.57,2,5,7,4,4,0.247,0.276,0,23.0,c1cc(Cl)c([C@@](c2nc([C@@](C)(C)O)cn2-c2ccc(-c3cc(F)c(CO)c([S@@](C)(=O)=O)c3)cc2F)(C)C)c(Cl)c1,,
5IA1:ZZL:A:1001,5ia1,ZZL,A,1001,P29317,1.0,54.0,7,12,2,7,0,0,1,1,1,34,505.1,2.38,6,6,4,5,0,0.26,1.0,0,23.0,C1C2CNC(NC3CCC(C(O)O)CC3)NC2C2C([C@@H](C3C(F)CCCC3F)N1)CC(Cl)CC2,,
5JFX:6K4:A:4000,5jfx,6K4,A,4000,P04629,1.0,49.0,1,19,3,7,2,0,0,0,7,34,481.9,2.31,4,8,7,4,3,0.378,0.261,0,14.0,C([C@@](C)(C)n1cc(C(=O)c2cncc(NC(=O)Cc3ccc(Cl)cn3)c2)c2c1NC(N)=NC2)O,,
3BZ3:YAM:A:1,3bz3,YAM,A,1,Q05397,1.0,46.0,2,15,5,8,0,0,0,0,2,35,529.7,0.55,9,10,7,4,0,0.23,1.0,0,23.0,CN(C1C(CNC2C([C@](F)(F)F)CN[C@H](NC3CCC4C(C3)CC(O)N4)N2)CCCN1)[S@](C)(O)O,FAK,
5MAG:7KC:A:401,5mag,7KC,A,401,Q14680,1.0,41.0,4,9,2,5,0,0,1,0,1,35,488.6,4.17,2,8,5,5,3,0.562,0.32,0,23.0,c12c(ccs1)nc(C)nc2NC1=NN=C2C1=CN(C(N[C@H](CN(C)C)c1ccccc1)=O)[C@]2(C)C,,
2X4Z:7KC:A:1593,2x4z,7KC,A,1593,O96013,1.0,37.0,4,11,2,5,0,1,1,0,2,35,488.6,4.17,2,8,5,5,3,0.562,0.32,0,20.0,c12c(ccs1)nc(C)nc2NC1=NN=C2C1=CN(C(N[C@H](CN(C)C)c1ccccc1)=O)[C@]2(C)C,,
4O0R:7KC:A:601,4o0r,7KC,A,601,Q13153,1.0,37.0,4,10,3,7,0,0,0,0,0,35,488.6,4.17,2,8,5,5,3,0.562,0.32,0,23.0,c12c(ccs1)nc(C)nc2NC1=NN=C2C1=CN(C(N[C@H](CN(C)C)c1ccccc1)=O)[C@@]2(C)C,,
4CAW:P3U:A:1493,4caw,P3U,A,1493,Q9UVX3,1.0,20.0,1,17,4,9,1,0,0,1,2,35,537.5,4.51,2,6,7,4,3,0.461,0.417,0,14.0,C1CNCCN1c1cc(-c2cc(Cl)c([S@@](=O)(=O)Nc3c(C)n(C)nc3C[C@@H](C)C)c(Cl)c2)ccn1,,
3D0E:G93:A:1,3d0e,G93,A,1,P31751,1.0,16.0,3,13,7,6,0,0,0,0,0,31,425.5,1.58,3,9,5,4,3,0.52,0.524,0,16.0,C(c1ncc(OC[C@@H]2CNCCC2)c2c1nc(-c1nonc1N)n2CC)#C[C@@](C)(C)O,,
3D0E:G93:B:2,3d0e,G93,B,2,P31751,1.0,16.0,3,13,8,5,0,0,0,0,0,31,425.5,1.58,3,9,5,4,3,0.52,0.524,0,17.0,C(c1ncc(OC[C@@H]2CNCCC2)c2c1nc(-c1nonc1N)n2CC)#C[C@@](C)(C)O,,
4DJH:JDC:A:1300,4djh,JDC,A,1300,P41145,1.0,9.0,4,16,1,11,0,0,1,0,3,34,465.6,3.55,4,5,6,4,2,0.524,0.536,0,33.0,C1N[C@@H](C(=O)N[C@@H]([C@H](C)C)CN2C[C@H](C)[C@](C)(c3cc(O)ccc3)CC2)Cc2c1cc(O)cc2,,
4W9W:YDJ:A:401,4w9w,YDJ,A,401,Q9NSY1,1.0,8.0,6,8,4,3,0,0,0,0,1,25,362.4,2.53,4,4,4,3,2,0.673,0.294,0,16.0,c1cc(-c2cc(NC(=O)N)c(C(=O)N[C@H]3CCCNC3)s2)cc(F)c1,,
3RCD:03P:A:9001,3rcd,03P,A,9001,P04626,1.0,4.0,4,12,1,8,1,0,0,2,0,38,548.0,5.92,3,6,9,4,4,0.241,0.269,0,18.0,n1c(Nc2ccc(Oc3cc([C@@](F)(F)F)ccc3)c(Cl)c2)c2c(ccn2CCNC(=O)C[C@](C)(O)C)nc1,,
3RCD:03P:C:9001,3rcd,03P,C,9001,P04626,1.0,4.0,4,10,1,7,0,0,0,2,0,38,548.0,5.92,3,6,9,4,4,0.241,0.269,0,20.0,n1c(Nc2ccc(Oc3cc([C@@](F)(F)F)ccc3)c(Cl)c2)c2c(ccn2CCNC(=O)C[C@](C)(O)C)nc1,,
4KS7:7KC:A:702,4ks7,7KC,A,702,Q9NQU5,1.0,2.0,4,11,2,6,0,0,1,0,2,35,488.6,4.17,2,8,5,5,3,0.562,0.32,0,22.0,c12c(ccs1)nc(C)nc2NC1=NN=C2C1=CN(C(N[C@H](CN(C)C)c1ccccc1)=O)[C@]2(C)C,,
